X,W,Z,Y
0.4967141530112327,-0.6751782749743815,-1.1118506814705502,1.2179128253061127
-0.13826430117118466,-0.14451867071551783,0.03792866164650835,-0.4706796233315338
0.6476885381006925,-0.7924199209999613,-0.30582739700589967,0.44460243645939
1.5230298564080254,-0.3079615296390403,-0.28888458236060705,1.0799052428714058
-0.23415337472333597,-1.8936146669537857,-1.2497816759191585,0.8015425649910243
-0.23413695694918055,0.21329370737293857,0.7096357523219209,1.1223166457314369
1.5792128155073915,0.0012054753622242368,-3.493998039356471,16.23093492926039
0.7674347291529088,-0.8170886310681906,-1.0136019169402648,1.565082862086362
-0.4694743859349521,0.6592456684324051,-0.2535366494840686,0.12373528957714042
0.5425600435859647,0.9375701376265584,0.36204680427825614,-2.3639566609697074
-0.46341769281246226,-1.6075598643689741,0.2543396990831003,1.9024359868834642
-0.46572975357025687,-0.7627247785662142,-1.1726981770711582,-0.4292200135519942
0.24196227156603412,-0.7691423497872981,-1.105974261600032,1.7715649020810138
-1.913280244657798,-0.9399031011088645,1.1553201318763058,8.665436202353472
-1.7249178325130328,0.8294748419317485,0.78339157439196,3.7033865909884667
-0.5622875292409727,-0.19382613877280352,-0.29798034501526044,-1.1701353368073146
-1.0128311203344238,-0.26451484131061076,0.02558177065523254,2.520807055600905
0.3142473325952739,-2.0038623644067535,0.539044330861652,1.6900160983733514
-0.9080240755212111,0.6354180302092264,-0.0636805351086091,-0.9562286338928051
-1.4123037013352917,-1.2392583948534726,0.6180606066385725,4.821851665124619
1.465648768921554,0.059932630266328335,1.4371122036197659,-6.129386880448611
-0.22577630048653566,0.27737693795819207,-1.3107944866406551,-0.7659877346944892
0.06752820468792384,1.360658595838651,-1.8856068339186205,1.5135203354874496
-1.4247481862134568,-1.308820399119112,1.495963757905335,7.427813923014145
-0.5443827245251827,-3.0195121558208253,-0.4064516990315121,2.037955411883437
0.11092258970986608,0.18384954475369486,-0.37369882259755344,0.05708389078091429
-1.1509935774223028,1.8005111815108537,-0.20565958941996276,-1.43913384560287
0.37569801834567196,1.2389463529394373,-0.4476491499403485,-2.240937687489696
-0.600638689918805,0.20965941527462578,1.8988574570557435,1.2463664592944146
-0.2916937497932768,-0.49163618563204736,0.9479753335147576,0.7340763542452552
-0.6017066122293969,0.8071225966373103,1.1630768180016755,-0.34155251992959235
1.8522781845089378,-0.9735461997044687,-2.3423661480471143,13.564856000658539
-0.013497224737933914,0.4763577693562191,-1.1444051241839022,-0.0201969526839888
-1.0577109289559,0.5054701591666267,-2.310223195007477,-8.726863987779366
0.822544912103189,1.0602099074988798,-1.2206532771343486,0.525089943366605
-1.2208436499710222,2.7596600389110777,1.5671250113711697,3.0493209793340452
0.2088635950047554,0.39241596717876703,0.41251471824599323,0.21164959630070745
-1.9596701238797756,-0.5089636257074988,0.7583217989877639,3.272171908480143
-1.3281860488984305,-0.025574312191994436,0.6417927407311622,3.4030672040682295
0.19686123586912352,-1.7690759048891183,-0.7873161605099676,3.0513582057606206
0.7384665799954104,-0.6947131310890582,-0.16447440759592105,2.013174793068079
0.1713682811899705,-0.409282438113104,0.6801941388856296,1.2780715516158232
-0.11564828238824053,-0.5240883979345925,-1.5580626462163525,2.185540515929614
-0.3011036955892888,0.152354872033722,0.45019953563199255,-0.10177668885865321
-1.4785219903674274,-0.8224199323822006,1.671695866138381,8.346908810335817
-0.7198442083947086,1.1210306673244714,-0.05517818476601527,-1.6566281907731446
-0.4606387709597875,0.0002070649181973595,0.9310199976004774,1.288361502138618
1.0571222262189157,-0.009300321138626349,2.2860933313630953,-5.707866538609379
0.3436182895684614,-0.32789471651291785,-0.27615193777112274,-0.7324471978639628
-1.763040155362734,0.15519068385897913,1.274827127686691,5.72647389574756
0.324083969394795,0.8250982646676346,-0.9000990683587891,1.4272057086037466
-0.38508228041631654,-0.8671302157109002,0.3737923028102087,2.3189890997176543
-0.6769220003059587,-0.6581164890752567,0.7987326251352832,1.9170239012067947
0.6116762888408679,-0.30372602877666466,-0.11099580415029589,1.3618085345760669
1.030999522495951,-1.345870923473215,-1.5351950809568322,6.4354429521791285
0.9312801191161986,-0.8192578597214978,-0.2592782882326486,3.043914614171121
-0.8392175232226385,-0.47622087354465886,1.8818047003289562,5.2884609067677895
-0.3092123758512146,0.8743891807127272,0.6032419524401346,0.7108325651412734
0.33126343140356396,0.2625613290019253,0.7963554733700591,1.588040241313969
0.9755451271223592,0.19358991136754458,-0.7247845335738073,2.5256893035046604
-0.47917423784528995,0.8508979621679722,0.9894873583463552,0.6208407560063636
-0.18565897666381712,-0.13737178839939665,0.37209732654843447,1.06706840021935
-1.1063349740060282,0.3904648499288896,-0.3977432426842179,-2.0758574883011276
-1.1962066240806708,-0.10322175293249623,0.9166243168392099,5.780605697246676
0.812525822394198,0.26536234939962844,-1.3979595746374094,3.3223434474646654
1.356240028570823,-0.5827586576115821,-1.3110002891702033,5.64391854630773
-0.07201012158033385,-2.438817158276429,0.22533336808254106,1.6518070029515823
1.0035328978920242,-0.13427916218630415,-0.20452217556588803,1.8472335483791935
0.36163602504763415,1.42274813609994,-1.3700504776009461,0.9308181032304552
-0.6451197546051243,0.9262154022415922,1.3765456484854384,1.2405405992053478
0.36139560550841393,0.9653974845911707,0.3913084755462659,-0.8131976298505994
1.5380365664659692,1.2361307218062179,-1.4737467188438684,4.05534233985426
-0.03582603910995153,0.08865759096143765,-1.5196717768941996,-0.06701847742818481
1.564643655814006,0.19731570740559606,-0.9272264069884343,4.607777390264107
-2.6197451040897444,-0.6176518954343502,0.863928838183712,9.114801737334734
0.8219025043752238,-0.31607285602704976,-0.2978107951345891,0.2795683683516469
0.08704706823817134,0.6157711497711416,-0.40664019527465217,-1.787933268094098
-0.29900735046586785,1.2038844371688162,-1.8579531855120759,-3.7659373759626122
0.0917607765355023,-0.13944627568099954,-0.43422732656890933,-1.0775871145972256
-1.9875689146008928,-0.4501892648514116,0.6881653462321337,5.890174773440044
-0.21967188783751193,0.0005279588565972929,0.7434969686928147,2.038087484310094
0.3571125715117464,0.6012067489291151,-0.8767559603669229,0.6583115558043617
1.477894044741516,-1.4438548161335418,0.9397276510018081,-1.5013039354648277
-0.5182702182736474,-2.296180953137238,-1.6525054415149334,-0.13919373389952996
-0.8084936028931876,-0.5505368494915835,1.7154142992492183,4.616129663554298
-0.5017570435845365,-1.2207124259141586,0.026559550914163482,0.927654132097268
0.9154021177020741,-0.5081401976473109,0.4018838134925191,-0.9059066755539666
0.32875110965968446,-0.14778031881747153,-0.08457407077110914,-1.3166097786482434
-0.5297602037670388,-0.4532484090230134,1.4044356379089886,2.949545501779423
0.5132674331133561,1.4524675344707454,-0.6439956811094893,-0.5011754141473239
0.09707754934804039,0.32674476460232005,-1.1471591998518325,0.7527061709765801
0.9686449905328892,0.30047435961082836,0.9361817920046185,-2.9274342723323494
-0.7020530938773524,0.6222071440434019,0.23754590105653478,-0.2846013412886227
-0.3276621465977682,-1.1388331177807691,0.3853895469230951,0.6464727864366268
-0.39210815313215763,1.0391117874202687,1.4308059906108739,0.7161335328080639
-1.4635149481321186,-0.07576428653545988,-0.3001977680283756,-0.5040302453646557
0.29612027706457605,0.6704806172412126,0.4474307591069693,-2.2112995693869815
0.26105527217988933,-1.0718572330401555,-0.7204223925528356,1.7235411780379974
0.0051134566424609,-1.5537587660160643,-0.1347260839656023,1.788868465512448
-0.23458713337514742,0.8178896580250286,0.1895725320718626,-1.4025406110470735
-1.4153707420504142,0.3764095260975166,-0.7925364904217289,-4.3294647126562165
-0.42064532276535904,-0.9020515543575104,-0.5685143814377552,0.4152336566938257
-0.3427145165267695,-0.8696630812746944,1.5224301506765239,1.3015188020867166
-0.8022772692216189,1.1254347844147694,1.2873298231956052,2.322875296257382
-0.16128571166600914,-1.1894118928673278,0.0180032785057697,0.30276853396650116
0.4040508568145384,1.6426729532559634,0.04109803010562388,-0.6296363430554481
1.8861859012105302,-0.9006207346478687,-1.2373354562417227,10.239982557929277
0.17457781283183896,0.638391925608383,1.2692944794120626,-2.1639206894760594
0.257550390722764,-0.3286184757489846,-0.32912777315554587,1.1171272978454314
-0.0744459157661671,0.6031874310823431,0.2690650500179316,-1.2698369538165988
-1.9187712152990415,-0.5441140021141926,2.1054157517915857,13.70450159823664
-0.026513875449216878,-0.1627929060722942,-0.7641145471212981,-1.1632444168068476
0.06023020994102644,0.04091917539572113,1.5286740795263807,0.16345050080815376
2.463242112485286,-1.0021874557814727,-2.76208246598602,20.54023203401404
-0.19236096478112252,0.7408243454201257,1.7258226135033599,0.0481337744052594
0.30154734233361247,-0.5132135664715851,-0.5234492551187808,-0.044277513492989584
-0.03471176970524331,-0.22859991534001858,-0.2253428629726601,1.0274842375430908
-1.168678037619532,-0.9943493746085122,-1.305671152373177,-4.420358580226827
1.1428228145150205,-2.5623336587953105,-1.0262061246352032,6.632613233011603
0.7519330326867741,-0.19102776260016902,-1.4157730473702714,3.0406292976538083
0.7910319470430469,2.412615421612916,-1.003162318894996,-0.14648746646459898
-0.9093874547947389,0.7846042878980238,0.3173827616084899,0.2290233248267147
1.4027943109360992,-0.01926037973439464,0.256394459004856,-1.821570357267107
-1.4018510627922809,-0.2628908292082677,0.9085288827967662,4.294124482527545
0.5868570938002703,0.02246589281204638,0.014248106500978686,1.4827838644224014
2.1904556258099785,0.54711911517521,-2.1907472017505514,13.070989697397966
-0.9905363251306883,-1.1808128153088449,-0.3854859270373859,1.207109517911063
-0.5662977296027719,1.114321694668872,2.0818738831526975,3.920657298864949
0.09965136508764122,0.7153813154412441,-0.7850267173070672,-1.2968493524395308
-0.5034756541161992,0.7181857257079345,1.9079460791153953,0.7085728698046976
-1.5506634310661327,0.4384757388097273,0.5322705166521998,2.3396024381837677
0.06856297480602733,0.019616657693989903,-0.03199355125950962,-0.5604434613139796
-1.0623037137261049,0.6728612359668197,1.6015170170929822,6.29963440775647
0.4735924306351816,0.5918141337413779,1.0350962066210656,-2.0276477785463256
-0.9194242342338034,-0.3540407109410238,0.34889955683781426,0.5142014265162066
1.5499344050175399,-0.573601772896901,-1.1632102560303086,4.8351410501571
-0.7832532923362371,0.1018562952619867,0.3357061976459054,1.776877617520348
-0.3220615162056756,1.5490201514951873,0.49898828633495607,-1.6380893533816505
0.8135172173696698,-1.2391070756539009,0.4845450781849206,0.10037858402883201
-1.2308643164339552,-1.46752526575244,0.6196620172111292,4.711487606568907
0.22745993460412942,0.16476084123651674,0.5051563307210889,-0.9937276710193895
1.307142754282428,0.05088770185601806,0.9847883551297268,-3.9585934193247776
-1.6074832345612275,0.1733416643704082,1.1850512295453983,5.524939876578261
0.1846338585323042,0.24395319790850026,0.21933592673862623,0.3178807982020575
0.2598827942484235,-0.22320225463480511,-1.6488522222142796,2.099471558580439
0.78182287177731,1.4898634386020821,-3.0216415727177184,5.377188305734711
-1.236950710878082,-1.6009039784765156,1.0068510846692094,5.400828534762873
-1.3204566130842763,-0.828497024780246,0.5654040752612659,2.6964926639873723
0.5219415656168976,-0.10325476014904737,-0.7757534577231908,-0.1596637240001051
0.29698467323318606,-1.643188811154167,0.0950378675697516,1.816115298417352
0.25049285034587665,-0.17585440443207115,-0.1856501543698466,2.2075582742709035
0.34644820949697586,1.661470165728018,0.9545561458854106,-3.5373021092380847
-0.6800247215784908,0.020886488295961788,0.4261232290482233,0.07540679267627182
0.23225369716100355,0.23070090571868349,-0.8630501336506694,-0.5000889242354263
0.29307247329868125,-1.2601647651725802,0.8436300023099483,1.2430223499178565
-0.7143514180263678,-0.6163614080394775,0.14004463406698142,1.3649701110341135
1.8657745111447566,-0.375196380323937,-0.4063505719000712,2.491134306828223
0.4738329209117875,-0.31771509675623405,-0.7143271666486942,0.4151112186966447
-1.1913034972026486,1.2816437950037687,-0.054175136896112086,-1.3828840935011562
0.6565536086338297,0.5576910607251245,-0.24410857413121873,-1.6415020923279977
-0.9746816702273214,-1.111457956937032,0.5001694786573458,2.717402592357937
0.787084603742452,0.24650477843200488,0.08628473349560667,0.4212794518386913
1.158595579007404,0.49822174849678513,-0.8479435428134445,1.1978500347241336
-0.8206823183517105,1.1401490385212665,-1.426018624594542,-6.183592127885829
0.9633761292443218,1.5805406865683735,-0.9144619482105496,2.6418096411513883
0.4127809269364983,-1.0150941918278686,0.5874280036755667,-0.32410267527368775
0.82206015999449,-0.8108575112103382,-0.7084061592403514,3.6938627989727766
1.8967929826539474,-1.2575778589146163,-1.1947798938415217,7.902330549080665
-0.2453881160028705,-0.23401985910698123,1.1090705639073724,0.8885232507400678
-0.7537361643574896,0.4663583744463342,-0.33510514508017797,-0.7856882750772695
-0.8895144296255233,0.9873345165891019,-1.098046003430138,-4.801516666666776
-0.8158102849654383,-0.07595102364252276,0.24727402295722478,0.81363424053802
-0.07710170941410412,-0.31984752325484395,-0.44562309654168497,-0.16471679906255948
0.3411519748166435,0.15175799224874037,-1.1368223071615757,-0.30876391034241846
0.27669079933001905,-0.835142901630023,-0.31372385556370036,1.4330384894508692
0.8271832490360238,2.0895387216947734,0.07791402272877207,-2.5461940519714465
0.01300189187790702,-1.6076610271180587,-0.015789507506769256,1.4512520790815762
1.4535340771573169,0.18474057889572446,-0.4197859658924207,0.43561809730121537
-0.2646568332379561,2.0236062192296393,1.945736115134401,1.112651224177746
2.720169166589619,0.006799844559997769,-1.7029634448523736,14.76696030537612
0.6256673477650062,-0.19003903500149447,-0.034485039237833526,1.2189234082859954
-0.8571575564162826,-0.3574454228104272,-0.08063458439099325,-0.15534890958893366
-1.0708924980611123,-0.18039168176240783,-0.31091347085641674,-2.5476559181998493
0.4824724152431853,1.3728484746765302,-0.8261438610393625,1.7758437797349558
-0.22346278532585084,-2.211861911329507,-0.3670271788587633,1.9047136562894331
0.7140004940920919,1.5334337012963255,0.0024755505010797263,-2.287536130159142
0.47323762457354485,-1.423957152450145,2.112456974413985,-1.1583236348232164
-0.07282891265687277,-0.2666523292344148,-0.6796289799474039,1.2852831983787052
-0.846793718068405,-0.42924442029866183,0.006771553418739973,0.4233961909028566
-1.5148472246858646,0.5885532697707198,0.6943005992316841,3.8452999057002035
-0.4465149520670211,-1.5981243518837476,0.6190563247432573,3.510378005909182
0.8563987943234723,0.46217266608194285,-0.16464858520695136,-1.1155393039091055
0.21409374413020396,2.0243096232868525,1.1770489218830156,-3.454096161077393
-1.245738778711988,-1.3631740045928105,-1.8035226811792147,-4.419443258822117
0.173180925851182,0.18970616761039566,-2.4735203331212636,-1.61721910721584
0.3853173797288368,-0.6619821777966091,-0.6885368618745676,1.3084421430242934
-0.883857436201133,0.42588720619303577,1.5392289056442752,2.2246583349905666
0.1537251059455279,0.01914777741575206,-1.6425105845783603,0.26178376204360154
0.058208718445999896,-0.6414869090443096,-3.0367366989167572,0.8729604745207475
-1.142970297830623,0.487872284871074,1.1426645551345203,3.071978277929215
0.3577873603482833,1.804348109786743,0.06476354352857278,-2.426124093757019
0.5607845263682344,-0.19090379172729868,-1.370600669983547,1.399595084768609
1.083051243175277,0.7197579421481819,-1.5270652223085683,6.533822986963581
1.053802052034903,-1.2932729578711637,-1.496644745652126,7.892236874438912
-1.377669367957091,-0.9564363768180087,0.7993700014524856,3.0981732505564397
-0.9378250399151228,0.47240627788037737,-0.15740275622544558,0.6668617350035537
0.5150352672086598,1.484116028535965,0.23654628537118977,-2.2490705568889178
0.5137859509122088,0.35561334878566,-3.1115196383604955,4.569539353077229
0.5150476863060478,-0.31305803052315434,-1.1143757082808232,1.9716539613033421
3.8527314906547208,-0.0007085945766459172,-3.052419706238411,34.621420528081956
0.570890510693167,-1.2504077339697175,-0.5417859337190757,3.1621614227376367
1.135565640180599,0.6045153263553668,-1.1058305785804379,3.288600830912222
0.9540017634932023,0.8823330623234091,0.32084289814916545,-2.277138557458372
0.651391251305798,-0.45209033283308037,-2.1850323973129564,3.41743385132079
-0.31526924464034556,-0.4700421477595015,0.2031260986509248,-0.23143463089436678
0.7589692204932672,0.2658782296520485,0.1788518129650719,-2.31448740846387
-0.7728252145375718,-0.4367197360405955,2.2430600438307406,5.649423363238207
-0.23681860674000887,-0.06613261462582246,-0.36335666772347075,-1.3886818370584675
-0.48536354782910346,2.0997217891665154,0.5671403782670688,-1.5394745033465238
0.08187413938632256,-0.24702570074599667,-1.8447998622555262,2.0702517575429003
2.3146585666735087,-0.3583401520212223,-3.549285487649778,26.20379190361837
-1.8672651925917483,-0.6475418056351594,1.778406972077574,10.577537223201357
0.6862601903745136,0.7441919714999368,-0.3486903888353274,-0.1133996997714019
-1.6127158711896519,-0.181224173218103,1.9848706253932487,11.664195802128576
-0.4719318657894335,-0.649373038321426,-1.1374369560750321,-0.44024907601489427
1.0889505969673663,1.321304032273012,-0.02457315895493062,-1.568833623809498
0.06428001909546277,1.4196030045136372,1.8366778309961218,-3.199806179780021
-1.0777447779293061,-0.6004235657387051,0.958577997321919,4.09360407645834
-0.7153037092599682,-1.8665399513606162,0.6342333602210328,4.056872149251034
0.6795977489346758,1.0075136898369221,-0.3312427936429881,-0.9638296436187419
-0.7303666317171367,-0.684629825760004,-1.205698141267344,-1.6659724900170905
0.21645858958197486,0.7906255991627686,1.2473436409193606,-1.9641936297901483
0.04557183990381377,-1.9701038177118357,-0.6336435597569727,1.8727003270968152
-0.6516003476058169,0.8925973382993093,0.8302834301859254,-1.7573804807001439
2.1439440893253257,-1.2111719292807812,-2.6350063512339164,17.93730940175259
0.6339190223180112,0.7307641190665245,-1.496419175666786,3.08443092579137
-2.025142586657607,0.014273067836434108,2.4476586925510393,14.224897944260373
0.18645431476942764,-0.953939419396645,-0.44052944634255675,1.2528816357726316
-0.661786464768388,-0.4070363129267805,1.7841687084267386,3.1933017125351966
0.852433334796224,0.6863184569567008,-0.5044473264566298,0.9641463694974653
-0.7925207384327007,0.10589445311523427,-1.445637403741507,-3.759510518808862
-0.11473644146689901,0.5844129804724844,0.94943582046517,-1.1968498588303536
0.5049872789804571,1.9764405845154855,-0.8423859572458363,0.63229346035241
0.8657551941701215,-1.5642416117110514,0.26581121643198274,1.8027913013592642
-1.2002964070557762,1.617212574968624,0.6253590710679702,0.02972939947106845
-0.3345012358409484,0.10435593752321293,-1.3758676100223959,-0.987255875823506
-0.4749453111609562,-0.8987840483231282,0.4017674209510471,2.0086487094172987
-0.6533292325737119,-1.3303136257389898,2.522887758439655,6.917443830023141
1.7654542402810969,-0.1891203907770335,-0.3897406616260892,0.5590724058151739
0.40498171096095553,0.9216501119244593,-0.2600086084859409,0.40085262249580933
-1.2608839543350452,-0.12754912037753421,1.7057853791244204,6.0102423996837135
0.9178619470547761,1.5111549302473475,-0.24826250832427724,-1.1853707358749435
2.1221561970126332,-1.4511756900515589,-0.8515438682435224,9.510384733375059
1.0324652605511468,-0.01208894784605456,-1.6078578024346761,5.294134303326803
-1.5193699659540134,-1.252393444413119,0.9935330087666051,5.394703610077659
-0.48423407286625136,0.3636318826249679,1.2775604528500706,-0.7130113511315472
1.2669111491866227,0.8868873900973003,-1.4695177266933364,6.088121919474561
-0.7076694656187807,-0.42076179368105326,1.7783305540563386,2.8509628215202487
0.44381942814622843,-2.6042138566271342,-0.3136157382182402,2.018341225908661
0.7746340534293368,0.19894814679649453,-1.275086538253209,2.4328759149164494
-0.926930471578083,0.4367385517335093,1.461097312709286,5.0426801032400475
-0.05952535606180008,0.4042947549616974,-0.25703155770736924,0.323045546729111
-3.2412673400690726,1.235782191822154,2.380148557520644,21.75047365035012
-1.0243876413342898,-1.0710536796490489,0.22043518840860776,2.0567789914507904
-0.2525681513931603,0.6802161054504494,0.06645793216667645,-1.2302463271033066
-1.2477831819648495,1.192507512477975,1.1174517953167165,3.130158847645254
1.6324113039316352,-1.7785875840065168,-0.5253085943758118,4.424483391319193
-1.4301413779606327,0.31965182591897723,-1.2804610914714223,-4.844603099583371
-0.44004448669698376,-0.5041798310076715,-0.9012214967459001,0.28162530063910984
0.13074057728609134,-0.08152267310164589,0.8640396961477701,0.23660490928991545
1.4412732890661155,0.34767648353833636,-0.852773233434605,2.9772138078550796
-1.4358621511794394,-0.4872285641135523,0.19419977281829792,2.065583169175998
1.1631637521549596,-0.6757080791616118,-1.9401558913349541,7.353896631950711
0.010233061019587049,0.0341524174880246,-1.084852851785642,-1.082762689912371
-0.9815086510479509,-1.0872459388628024,-1.531044314437972,-3.824241572324082
0.46210347426327075,-1.0858251288851855,-0.3323324558331683,1.6310680600223662
0.19905969557347003,0.6793732829565033,-0.6979674283677819,0.6476540521415073
-0.6002168771587947,-1.148794035158656,-0.6664794524059179,-0.23483078383924777
0.06980208499001886,0.6663125009092119,-0.10302446766296253,-1.8539372442052333
-0.3853135968617599,0.4625912928539512,0.5566274292836181,0.23757874111042557
0.11351734525124799,-1.7258067287905967,2.036439259584321,1.1457492333068615
0.6621306745210463,-0.6775646523356551,-1.8429487568237368,4.524220991628683
1.586016816145352,1.1941094030473725,0.366372635227846,-2.0174573684334947
-1.237815498826849,-0.9811655311396816,1.5920093104284965,7.911930167404692
2.1330333746562666,-0.46440426230938764,-1.8456094267048337,11.68043290115261
-1.9520877995225019,0.4620608932518965,1.179279854347282,5.827969096381167
-0.15178509503558324,0.7833905092825955,-0.3817407018198236,-1.997416866352085
0.5883172064845762,-0.2515388860444957,-0.10847002282354917,1.141798898769578
0.2809918677350327,-0.5975101946916416,1.3686350795370341,0.8926043212889682
-0.6226995198205939,1.4223698616985077,0.91695599254161,-0.0244876208506013
-0.20812225035727533,1.7388996637975789,0.6126694984120796,-1.5977997643182167
-0.4930009346588331,0.9788580507817954,-0.18380885262522584,0.21607069768876874
-0.5893647569442118,0.08531814256502405,-1.1893742864522294,-1.6826861511018572
0.849602097021025,-0.8082657216409264,-0.6332692590509204,2.8585820978478194
0.35701548596504734,-0.8304444065565653,1.0281004118813915,-1.4616154039232625
-0.6929095952606542,0.5225141052657575,-1.1807130589593204,-2.2981682593937536
0.8995998754332507,0.4183982208886837,-1.5048893058933204,2.713860134968945
0.30729952087660933,1.4015985929464294,-0.027382024204236494,-2.5103753301256067
0.8128621188389601,0.6504500925361393,-1.3910858442667424,2.3950612912697924
0.6296288419236122,-1.5030803017598182,-1.1073378680770187,3.0089231567976134
-0.8289950109220725,1.0519476177229186,-0.009101076267140795,-1.2961815525664009
-0.5601810401969697,-0.9980606273144129,-1.0855268840916643,-2.2671957444872377
0.7472936051232618,-0.3839712719523516,-1.3477686487779992,4.364324255672279
0.6103702654334648,0.2502002062516945,0.39824278407057634,0.14825942680437532
-0.020901593964148132,1.9956674897839644,-1.29691898524889,-4.02433298602698
0.117327383308782,3.109918556005361,-1.6565358261492287,-1.5483897088207899
1.277664895788425,0.6067230591361827,-1.2688574274281068,3.446272089398094
-0.5915713888358299,-0.18319661872038787,1.0277411969277608,2.8641190173942346
0.5470973811700377,0.5345056484805503,-0.4704704985819085,0.16922739192880634
-0.20219265243389398,0.8876554258738361,-0.3634847518986715,-1.0793617001098423
-0.21768120322722037,-0.3206676255571917,0.15319939912921723,0.23561586474437857
1.0987768519871903,1.7952113559123222,-2.295095858853247,6.9823124567199875
0.8254163489880298,0.23007075919140207,0.08199747928101775,-1.6727049516395083
0.8135096360006385,0.49774308909139425,-0.02331978659667494,0.1670098629612351
1.305478807154329,0.6659242520544614,-1.0620478776728857,4.5948489022906465
0.02100384163275905,0.4215866106144557,0.995422590980037,0.23203037455010883
0.6819529712949639,0.8389405004696124,-1.4684725846005207,4.490046140854366
-0.31026675659345604,-0.6172531865469234,1.2830423715502972,1.2825626094008844
0.3241663524884421,-0.5583017539460305,-0.007589510648969927,1.522987368492308
-0.13014305436768459,-1.100154232971695,-0.2714810626943311,0.8880694735241992
0.09699596499271819,0.4395012306202264,-0.06837161786467066,0.8138001588911344
0.5951570254369136,0.7789365035121141,-0.40484327852939855,-0.06378953498042925
-0.8182206832334725,0.4577728661518858,1.6293932380344536,3.1539610974272967
2.0923872756854602,1.6744924333475373,-2.122872765313744,12.957195656649144
-1.006017381499702,-0.005596018829046555,-0.25951054839674725,-1.2691822872988254
-1.2141886127877322,0.6687416555925126,1.6433971984663458,3.9047150795022247
1.1581108735000678,-1.0917008761393143,-1.1745903719338933,4.655771637900878
0.7916626939629359,-0.387099702474401,0.5047017303501237,-0.19252794542726903
0.6241198170521551,0.6955377575657775,1.387376074482632,-1.9011657113445983
0.6283455092642799,0.849102110743144,-0.7159677815737736,0.6116526855427364
-0.012246772846914623,-0.29396694766418224,0.6874857129987627,1.6374224589859923
-0.8972543714858315,-0.07159925185806683,-0.7050650955969426,-3.1844438872388237
0.07580455819372633,-1.5178737466808094,0.716831018970946,0.9115931057849528
-0.6771617115121117,-0.3570292008066094,0.5380048417428229,1.1614029219616266
0.9751197334177512,0.8903831635197862,-0.014521584548660371,-0.9624617400306275
-0.14705738150213865,0.5752050161065663,-0.5720433812843257,-0.7434802331282766
-0.8254971967925115,0.5006657213812097,-1.2483348171709168,-2.9012454406882697
-0.32138584165299344,0.04977368718096008,0.6639449855760016,0.14556702865043325
0.4129314542756245,0.007063158628176452,-2.269868879617267,2.9438663007509707
-0.5637245528039749,-0.6603211394734471,-0.035488215840547344,0.5551815133358249
-0.8222203955664315,0.6988284202025348,1.3522920642031855,1.7109280237577835
0.2436872114919123,0.4209729443893898,0.07005413012707992,-0.5858535203433042
0.24496657110872277,0.49201884799279927,1.8258593592354513,-1.977501897565952
-0.5069431753711298,-0.5260348426675804,1.2785807402673381,2.3054576189830165
-0.4710383056183228,-2.1533429198712444,-0.4183792355164151,1.593884437842071
0.2320499373576363,1.0971527117536957,-0.08871158882737948,-0.95972261524944
-1.4480843414973241,-0.47883745600840416,0.6766714682042261,2.9861743492347066
-1.4074637743765552,-0.8627757640431206,-0.8784448761578496,-1.573647524922233
-0.718444221252436,0.6934789119139937,-0.5811768058581352,-3.115588894201189
-0.21344715171184725,-0.3920126399191296,-0.4540373311239366,-0.619696393848526
0.3109075655980046,1.0599363840466218,-2.1916742856549387,3.7642515903871026
1.475356216949552,0.6170059495766975,-0.6901846402231331,1.3998072948229403
0.8576596232020194,0.6835693232004776,-0.6779016562540504,-0.29309736069761505
-0.1599385299634271,-1.3659557112005343,-1.5929246363298606,1.3361223821703783
-0.01901620790268883,1.2119439853864005,0.41372096922867635,-3.2654616272666113
-1.0025293646378088,0.26125053123385605,1.2171374270098636,3.164123592924993
-0.018513135992389903,-0.36927713924620315,0.23629104686108385,2.528225529175662
-0.2886586389201379,0.14338846734225108,-0.17973885574890125,-1.843973909880274
0.3227185603380895,-1.77623523289832,0.4300828715828101,-0.6221164282702212
-0.827230943552323,0.40865281148067084,1.0938358322528525,0.8067305293792337
0.5193465142411723,-1.0293715081820716,0.047730312599102265,1.8533653621131014
1.5327389130025777,-1.3526702858435344,-1.59098170693605,9.793125722117786
-0.1087601484568576,-1.5223591862178911,0.3309808397396094,1.117762965038748
0.40171172209894146,1.1126883749899252,0.994624789776008,-1.6281332824185093
0.6901439917111125,-0.6292633936927887,-0.9417010544672865,3.9692466953906287
-0.40122047188583626,1.5337277099164992,2.2985495750753495,3.0202941400074867
0.22409248181041677,-0.5358014630522978,-0.6376771748905928,0.718162164017714
0.01259240078179486,-1.7073579575929467,0.026110812949238785,-0.5951001535412259
0.09767609854883172,-1.1165244399486591,-0.721323645280752,0.5070137559251081
-0.7730097838554665,1.2358116200069387,0.609775727847994,-0.24852800418993332
0.024510174258942696,-0.15589817793666752,-1.7544767797647465,0.02596697617418464
0.4979982912454495,-0.5482872964906009,-0.795040944439446,1.5482149908849185
1.4511436077950417,0.1600182258527877,-1.8176930042460882,8.87207712421431
0.9592708260852069,0.501782736167545,-0.34429706515031255,1.7634680808363943
2.1531824575115563,1.1173988159024606,-0.08214385324687079,-0.7584603584165464
-0.7673475628880495,1.448499229892926,1.0296799685585762,2.0203528894430933
0.8723206367206782,-0.3597686457890858,-2.8078196792192314,8.065387163540287
0.18334200573835174,-1.3260476860820385,1.9503986500587045,0.3177836574712008
2.1898029332176723,-0.413465161123276,-0.7996215259879678,6.5730500074505676
-0.8082982853551515,0.26028050658288615,-0.37234999781542455,-1.0909380527035764
-0.8397218421807761,-0.9637589262106109,0.5769888400813286,4.4751004984409
-0.5993926454440222,-0.9571509148950429,0.47588614522470307,0.37446771464966244
-2.123895724309807,0.34378788154988543,0.3950991452033398,1.6584893748855958
-0.525755021680761,-0.04865235157045115,0.46079417818245605,0.6489280140385578
-0.759132661553698,0.03279699541158651,-0.22790595684345827,-0.11237687176114602
0.15039378647620763,-0.7584953347000695,-0.47955888592812657,2.2428238518822865
0.34175597577715944,-0.23040071420576733,-0.8571571236436641,1.0848178545251619
1.8761708392158862,-0.9242331442683044,-2.370756709347596,12.845837309622214
0.9504238381860503,0.8901984111247868,-0.32937544887764125,0.8914543203098404
-0.5769036556624031,1.0352493347237526,0.8737512643475396,1.2319203270434387
-0.898414671348358,-1.8461878622380938,0.964090931750551,2.5027895156544986
0.4919191715065057,-0.92951086019241,0.5739656668819813,0.07867258054432087
-1.3202332070206422,-1.496529255090079,0.9844568135251892,3.805525152690829
1.8314587658543537,-0.6500239344068982,-1.4484548811440803,7.943729003952392
1.179440120721287,-0.08343796979036086,0.24994380407054528,-1.7037522085119439
-0.4691756521047048,-1.44964521969853,-1.1229297137895826,0.6783560757355851
-1.713134529090878,-0.921859813125313,-0.04410411796704117,0.8120211252041899
1.3538723741654133,-1.0039573720814983,-1.6411362585059512,6.3840334992226575
-0.11453984525261789,0.20726732939894396,1.1373259817656192,1.0636060594180454
1.2378163119734618,0.06934433703625043,0.3238803581533447,-2.705863332314716
-1.594427658794367,-0.7217375533372533,1.2845190664421784,7.196069527160583
-0.5993750229537729,0.17682087213939798,1.3716173766886837,1.4755080484787668
0.005243699718183166,-0.5466800845872654,-0.8819046322710796,0.19487633127185833
0.046980593764742055,-0.2716551103260533,0.3251048229786094,0.7301050055064879
-0.45006547147924364,1.673452090298537,0.09985830735645759,-1.017174362694498
0.6228499323474987,1.340461051790348,0.5354571377111645,-1.00402030422954
-1.0676204293825944,-1.2995812369275976,0.4185859821390996,2.558000375210786
-0.1423794850212935,0.8297324178791745,-0.3137531458994344,-0.6572975889267502
0.12029563171189886,0.8113965544915921,0.48076070270504057,-1.4226341141983945
0.514438834058749,-1.1482632887526183,0.6189497501618584,0.3750178079327547
0.7116148780888896,0.8187776437548606,-1.0241526338912466,1.8071151593864547
-1.124642091837869,1.5379319184125528,0.5012453745665584,0.05492317386284237
-1.5341141707356223,-1.1225448062444139,-0.2913835482738416,-2.0222525694264655
1.277676821898509,-0.9175028210142636,-3.136899428442194,13.272804794386975
0.33231401197959165,1.0176614668435024,0.03430262542393317,-0.6872977187162266
-0.7484865365565536,0.271495310825648,0.9831486245329087,1.25595173951733
1.551151975522523,0.5514762752395233,-0.5135091786745359,0.5537290195378266
0.11567463429285867,0.3405892164004968,-2.0073990349007964,1.8319053818294293
1.1792971840638264,0.39069592092814415,-0.9404980221083878,3.428129597236319
0.06751848141010895,-1.326472128311083,-2.2521070007561357,1.5535676313817615
2.060747924881987,1.0473177066214483,0.3393271452131914,-4.282153720831574
1.7553408424432044,1.1695899924277735,-1.9637250033396885,8.3496152842181
-0.2489641484790735,-0.22939074406802776,1.379885683699433,2.5626073335763397
0.9715709509543554,-0.04347694981386243,0.4600841682069679,-1.1598743477897535
0.6453759495851475,-1.5311075025557226,-1.2232783273286356,3.348943671874963
1.3686315575323487,0.514254756017835,-1.8171007300339195,7.456258682225294
-0.9649234605801045,0.5720574417141441,0.8328319466763907,1.0244016230454762
0.6860514599984393,-0.062191016999311004,-1.187349767182291,4.0067831711923425
1.0584244868495878,1.1243533598705027,-0.4267276012665864,1.583424002211649
-1.7587394864231143,-0.3340772309799405,0.3965421524046388,1.9597461841729165
-1.183258512665775,0.5646059258936003,-1.1895291581327458,-5.415837680198634
-2.0392321777601006,-1.0196643386921156,-1.2108519302444087,-9.006093515972145
-0.26940683444455765,-0.02355215087423812,0.36138766571687597,-1.1659476995928553
0.7175422557959621,-0.17435425790283585,-0.9203288742286064,0.8160090524095371
1.502357052096028,0.2253079220409414,-1.3042683429621462,5.788312647570789
0.07409478041977519,-0.3695269288333583,0.6588164488838978,-0.10315135595896693
1.6286155455712918,-0.1314725956716678,0.3591345038467989,-2.9685389994913622
-1.3801014582148914,0.8260471714415063,0.4175060077456365,0.6213907364036285
-1.7033824393551547,-0.43676423723821745,0.5110925127677157,3.553859418288847
-0.05554769889661878,-1.6065771007386793,0.5279168825621934,2.2223901547592853
0.3840654489393073,1.7495839042054206,-1.5489682941692289,-1.8645385751857282
-0.03269474809409311,1.3814540786904865,0.23950042879474356,-1.486226340610703
-2.0674421000398766,-1.2922626951056186,1.5856070218420923,9.743374051359577
-0.08912003951278841,0.6897078052451944,0.7247902281740234,0.405800893215135
-1.3044695005048532,-0.5029747705513431,-1.2845179522500383,-3.7397222877785317
0.6696725488300385,0.26348721533105957,-1.0961915442239598,1.0407537146236665
0.36659824609684827,0.2942241290134937,-1.0615623758718908,0.10723138393722165
-0.9398797863273552,-0.234407800316322,0.5698268475728906,1.3798469570392113
-0.5138669173366935,-0.7837656655863965,0.7376780384363307,-0.3318227103501741
-1.0592135218889516,-0.6905410523162594,2.0263171683904573,7.4654168589415475
-0.06267909727317188,-0.9161919154812425,-0.46362593173148736,0.5561684045210231
0.9551423205012383,-0.8318222082304447,-0.9751436585598332,4.596200221375023
-0.9857260463355437,-0.06717829004935526,1.6425350420465188,3.826037790979106
0.5040465155178444,-0.7157599891107518,0.044553680771382886,0.02926565822189031
-0.5302576183724408,0.6820520657126199,1.532780320374194,0.2497280027575659
-0.7928728322623442,1.4872461553359273,0.6851644191410085,-0.8617919581210347
-0.10703035995455783,-0.580053241370043,-1.103601438735992,-0.956285332401019
-1.035242322419374,0.23940450053537707,-0.8155071935681195,-1.77617350474643
-0.553649305347182,0.499685110302934,-1.2746875963853381,-3.315136665874561
-1.1978778925888485,0.4720022709192745,1.2609907810528975,4.183712351970171
1.9647251329163893,0.0759552679160874,0.20623425662881345,-1.6722995535787664
0.03526355197172861,0.7426824183597222,1.8317303654005166,-2.2059276411880187
-0.6997255079925854,0.4822489526806572,1.1929680863195329,1.8537012248043327
0.21397991073422196,-1.2376624223272978,1.055848622167875,1.158974572429893
-0.11232804969082963,0.8691560643892732,-0.5238523078082699,-2.253445381119055
-0.2209695995332226,0.8872908372667421,-1.0459310169772453,-0.7715349204178776
0.6141667000434252,-0.7632861041785816,0.5429959823958407,-1.0869049692337887
0.7575077100473051,0.03793783544760203,0.0389268972157481,-0.6093840358278872
-0.5305011476105275,0.6833289928110694,0.3726949481461563,0.4404994232995242
-0.57581824064468,-0.20931381957936157,0.6752806009553298,0.7123943251106144
-0.275051697151644,1.0729780477660118,0.4607113310340279,-0.6552448879364394
-2.301921164735585,2.3638724946193608,2.4347774422213537,14.135433853602867
-1.515191062198552,-0.7859860326349823,2.0525811159162317,10.245511723160215
1.3668742674445244,-1.3810446031537749,-0.13921678138191518,-0.42881899416755287
1.6449677135012837,0.30381859560487573,0.023319015812286348,-2.2485774951784694
-0.24903603955637832,0.7215625051261435,0.6385805722029649,0.3714932308379115
0.5765569630557664,-0.230866373844769,-0.7494482135625021,2.5643465374313164
0.3112501545435361,1.4532606633210345,0.6009395976413721,-2.924874994764178
3.0788808084552377,-1.3386057997232488,-2.9339354730868807,28.194290311551825
1.1195749114345768,0.6929186230316111,0.4941040965785948,-2.057759020628635
-0.12791759148076653,-0.6058608207588934,-1.1305641440256518,0.86522129546277
-0.9555404406004258,1.7193779062072967,0.7635735070949459,-1.5581790816771945
-1.6064463202575725,1.9925153531681183,-0.04193079829737267,-3.0806343300373262
0.2034636358672231,-0.7666565877833479,0.4516571651408152,0.1583897809783737
-0.7563507452843033,-0.5495571359085801,0.3442501467142428,2.033818898239274
-1.4222537095976742,0.8595878869798019,-0.8836291033644957,-2.1313917137641694
-0.6465728842425267,-0.3871306497895146,0.7439860731397422,1.6022485864185003
-1.0815480036143952,-0.04541121793223822,-0.037146775025513,-1.4820943052804205
1.6871416350725648,0.02538842054241018,0.03757590327708671,0.18669204397619
0.8816397569494505,-1.9196731561976563,-0.439494189740318,4.403095597608416
-0.007972641316617375,-0.013837746094237255,0.39940730604634694,0.13140486064477
1.4799441388900263,-0.6897277740641741,-1.6975410244602254,7.319876897935726
0.0773683076476183,-0.493122822399772,-0.6280163852511711,1.5968824585853643
-0.8612842013282637,1.4436320034688142,-0.027996535436952685,-0.852425305961702
1.5231240772696573,-1.2565068942792563,0.09514044160772706,-0.20430604192075896
0.5389100436846587,0.8132051867479773,1.40792206596316,-2.7080095954320393
-1.0372461543264564,-0.2789629303318085,-0.28654867457964805,0.3845639657854317
-0.1903386780836082,-0.2797601684958344,1.1720174836994843,2.130890986669438
-0.8756182533847574,0.7903718960517113,-1.7318682910333234,-5.406187335622297
-1.3827997309643363,0.34005129456889044,-0.5027895356101212,-2.783902444468287
0.9261775475316414,0.570612997219531,-1.4218672299525954,4.607365336721042
1.9094166404701305,0.9681846605328611,-2.3072170096757874,11.037970490838301
-1.3985675738191412,-0.33130838318332273,-0.8843046028780094,-2.940391554788262
0.5629692366905709,-0.6122367345077503,0.13151429379251212,-0.9799053976274891
-0.6506425691218272,-1.085150526557798,0.1112535868330522,2.367685757500627
-0.4871253837646962,-0.8254105299789551,0.6229680894874579,1.4777557233620064
-0.5923939242388692,2.9490944253087252,0.9866696482409476,0.07298012488526284
-0.863990769679816,1.2446795807367868,0.6976123780124415,1.0549251418701486
0.04852162794482699,-1.3510743662080213,0.6335023621779602,0.035638438386787374
-0.8309501164110378,-1.3224579567435701,0.3459427719632495,3.6094692487240714
0.2704568257798388,0.48186606171849145,-1.3222218011956643,2.142190938694079
-0.05023810944913695,0.5472647973779668,1.0829332355453647,0.4982352504615569
-0.23894804686640975,0.5488838353173644,-0.46963810934792205,-1.6471290272417423
-0.9075636620415979,-0.25495579355369785,-0.48181446774162695,-1.3628900691083539
-0.5767713305683327,-0.12545426000290022,0.11046778947976821,0.4620254391782247
0.755391225825756,0.3278795241593574,-1.290506532209391,1.8929220104146012
0.5009171876243808,0.08589300629333041,-0.6678889758016227,2.610124768381505
-0.977555244798551,-2.219300372747535,0.8328315439627421,4.806043375976932
0.09933230542922587,-0.22979963057519381,0.2986755865315141,-2.562552820288968
0.751387123371789,-0.8514064342603136,-1.273523628111524,4.0614900134347
-1.6694052811213718,0.17521141890851205,0.3469972676119413,1.214468397532357
0.543360192379935,2.98525900260341,0.8026529085802763,-4.368574475183338
-0.6626237589458467,0.3674816654743044,0.8277119972068645,0.909283873481356
0.5705986685931593,-0.3135296861723979,1.789765705051962,-1.9431376824099544
-0.7632591565425169,0.9218015019772522,1.561757752012786,3.773963990151178
-1.804882100664519,0.4826878872092127,2.0467341188921986,10.882706603073126
-1.6275424378831627,0.4200944904518413,-0.5740973315142206,-3.562508989134619
0.048084946661381994,0.606850593215671,0.7398178783027316,-0.7549101076768122
0.25972250172148187,2.056543564829542,-0.18296805255765158,-1.894381187215771
-0.9043166251044086,-1.1308884353259159,-0.09882349098604526,0.06035521791246967
0.6385924587773739,0.47363207681145447,-0.15128088885615854,0.39511707610182306
-1.6615200622689599,-0.9263811299815384,1.7759715657459632,10.238860613360409
-0.06607979864731657,0.5555126463422483,0.5338714903278697,1.0907629551876505
-1.2110161997624564,-0.9186865114860944,-0.27296570146083143,1.1823386324288014
-0.6518361078021592,-0.4173668136050844,1.0683769674936998,1.8209119484846559
0.047398671316414016,-0.2950899142379063,-0.6612868777341708,1.2094206468376099
-0.8604133652839524,0.975816719344709,0.6468898016062624,-0.25699220893544317
-0.38455554422982535,0.9184544439424138,-0.11107229536222155,-0.3506627439771892
1.0062928092144405,-1.2457173764463845,-0.722012656342846,2.9087716104051458
-0.5768918695231487,0.054934110999848726,1.054688909802084,0.7471370364477343
0.8356921120651418,-0.7095798547491726,-1.4580397758484689,4.645042216707956
-1.129706854657618,-1.2585049106753345,2.510048501605742,7.090794775882465
0.5298041779152828,-0.21701705042437042,-2.0859881582521376,1.781537199990508
1.4415686206579004,-0.3084827884558197,-1.3184519935838073,5.8329079700643405
-2.4716445001272893,2.4267164863455224,1.6060341400053855,9.564361627772236
-0.7968952554704768,0.43295982536069616,0.982761794170548,1.547196037577604
0.57707212718054,-1.3776175007542373,-0.389011784161976,0.47164477539058436
-0.2030453860429927,-0.5647740041709423,0.04413199001995346,-0.22623544711622245
0.37114587337130883,1.0213832954293984,0.22497714864196214,-0.8806719891559279
-0.6039851867158206,2.088442772869925,0.07092311590022998,-1.378151468043158
0.08658978747289992,-1.5859833122379583,1.349886364198456,1.2191010744764874
-0.15567723539207948,-1.879924385139045,0.9171877319276419,3.465113917502115
1.1677820616598074,1.8709651753717822,0.28893332017573103,-2.485801596863633
0.2544208433012131,0.38961417737090387,-1.0933671450210236,-0.30254365810685024
0.3376026620752022,-0.8682927318763665,-0.24818975544330396,0.8391592448771077
-0.4118769661224674,0.5346290861224353,-0.09452746565947001,-2.054296300643495
-0.48760622407249354,-2.6357477390168778,-0.761798263653219,1.413236024090677
-0.4325581878196209,0.003375506597160999,0.5764432778555774,1.8567608915742098
0.39445214237829684,0.3278211728430852,-0.7348718289689649,1.2270842137986793
-0.42098448082026296,0.9242701395378297,0.8658960702603685,1.571325609129894
0.28977485689641286,-1.0138959522925377,-1.2150789913425382,1.7673087309959097
2.0754007986454384,0.08568716140335904,0.6813402135191018,-2.981749436749494
0.8711247034316923,-0.9254246260595873,-1.331895010307908,4.212860337181499
-0.32602353216784113,0.2553837556743171,0.38231410328435667,1.5901315099466173
1.2012139221639448,-0.8953463223630241,0.19125234930609514,0.1842846210217704
-0.4080753730215514,-0.4081008391602206,-0.3666027436893371,0.6665275588192461
-2.038124535177854,-0.9958153947902291,1.8715309110218774,13.914166963392434
-1.008086310917404,0.651136241823657,-0.7251404423417142,-3.037576330656682
-1.8707919210258557,0.8584511166566653,2.3875136596954882,12.759561668579089
-0.35151348404130867,-0.2346205699574138,0.18990600698641263,1.723747561632217
0.0184183791895517,0.03823799496002834,-0.6056205975636558,-0.13777750945730102
1.6764373122752827,-1.4485914146335441,-1.1374004285650758,5.848040684460554
0.32692737376416264,-0.29967664800678706,0.6454555825106381,1.8096324071768348
-0.21910052880886424,-0.05020461704174478,-0.4749050274460061,-0.7317156752376164
0.8294055811834892,2.620793091029975,-1.1640604800145222,0.4343977367850961
-2.211135309007885,-1.1119670257741636,0.8840310569202043,8.132110547872761
0.23561455810856594,1.4641772387524374,-1.294769391824251,-1.1574715881621365
0.7708651938869668,0.996858773465808,1.435111310998332,-5.323558763694263
-1.4785862457798415,0.2806364044901364,0.17289853167519753,0.7400370648361287
1.143754043206929,1.7586204841951334,0.25973976457693904,-4.442932099856993
0.3384964074944141,0.3721054726068629,0.04022187990056553,-0.7008564350218227
-0.4152879139008013,0.3891591956679287,-0.7768900935315675,-1.112019730171292
0.6327818661062848,-0.053120653017545344,-0.3223456422658718,0.395092187325063
2.270692857804396,1.2235688824186275,-0.3513436495914499,-0.37363927831766763
0.18186625505849516,1.0964692338108837,-0.27919446261555414,0.6500368764400081
0.24822058630033608,-0.6256772874962124,1.06900265270086,-0.06682995418467834
-0.4593608995402441,-1.3192471945987674,1.251195842551986,4.47465065556759
-0.8498443694647918,-0.20298063739565708,1.3438370393907253,3.3691014114285434
0.8303358165442456,-0.8000385643976464,-0.8748246805451197,2.0992213790673553
-0.8560838259088672,-0.0635245746153551,-0.6518005348270534,-1.341282191882054
0.07156623721939247,1.2374381346841392,-0.6493707239724906,-1.313806203186927
-0.4776574467651167,-0.45730165508679,0.4350696640492788,-0.09701700822036119
0.47897982574639203,-0.04282338131157488,0.30629680065915954,1.0724776754798657
0.33366210528694845,0.058022734808395225,-2.3384024574039217,1.6604159031343078
1.0375399442578994,0.8484308822052846,-0.5268831737407,-1.0487102508607995
-0.5100163988547471,-2.246889333984605,0.413097424750558,4.207114770784286
-0.26987493529337125,-0.6067002947652964,-0.14260678866886595,-0.013055714640543836
-0.9787637157823074,0.2112836922794726,1.7806556969070326,4.409415974405887
-0.44429326007611136,1.2000789564268612,0.6439267042889265,-2.1071896593610555
0.37730049304485197,-0.49190244750620515,1.121541661558471,0.963369268474135
0.7569886166453519,-1.876552706041874,-0.5944548286729081,1.9370587340779497
-0.9221653241776254,0.6197114459661363,1.3985601545957376,3.3078490697735785
0.8696059201056602,-0.6353623888256293,1.2002634344746894,-1.583285853550556
1.355637858804951,-1.1896666590903613,0.6338745198701856,-0.966529298510046
0.41343490322370086,-0.6243453897132241,-1.2988590450405835,2.1756720684837787
1.876795812558066,-0.18452535765584954,-1.1920739838214138,5.194697882654757
-0.773789199103573,-0.6047446645382127,0.041729894101989906,-0.10810974722150413
-1.244654703311417,-2.205566057099069,1.1115818867320364,6.543973265452014
-1.7787202489042786,0.8970661968871322,1.5757136794666724,6.724021217554379
1.496044311489183,1.2748750412787222,-1.5869148297703277,6.050769130407218
0.6543656563540577,0.6515219913395057,-0.2593443142600912,0.5393394547431287
-0.05558467091045507,-1.1376856704248166,-1.9921349967009088,1.7679920516224568
0.2799686263198203,-0.20149153394751798,1.3019606926419798,-2.118212263789296
-1.1254890472983765,-0.006521315229458062,0.050370282972494684,2.373240975593
2.4457519796168263,0.5987943895619102,-1.1670120499639163,8.731351049300036
0.1292211819752275,0.6683404887180808,-0.3742603049756746,-0.5249675654610474
0.10939479460489293,-0.7341737987784958,1.0913301777109685,1.4655528599446983
0.7257666238986923,0.08199555641356042,-3.200389753346725,9.251620414925675
0.4810092317367132,0.4572804046152411,-0.2571149581942656,-1.5249765001449882
0.22388402427913137,1.4558223221467665,-0.21776076963726357,-1.5348254923285858
-0.7904744554453119,0.704506539824723,-0.05839915986902683,-3.2214273319858497
0.4714683571359957,0.7890566873755188,1.4904923670676347,-2.704565117602852
1.8820244964750337,0.08382662792936095,-1.828341707093288,10.604519256025426
1.3454200461549777,1.410459145203504,0.09908615415817235,-1.8495587549486858
1.5931866266393973,0.4097627959594974,-0.44034052461361506,1.040337537987556
-0.5112156764311853,-0.8610879101735704,1.5171270907511085,1.1383108497764578
-0.9896048202585809,1.4033699701251907,-0.17238667464821494,-1.5416203392540857
-0.12578692009964815,0.6979032725390276,-0.6700754390739349,0.5046710342297083
0.055724912288694604,-0.4430440211284823,1.0682074513330513,-0.32655173419994266
1.0941915184709485,-0.47949296739924335,-0.12177445090536387,1.3192866104637067
-1.6924646297148194,0.2965755451407616,-0.698705031819349,-5.412320517434859
1.5295503194606137,0.46318479526758444,-1.3040801741935772,5.977997009545046
-0.15800789857898942,0.19729226563120666,0.4653866031375557,-0.3700702858101258
-0.42688106994742003,0.31130867344288515,1.051204756520299,0.27249160954580776
-1.0121043752601677,1.6999573745763805,-0.1731784655628712,-2.9861450638835834
-1.6548566718657698,1.0715431522348857,-2.086827653884056,-11.825356732459962
0.8231705839619146,0.19063559126502438,0.11163789375607591,-0.08389336615889054
0.07331796718840389,0.9413105807674834,-1.2569796735381777,-1.976996198580113
-1.2899608997410539,-1.0325239035275395,-1.3723583482518844,-4.675457257074755
-1.295078772063616,0.39792704994680894,-2.184786538952333,-8.927810832208472
-0.3357846992901282,1.80930634973311,0.9818732098428054,-1.9192515727406714
1.669021525289393,-0.21804589539237385,-0.70589331223973,5.549164495125199
-0.2595913513636048,-0.8476339286190848,-0.09586070503044924,-0.08051538132682345
-1.5031429531181062,-0.6520888885930607,2.140595839521815,9.63551662991303
-0.24574306408594407,-1.0896330373423884,0.7601962150660446,0.6717639291104919
-0.2727235697476702,-0.7847619081277034,1.7526618275957517,4.017218565812988
-2.6968866429415717,-0.370508098590029,-0.04429215069621062,0.5650605983902135
-0.05429486651781221,-1.405567019178642,-0.007403190695057411,0.4677691471832177
-0.23093453020867796,0.015618333949603047,-1.5012461098436753,0.05054452959730216
0.6962063648134184,0.9022771737866472,-0.5774855142621764,0.504568792352863
1.8489560949453452,-0.9077561801469204,-1.1730939012393498,7.672006957177548
1.1265650295477574,1.5192839236417688,0.06333112248919193,-2.077801016029209
-0.2688886905548305,0.5107920885275947,0.18000822641931358,-1.1150015466116079
-1.1065259087416701,1.0305805856240573,1.1766700926507507,3.2132333441090952
2.5733598032498604,-0.6578345538521371,-0.583239768486036,4.615404651492706
0.05921843401448826,0.8545252270666157,2.125319460375898,0.5846561318365553
0.013929291912946203,-1.091933900395313,-0.3222613012425975,-0.16389058963602898
-0.024125087110003277,0.8902475008365087,-0.9289601571113774,0.5786755378823336
0.19808476076785533,0.1718393397935313,0.14704123493248117,-0.3705380721251636
-0.14436041192394275,0.553251219984784,-0.7300998211775721,-0.5703580187560517
-0.5736620068802363,-1.1755946056248516,1.768791771876654,5.052818285078318
-0.5468589412403921,-0.8950698422766047,-0.009788568325036495,0.2487616489407023
-0.03275327021599839,0.5972282182533848,-0.549199732765991,0.21305590469573576
-0.543424771133765,-0.9483480042242007,-0.19960333558423532,-2.0846040420291736
-0.7128457826771644,0.46320629209912306,1.0748403148102232,1.115390331070528
0.10643022769189683,-1.3671378064602457,-0.21096209707743369,0.5104332311981142
-0.2549772174208552,0.8481742126666681,-0.5141782114199547,-2.4949914138573064
1.5039929885826884,-1.232523314768509,0.9133554233321866,-3.1034719816371874
-2.650969808393012,0.5522999376795235,0.46931506353475594,3.5658702226662298
1.0915068519224618,0.6256309336460011,-0.5101873519282374,1.7476480360348472
1.246085192497629,-0.6967718184295749,0.029263555361415894,0.8282539265828978
-2.0733902324081495,0.5820265670847269,-0.5946399942129985,-4.946482299379682
-0.34268759408034877,0.26044226333355597,0.6516042984460992,0.778464302472333
-0.37144086599579146,-0.5388418561927383,-0.8693872424825536,-0.30565029965664947
-1.4075116947178212,-1.008554684076208,1.5265386281929132,8.3904737668723
-0.7778166875908753,-1.962625691672579,-0.5737426681235387,1.4007625296558905
-1.1105758454658288,0.3496500472996937,1.248056954581775,3.8390120891934223
1.7522704434236227,-1.5648027713620551,0.22969784458290154,-0.5399284667413954
0.9356783931474612,0.0953441994413082,0.39359732905907435,-1.8531359044767708
1.2715550949941588,-0.2634482160822491,-0.384460899258977,1.1802485022805804
0.7216720640432349,0.6791427754381955,-0.592136974951317,0.2875770293738515
-1.129051771217229,-0.3020454994898642,-0.011893690726229589,0.5298101493373392
-0.5245202662797737,-0.32944778634709126,1.7332948239569907,3.772066964284973
0.48937456122791806,0.7318707042882954,-0.9441825007816023,0.6031872938135519
-1.2221278088919454,0.3350580290841175,-0.42600216912402344,-1.8808205337879214
0.7129984301723881,0.3161559571827783,0.308869719946636,-0.8335205285319836
-0.24032539815813486,0.46926758980852623,-0.6759741041074281,-1.4725341400834848
-0.37482080754959723,-1.5355721232071058,-0.7626530936913287,-0.24739487980859765
0.7109599682034917,0.756788679986982,-1.7990842462715109,1.3250040582760971
0.4442633114860399,0.6124687940136023,-0.7050414952035376,-0.36794594390789703
-0.3609661658190799,-1.0166831285764972,0.09776805901304676,1.5957014660488233
1.159329803364248,-0.2440804736742013,-0.3365731740214253,0.7117669706024533
-1.0810633275998973,-0.039307287627631186,1.491837908099432,4.639814009710616
0.6159356069442637,-0.1344967844017327,0.21893012019366181,0.19638750243445852
0.5931012579683838,0.33385996656853467,-0.48742284853737167,1.0541028437442783
-0.3095464393139903,1.4313667818311835,-0.04342245672272474,-2.551223434591578
0.326133022242118,1.0817667276728287,0.34709095779412447,-0.42430084039411486
-1.2511135763853032,-1.3122191934314063,1.898126951121221,9.563886477538698
0.924027019206901,0.6220699903060487,-0.33569931012025034,-0.8213341488839248
-0.18490213644298903,1.3289333195354096,-0.37667978598891444,-2.3617168807292783
-0.5227230205190395,0.38680852068920263,-0.7315044908260258,-0.3428405484464778
1.0490092258368893,1.090980425185967,-1.9697098773306703,4.960897554184494
-0.7043436905427592,2.012270445700765,1.0184415173149028,-2.0800498224299777
-1.4084612963635597,1.0237095461069814,1.282209171821337,2.9944349262185126
-1.5566291735239037,0.24930859564172886,1.3556781118686134,5.832186075713248
0.6060099513456396,1.0450884740847535,-0.4316644220248757,-1.4233523182025396
-1.280429352496283,0.14488783309689118,2.047149422139892,7.305379023427833
1.7547941819843647,0.02390304328495547,-1.361515585577,7.1760320551532875
-2.081929407883722,-0.3514142357137326,1.9962339411490664,14.281723281030056
1.6964563682900382,1.5634133588321084,-0.8869710791345621,2.6602559320008483
0.2110174672026184,-0.8184286659420014,-0.7138594982806468,2.3428809353119022
-0.09671311187039239,1.532367724678116,0.6408868632529575,0.08233892606479887
-0.5449190868089495,0.49986412374037126,0.6820956620884683,2.0495063815164865
0.39913611435207075,-1.3993061748019413,0.15740470209089064,1.4955830646675994
-0.03763470242484838,0.3676492929914216,0.10009577326862294,-2.3196372169075468
1.103301882016522,-2.100026507651624,-0.5895440227250919,4.512186462468045
0.11422764866203965,0.6255080168310357,2.331258168539419,-0.37599054606678695
0.1503017614618776,0.885231482988991,1.109105764465234,-1.466400238564349
-0.36361221221385587,-0.5923559556520536,0.90463300109244,3.323746646033947
-0.056945623721067457,0.12354769595558233,0.140271970063922,0.7602494899894943
0.3078017688920592,1.9541574337502863,0.8532563161506396,-2.173785466885969
-1.7101683926566253,-0.5057467042619367,1.3730789727197645,8.636716194768084
-1.348185422105713,-1.0589075870566005,0.7002974638268922,4.224669933924535
0.743264094022715,1.4816634024625988,-0.6751963722772722,-2.468926242073681
0.17086543812794186,1.9625871905307948,-0.16635005672665915,-2.3764557160255344
-0.18398333635267913,0.0036956718478473255,-3.078434067701716,-0.5056693561525267
0.01843393306539316,1.0114630354083562,0.2013838727649452,-1.8301912659996482
0.34758170536167105,1.341475915530881,-0.6622669327911952,-0.8743728110551998
-0.5397596803093615,-0.742484232538384,1.8625498384375647,2.7136358347012512
-0.7783047254023127,-0.4853058353678683,0.4084964335129106,3.2230325441089076
0.19584525509768155,1.230874513154735,-1.2868860470838026,1.2067095227816036
-0.978372777615032,1.6850142787085094,0.43930623467939833,-1.2794673907085863
0.40825275571447184,0.5628808601743548,-1.2502474629197402,1.115668056400762
-1.7025836042378404,-0.8798143535020543,1.3246992178313866,6.9655538122172365
1.0291556373256436,1.9870611116994412,-0.22363045432333645,-0.6816648444343935
0.472597482413043,-0.5309708978119645,0.7215408899017461,0.017658750977397886
0.25602973431387566,-0.33513778117145177,-0.9188966588515033,1.8526379550676926
0.9826909839455139,0.34233783448962146,-0.45733739574461013,1.3378446194763154
1.6654744444625766,1.5541604207147741,-2.1977590176579236,12.362180222663039
1.0143700650181304,0.8539759765522237,0.19430974941564927,-2.4732057210081893
-1.8408742313316453,0.41486550036191056,1.4393082961059447,5.823287804931448
-1.2795769667357015,0.4632885301181064,1.1355935043954215,3.5028591445776094
-0.6248185776956788,0.04351466864346608,0.31402832020478055,-1.0228707490441908
0.026091050210833786,0.5581395145185063,0.401727365683374,-2.082046251131832
0.517659020469123,-2.529560077694303,1.3455095980740348,-0.5613001182160888
-0.7257438131534656,-0.29660745906979835,0.07777764953471883,-0.45624150250750695
0.18676676447707832,0.241321934916781,0.045261801471545335,-1.2213002375125743
-0.7553829323533225,-1.151014083619507,-0.7084348330047485,0.06381428945582845
-0.6115178029919482,0.38632331781156,-0.5625020601023583,-1.924452450813613
-1.4066610968482223,-0.20447122098612153,0.8011438415174186,3.4057702706399127
-0.9232332461109043,1.7554756983154902,1.5655501697573593,3.4748609717091368
-1.3516846056163336,1.5730197252148568,0.41956147855659437,-0.6379978749725548
-0.9758732529773327,-0.46580556911816284,0.25202009717654245,0.9390786865554486
1.0536417966078395,-0.15083771156669531,-0.9337061428082944,3.467973151096533
-0.949398888831943,-0.0739475656083926,-0.060057226428351596,-2.038675027124045
2.632382064837391,-0.4516594761596227,-1.021219576709874,6.131474261184753
0.4933179008808892,0.19502498402812674,-1.7439165956190892,2.7320081675560632
0.1848361236948739,-0.7582820688875902,1.1885215148192905,0.5912512202730169
-0.8583577801812133,-1.1306153349375263,-0.23624340803885374,2.586491367869912
0.7003098794089911,0.6227112239002686,0.37174854573364563,-1.2456338857330502
-0.5756378262377739,0.6295295842218108,-0.9821796842749889,-1.5059292022565889
0.12200981464536144,-0.8043157596599924,0.6078352232235374,0.3863575273127414
2.5600845382687947,0.8953554307625996,-0.6080976613198998,4.0722160523299555
-0.09605989972464987,-0.6315777291653314,0.43223202186822146,2.4233950649501974
1.1492733262856758,0.2531652380379812,-1.5690651849426303,3.03269623661058
-0.7031764251258874,0.820344012612456,0.6011364021610207,0.8613870838130973
-0.0349884904969617,-0.03361256470371303,-1.1655619394859082,2.0468555362511105
1.77080063563551,0.45474091214113466,-1.1381635729139403,5.873675642187774
-0.6269670577877674,-0.5164296438875717,1.3428966298492098,4.692858453909422
1.8124485579969287,-0.19646658342809717,-0.1095223519277223,0.16276532035815217
0.7077519354554754,-0.20585943088034037,-0.3386930251873046,0.8929438690213817
-0.5624667758942676,-0.7465783465402389,-0.6935731879757081,-0.39023257573338965
0.6324077390555208,-0.1767741631157821,0.329383842646433,-2.665731589871339
0.9725544496267297,-1.5486182988637467,-0.46689598711533964,1.7426857803592097
0.6218099622171964,-0.4911537471421047,-2.6312205793390215,4.302636174829837
-1.5702247198904564,-0.28487549336967083,1.5677421862617464,8.492064177252105
-0.7271371758248686,-0.2561797524953804,0.33933575404274213,1.8685637837325606
-0.24751863555150475,-0.24149744587077906,1.3262105657588243,1.5503193776491524
-0.07443342910004629,-0.061764199860128925,-1.0580538042927816,0.6496033782382518
0.620672097550678,0.4794415180860639,-3.4870398619713394,5.849334105309895
0.17770100093325383,0.8745170741325226,0.19023335787855805,0.22600062108927965
-1.3353443587101013,-0.6497652268482671,0.9592358560370231,4.501284236574819
0.3801978510059632,-1.2032008553891445,-1.8807705531094336,3.4062596703984114
0.6105857452838231,-1.042044412243103,-1.2837924185085179,3.1280478309149276
0.5597904479310398,-0.48720292119492714,2.475322519754382,-2.9853323074899323
1.0807807255546218,-0.3519213178165091,-0.8460009769311143,2.6737471502061814
0.8339221545489041,-0.7699960661974573,0.3139978991017642,0.9608780297672078
0.4591800792284367,-1.2961166642498945,-0.8802498669826021,1.3765471345195641
-0.070165711458647,-0.4561208274741882,-2.055220043123833,-1.0754133568435704
-1.660960933515991,0.18142662011397137,0.66022221996209,3.7958100794012317
0.42961821913258585,0.5950294658355647,-0.4804136698523981,-0.06439028455176538
0.20768768716311115,-0.5574230531083212,-0.5037220822499271,0.41738225966161424
0.2715788371953735,-0.41299782214343406,-0.2504302541040792,1.507090226243277
-1.2767485758203097,-0.9266983088473107,0.9026425595557914,3.7767797019241933
-1.0810565404082624,-0.03143917037477642,0.3904113189503246,1.0974080454764006
1.0531528533329035,-0.8484286341908146,-1.7905825946138156,7.904928090199295
-0.03955515385665504,0.5731278132412001,0.5059623684902664,1.0260547905633803
0.6815006973726244,-1.7858664919341112,-2.2901221040087356,8.040424135055684
0.02831837613045931,-0.3596296724524622,-2.06451664534943,0.2528951721903486
0.029756139495743236,0.3011073391917419,0.7243024249536962,0.8649382338106465
0.9382838059759977,0.18383451632250436,0.03787836914735798,-1.239409325194423
-0.5160447282173739,2.6930336639804966,0.20062699903465095,-3.289339023132846
0.09612077694098344,0.3498000245679074,-1.4435088932255635,-2.2840022881780877
-0.46227528870504275,-1.0040545968420098,-0.47677329632155385,2.0157212591288363
-0.4344962274323156,-0.09546424708907304,-0.045498633970346286,-0.827822556427323
-0.30917212346863937,-1.776246333466452,-1.4413079068397938,0.3128770753299952
0.22213377163371276,-0.08059974929676088,-0.8500955438400893,-0.26321980442488935
-0.4787486216634771,-0.8330560570007587,0.8917046490084184,2.808928420261984
1.2557561255735208,0.9153902755601617,0.799427301502456,-4.302681128714759
-0.8946073022195039,-0.5495402745955349,0.02786889845120133,-0.6804814556596388
-0.18687164416135904,-0.11676591579524663,0.849924176396778,1.034908664748572
-0.4397310582741749,-0.6355578414044034,-1.6941945414503798,-3.0331420593087435
1.4469778843537329,1.7388513518533313,-0.0640377010632549,-2.2982736655586664
0.19655477651157463,-0.3212427661179117,-0.9022258029832684,-1.2536359753031123
1.0318445394686349,1.8325570434792018,-0.20857665302634737,-2.6108591142191666
-1.485560373036972,0.8141517621182666,0.4950277682787767,1.5705583159258492
0.26705026586925884,0.48206672733538614,1.1868888768492047,-3.397479735797849
0.889630795623437,0.3687331473175197,-1.3192510461516367,1.6710602015055613
0.08228398927542419,0.39379729821625153,0.586464302924119,-0.5409360815857416
1.0654803750653512,-1.92767257934561,-0.8122476508292091,3.980367478206926
-0.5172884501003722,-0.2788833941507565,0.10033874704052231,2.426632254934881
1.40934744018558,0.8451579711843216,-0.8885276132519996,4.7454709266527795
2.2988981236192503,-0.04889718347410554,-1.9951221663037382,12.940722534243465
-0.36283856043965906,-1.405189846803575,0.16732031431315794,2.1444582511401493
-0.4455025214007718,-0.05240445057746945,0.1601030385785644,1.015665929568947
1.453384477117701,1.7041055162554912,-0.48545199015212115,-0.18493921366093036
1.5795721457307124,1.2468917155347194,-0.7052809271724936,0.5996930703974823
-0.5228600271532683,-0.062004009366031745,1.0594245631888706,1.711497827685291
-0.42018681709585753,0.9514492770580866,1.1336020245952974,0.30467892783215655
-0.2817846088605074,-0.36650702036805183,-0.9097310173975475,-0.8383020733194855
-1.344450511034277,-1.703871586826719,1.5409977561079096,8.361574117097064
-0.9186519464841982,-0.9244659881295544,-0.7270104538677553,-1.829872324555966
-1.0041407667520679,1.5628887685081978,1.089926271513769,0.5684318898558345
-0.7677975651041284,-0.2739930818293042,1.0036375672549331,2.6948474933352418
-0.034684887386781105,-0.24338397937501807,-1.8939744479691134,0.43227720062014513
0.23421473253652023,-0.29983819627488056,-0.024128119738850456,-0.8598532642914405
1.5505004928140769,1.904136589573007,-1.2437463597673541,4.809242052683064
-0.998354040738791,1.6259589153620633,-0.2595882375659795,-4.173922950844911
0.9843223984765838,2.218780233448134,0.8586911314607135,-5.33258043437372
-0.21398884422550896,-0.1590452104000513,-0.5466847185246645,-0.4499166190160796
-0.049463709652432936,0.29562448874709507,-0.7816450742918334,-1.0478373964171017
0.6748194921666035,-1.5166425494207911,-0.2617148060782083,1.4814128334601318
-1.1227220215622986,1.4769344261182744,1.2469507570795657,4.594077280520866
0.3824097461840506,-1.167779551267935,-0.3328534591021522,0.6987546826642481
0.16645220821305598,0.2167755637626291,1.083144441562724,1.6835708063738464
0.4924512640081488,-1.097302527632844,0.2847500299600161,1.1137527708233914
0.2891686439078181,-0.5888668267386961,-2.3227956416853393,2.695960961394107
2.4553001399108942,-0.8372624310497003,-1.7571170334624555,14.256251878737915
-0.637739984251316,-0.6078752606758179,-0.24297210722604085,2.672943926420237
-0.5309969550018176,-0.5391227031489786,0.7448594309303309,0.7320839684027078
-0.6231405264247644,-0.5482687949250771,-2.31324679316173,-4.896582597334907
-0.5554771191602547,0.8333339117803071,2.82674826829785,3.1223818456437566
-0.6373871273065177,-1.10486279306252,0.8497196585474689,2.76180705655942
1.1890165311075518,0.22054142701386686,-0.4456314616360848,-0.35672302782566345
1.4205042479898549,1.2179591523055584,0.47131559242421883,-3.2041373165343243
-0.5707462937494763,-0.513196364513396,2.629027199687363,6.708266089091448
-0.8323555731042287,-0.7179188907476018,1.2869244311405175,4.082862448643776
0.4714155563864041,-0.23052462518025083,0.7131053182784179,-1.0706676549299983
-0.5522230442809716,1.1797252083607102,0.4068015466048681,-1.1239500915912943
0.6329318177555111,0.1941076309533577,-0.45799166224470383,1.5740365595024324
0.2029230208512997,-0.5312142946075984,-0.577256954430551,0.05679769637095633
-1.515744114997232,0.48387665118803963,-0.06823993421592611,1.052216433324443
1.5475052013300616,-1.1022921498364233,-1.4607667003645282,9.817284097782357
1.7958776730955217,0.681359510442948,-2.248494800890744,11.689456121191984
-0.612788690484386,0.40860730770176745,0.23052289455716968,0.003663072268662068
-0.38770155993598404,-0.307808471138884,-1.4908167972583948,-0.3955077142470984
0.28586539072490513,-0.8385857984472311,0.04798382878125812,1.8922335527854623
0.33445678998702516,-0.8866809222834574,-0.20355900303585434,0.2849342634090348
0.6585442726728304,0.5348173363459102,-0.18233683794972744,-0.7011418284954112
2.0102045387663496,1.2289805024890619,-1.5272338394031673,6.658829250005058
-0.1769472274940494,-0.637307747028795,3.1653339839275283,2.726663903008862
-0.7982972445384537,0.4583867035514844,1.7592645224495398,4.421489241962585
-1.3793192280145272,-2.0870270186020687,-0.5548828860774592,-1.558980521447706
-0.7309300399419191,-0.5846177306571996,0.5983331073978577,1.4414377521077066
-0.033126972873797095,-0.031058932870901952,-0.591442656500425,-1.374973099225336
1.7945578635177877,-0.9096834169818336,-1.9117586584663078,10.303168207834782
-0.5176112990361714,-0.9365063747895958,-1.0812664216058492,-0.1915037162588933
0.2237879516388985,-0.667779556468886,0.3203227149398047,-0.28075560292876245
-0.016422896072752075,0.29219272832637316,-0.6731687870331978,-0.6261848274452722
1.188393273448084,-0.1873290184063747,0.37362938730116213,-2.772038661434631
2.5269324258736217,-2.238231233324972,-0.2696839984063718,4.469641163986569
-0.5308687729203206,-2.120700152635066,1.6393487716716098,4.687264045207645
-0.48943944251822213,-0.6068651778571752,-0.6076670448149926,-1.0143427311288233
1.044160877069072,0.4576865860535519,-0.046714827842525786,-0.5003674968994788
0.6818914896263114,-2.7475048427252347,0.29150847182914513,2.331468284945883
1.8467073257360336,-0.4997301761516306,-1.3975318379719817,7.427358876638893
0.5839281853259639,-0.5262478565174211,-1.063736050055857,0.9134216966404178
-0.35929209078705954,1.3883377782084478,1.7891667111695027,2.3457369997464603
0.5906548306923093,-0.38502181171286365,-0.0678315396141009,-0.12805581335831262
1.1087035805829077,0.38298898474092846,0.08161596042028407,-0.7512128105798633
0.8204821811973643,0.14125714008746323,-1.2323171024266095,3.9028652673102515
0.5072740311072979,-2.1305664798072006,-1.4729214820758427,7.90114612052913
1.066674689589154,0.7682072166317373,-1.1027871192866874,1.5162516579235306
1.1692955904456728,0.21539650545628794,-0.7086691826128334,2.720361959211998
1.3821589910375272,0.5082686396745896,-1.7552995023361124,6.062488042383968
0.6487098875896427,3.9262377064363267,-0.33419975244520433,-3.814631959489393
-0.16711808031685435,-2.0841129394985884,-1.6049461479100728,0.5592543607398139
0.14671368643332283,1.7246966497611085,-1.1934042656865336,-2.3250853998893213
1.2065089665083568,-0.28744751940035557,0.06765676502269669,0.001270676681196549
-0.8169356709872361,0.2873289044030093,1.0122583557715121,0.719018285802665
0.3686733088729012,-0.04551224530124217,-0.576213419823317,1.6296233361228099
-0.3933388123273607,-0.4242363333980435,-0.8210949029132727,-0.4896662123284505
0.028744822934817487,-0.5698329282387585,-1.0417759629934196,1.082104897922183
1.2784518626072987,0.329508735573009,-1.0124941772449634,3.0875778528143716
0.19109906801990334,-1.5171736966716791,0.5489689576353397,0.8352473939320171
0.04643654815614881,0.7505791675217656,0.9050274172662501,-0.5890943100879951
-1.3598561409799192,-0.41619440488525394,0.18339633500799057,0.0003216696609080749
0.7462535660272207,-1.1300693390403578,-1.5266192089983943,4.189813990669143
0.6454841811410754,-0.4500128579958137,-0.054898452704204403,-0.3032924075135841
2.16325472330546,1.2571492168625729,-1.9051623322785796,10.216336214442265
-0.30777823495300055,-0.5353350870162233,-0.3643635213847022,-1.9109326380885487
0.21915032766393877,0.3584536182096204,1.2157009266050682,0.18160920204981523
0.24938368371075526,-0.7309562757154733,0.7024235867103904,-0.48110142217577034
1.5774532797634744,0.7579218499236196,-0.6307523276302855,3.390401189056449
-0.0952955323869521,0.6855077387902041,-1.2242712349192468,0.033281845251105224
0.27902152577033923,1.8486088332964115,0.0718858045854893,-3.19478160044292
0.6078965097165392,-0.1755639454992155,0.7587090359292569,-2.2964970146690167
0.1866091231563581,0.6686548047579066,-0.46893822734371465,2.1543726088550996
-0.44643361455052827,0.09806753953894455,1.5743308972619792,3.7613611012779242
0.19408999289830758,1.2958717818630143,1.1957002930690532,-2.023610679361949
1.073631749859772,-0.7188323876087304,1.1269169572135875,-2.6534759801335417
-1.0265152994110602,0.7450053128772811,0.818500776236883,1.1447589923364978
0.132969674146876,-0.19469729611668168,0.5209068627325742,0.41925556292175603
-0.7001208149391732,-0.06418817710849775,1.7642476958006765,3.052565880001611
1.1950466289248425,0.09175248444837286,-0.15012937739344562,-1.5858714296768897
-1.5231869047837747,0.2522403964266774,0.26035934460167465,-0.3840683502316574
-0.5589218472715883,-0.11622904312195795,-0.16908191289206692,-0.14618893430899835
0.37721187506452086,0.21471318317052593,0.0499490162414786,-1.4023045048953426
1.5655240292343404,1.5781180575621845,-2.073323436563389,8.0921174584684
-0.0657502610729878,0.9854496856152184,-0.11038378482769873,-2.081884013060018
-0.5551995266931983,0.8691545924968965,1.374146881576853,0.6372685797763196
1.88115706944059,-0.4555395260238707,-3.131832385885576,18.983110731471985
-1.448013900416244,-0.8892408282283245,2.258489052002637,10.9476919995816
-2.198805956620082,0.9553005582377531,2.2217771970132008,13.690805825674785
0.4400144500533324,0.8760467925297942,-0.6797718408571425,0.9002454786903477
-0.5020542243526112,1.472670675750982,0.7944179400481152,0.2044605657043323
-1.0212328171307132,-0.6039806259692295,0.5137641354716832,3.624562303446014
0.7083564472993533,-0.22954865536034708,0.8758121447890064,-2.091472145107895
0.24380071377119883,-1.6394841625254342,0.8607827858843418,0.5802708111962349
-0.5640786307367284,-0.39247110606087293,-1.118031407814645,-2.8006110372526973
-1.2803043986708944,0.9965705105794472,1.227414612799624,3.2888417553290066
0.8724573282801447,-0.46649537922819795,-0.64185651778332,3.111242541463941
0.650201177958661,0.6404797952008238,-0.24226801846123058,1.1320764300169186
-0.09917586377938291,-0.19050310599781134,-0.6785839690801241,0.9489108202433892
1.8466369960476658,0.32405702822156063,0.8248185710970024,-6.687670360015687
-1.0700847663261526,-1.1476913898156673,1.5751042030656524,7.28732164170695
-1.5255251709247388,0.08520944963390106,0.022991421489402142,-1.818506096313703
-0.6919080698812444,-2.9911359709007233,-0.9886565719696103,1.8370749135623685
-0.045586016355497805,-0.18689615816198485,-0.36287962280009933,-0.23051507766919696
0.24333944932269183,-1.6304732437151401,0.31283292142995983,2.10463278515667
-0.24123605785632987,1.205994516546816,0.36082387287438794,-2.277311678423369
0.3520553965142968,0.7774073527645112,1.077105126511095,-0.7438417372627004
-1.2515394241904443,0.466670981966081,1.4156894342760744,3.3837276901481532
1.4437646040732597,1.5210062271593798,0.24768672371627698,-3.262265111813858
-0.08215117839256883,-0.9489165208248372,0.3679309898067218,0.041499786195101196
1.1172958315881278,1.7473631979155582,-1.9479466460050543,3.0276499524745084
0.34272534637770413,0.9321915642603847,-0.3670612043357535,-0.4602604614785514
0.4567532191537839,-0.23655528721894603,0.8317131303317735,0.9029814559813827
0.5697672802322037,1.1356201471829441,-0.3364065686407479,2.106305442137126
0.4477085600173148,-1.1062935124116342,0.2792360886150894,0.8284001380816949
0.6427227598675439,-0.8245141615276735,-0.640109695179905,3.1754346463071985
1.3291525301324314,-0.6085897232397004,-1.6943881136080607,7.596985105853653
0.19652116970147013,-0.5289777080640152,-0.2216046488968455,1.158510917269703
0.7090037575885123,-1.0565576427602528,-0.04545443576160224,0.8110910888951388
-0.08973569428722672,1.223083067095325,-0.6108198723178303,-1.19244317765335
1.4401172154494728,-0.25885440036983165,-0.9557698525814049,4.925594961106518
-0.6763923020592697,0.35250496835687956,-0.6012670909563478,-2.151041992646544
1.8009404329108156,-0.5703513664136806,0.21877470110868813,-0.6891435482531527
-0.04015795064434341,-1.8206033005485172,-0.27437678226586226,1.7291179537104702
-1.4307751021180481,0.2700573583914221,2.168143096185207,9.862721438491894
0.12810441491078928,-1.9122549754197768,1.4646956430855138,0.28332086865254014
-0.6810516574748808,-0.06863404608546861,0.25947986401569667,0.5472494118855578
0.8406435489887243,-1.3683150388328105,-1.4287705070417118,6.8835806370754
-0.6526239793023911,1.987275999230808,-1.7595858880821416,-4.268259679258367
-0.4461834332147797,0.9113627221747217,-1.2489453564194017,-1.2339598543606127
-1.889540730945531,0.10575379127148042,-0.42906445942589455,-2.513526267952508
-0.4523063192490767,1.2637066776546686,1.604622787086043,1.2346339658616032
-2.4238793266289567,-0.8463159774657358,1.3277642505414244,11.50357309674171
-1.5839028234857233,0.543479378670093,1.1815559358348495,6.63118549948624
0.7604146561442974,0.1998104337187135,-2.6006283370072745,3.781254361331907
0.7858001586508322,0.26402008133367,-1.5908665085426776,2.170848076031879
0.42545756178496474,1.2723535001067678,0.6743509955538046,-0.8236325897708758
-0.966976143129213,0.7324921027798023,0.7702621839471927,1.2250940089460167
-0.047711356141979855,0.28872366282502326,-0.12334960061460734,-0.978099982257784
-0.003602539090568403,-1.6548874362282961,0.5666436281454068,0.4068505166951384
-1.1583646891925423,-0.9600462952794637,2.214980150732086,8.102293975346624
1.5033983017671506,-0.12270893359572414,-0.9727416144206259,3.1075939237065153
0.8773622905756714,0.09337237427665124,-0.3693113426297663,2.9697814349715106
-0.22096417382966393,-1.1302037246739238,0.3030790056461371,1.3086764789564944
0.02688583899453078,2.411676675578421,2.378666715776727,-2.661484568367206
0.20838280794755248,1.516394055253573,-2.203547668392802,0.4492269716721814
-2.0417348684242906,0.6021183203924836,1.7040904490009532,10.798129514896242
-0.24717738252059693,0.07203686128374492,0.008786442501234795,0.8803667248482632
-0.6819842479977986,-0.21220896990115218,0.9077638501830789,3.143072853988804
-1.0016200098949155,-0.9519184600222356,-0.15656254904726663,-0.14937563654630998
-0.2811002928859549,0.07748051851886253,0.0915851155845272,-0.2981135150313099
1.7976865268495226,0.2577525401427507,-0.18743268395926593,1.5221147472339758
0.6408428612670098,-1.2417605754816243,2.7924887704103365,-4.654267967215258
-0.5711789897827968,0.33417641724489744,1.0936256842934697,1.534684991393669
0.5725827813561586,-0.15525904882474875,-1.1343569887085878,2.502562652186242
1.3993554365860021,-1.907807557877391,-1.1234374003157042,7.409257341575244
0.9246336829127688,-0.8603850107795019,-0.9157309498402382,1.6228510905332627
0.05963036992017413,-0.4136055334216442,-1.8254583575901022,1.4549094547215031
-0.6469367777055739,1.88768765734019,-0.006621802848650327,-2.1342633785844374
0.69822331361359,0.556553124533758,0.38371742501495,-0.652856769625015
0.3934853854217497,-1.335481569099891,-1.47097481178767,3.848834533740591
0.8951932200277323,0.486036289417637,0.6008860410367263,-0.4918485581346288
0.6351718016819695,-1.5473039889383655,0.17018892024335341,2.5764600272677294
1.0495527153193351,1.0826910538870733,-1.2590096796307053,4.228071692332422
-0.535235211560568,-0.4711246518178786,0.12608796844243655,2.1172551323777062
1.3173940656343257,-0.09363618873917087,0.9396247748238702,-3.3285531332727514
0.19759960469239965,1.3257966475421905,0.6347480111596661,-1.6698894287586614
2.0752608726252655,-1.28716356858425,-1.0288467814144848,8.565357059950344
-0.6891878180895679,-1.3971181851129912,0.10691059208379963,2.350243569612707
1.7359638031652493,-0.5835993263460049,-0.791372831130965,4.395916858563027
0.1979107834626478,1.0383788510193166,-0.6107189496736274,-0.27095184479486967
-0.6514180036144483,-1.5193460754768426,-1.7790405039117905,-1.9924474315301337
-0.48388583405432156,-2.8321555981105697,2.2841208275618916,5.2939838248274125
-0.32034730819432017,-0.4511588584089988,0.31549865329656157,2.044827032752808
0.4241659464019164,0.5517407999109204,0.18606429192157892,-0.7333079668043881
0.5228354880354996,1.2002617497388293,-0.31932549389465853,1.3493106092877936
-0.573700003938579,-0.463161362085399,-0.4482667987552987,-1.933842900748781
-0.02435459226098284,-0.4114266071160025,-0.1737471848182793,-0.1580467912555923
2.1422703586118637,1.1539007342557475,-2.6705299415002433,16.04172950881946
1.7275431701007113,-1.8697416996954206,1.413314913002949,-4.317564778154841
0.4363236696740321,-0.38852077518300926,-1.452673833259412,2.689498081086763
0.03800347816820029,0.19042388992505774,-1.0509680229312797,0.23987018520053022
0.1200313267182613,0.44921872128503426,-0.5002748677455311,-1.3963365455412848
0.6135179727304166,-0.5098066931908826,0.9813167384871693,-2.453301072047806
-1.0227925651984056,0.03444101170584135,0.5259052818618569,1.9017396854447008
-0.25737653742334515,-2.4883273534129895,-1.1074475273187898,0.2691283297165643
-1.66858407387759,-0.6582484123338483,2.0886303976961345,10.581536915481681
0.39922312260527926,0.4535087125544674,0.5313890654828417,-0.5890197895896938
0.647195939702741,-0.9822940342546795,0.2148369873650819,-0.4171551157840465
-0.4831864622993739,0.05898422158959733,0.9573274723205274,2.9340747646098815
1.5739867632900326,0.4468725008026977,1.6073685189374345,-6.812866474174685
-1.225765663002341,-0.34254920085776497,2.7979777265372827,9.06012427162373
-1.46437488020982,0.1704637709965709,0.045472097101614706,-0.9030704239403591
0.22445181855997198,-0.9627325652846123,1.5116590835311663,-2.3409285702341505
1.0470983026121545,-0.20661127969604665,-0.14038096154717694,-0.13500208318675322
1.6839276914578687,0.6102161695892225,-0.34286802959118495,1.8882672156157536
-0.45888426286894,0.15697296096843422,-1.4628287002088585,-2.584675112639906
1.0786808334312956,-0.5865312695639355,-0.7097261821038438,3.3440326020392597
-0.03850846950070721,0.224216404290793,-0.7935693555862113,-1.8382281465513997
-0.17262729994081963,0.714609790636618,0.914372464863719,0.5569024131942546
0.8836599374866724,-2.049941278577478,0.6292505316594688,-0.17329840575985633
0.6523228784134196,1.1590740649558977,-2.4006477902230214,3.5510880470522967
-1.5763921569842494,-0.336254738681072,0.7661612144878542,3.866691825800561
1.4765403497258958,0.42548993324023027,0.3835913299313043,-3.3962026834782826
1.3800913541474515,1.197246923645228,-0.8767246393871707,1.2795490289738198
-0.6255627015095294,-1.371673697230466,1.0418449957571292,4.294686276533934
0.39580353343740904,-0.7094410024275466,0.15326370090837954,0.9264462168275496
0.4940301862827388,-0.2885486958757048,0.09464513881125694,1.1983250707560886
0.2606737658239071,-0.7837535211244283,-0.401651860980251,1.4225120660826538
-0.5503051538454201,1.7349365758368085,-0.9414282272129995,-3.1461643572602043
-0.6716233679380516,-0.8567720938267928,-0.7857184634560017,-2.452359166872266
-0.025554070991445278,-0.5555467794868666,0.7221295499510398,0.3405401320791047
1.1727290192593647,0.20438903160297678,-0.5669062541107992,1.7627088941793523
0.5436001545944323,-1.2021495260760888,-0.4103123219044409,3.8243942492064265
-0.37061433208610595,-0.39568071175626385,-0.23858287627929958,0.8173706438366372
0.7716987106483447,0.31745326125017487,-0.6910382008049241,2.818427786169089
-2.8485426206300755,-0.33286040438251097,2.471183104803177,22.048209302515662
1.1487657003721035,-0.09338685889994834,-0.9096269320540784,2.516928290985762
-1.7397137787780996,-0.5293321124483711,-0.4712078239125189,-1.8128439031877388
-0.36244094140313216,-1.514470309180767,0.9248722462417394,2.7563286582614563
-1.1196698946261439,0.32159321133923857,0.3549582834483547,-0.06844046963403172
-1.2946814757209055,1.7549330716472415,0.6787366033932292,0.49692267368065995
1.1608267873785192,0.01840163078343813,1.027164912710251,-3.801250261648743
-0.46770120131189136,0.22526411724754958,0.2132900433054385,1.6796237437630253
0.3465038817307158,0.6927227551168597,0.11593173225336745,-2.8939756662325116
-0.04692057887918407,-1.2693304965466992,-1.1554632018587332,2.3125039103483207
0.47704082722312147,1.7025146581296056,-0.45818986596252087,-1.9835840750369518
0.07682189106025536,0.20232879642280202,0.5711150996784735,-1.7060304096035157
-1.2829922241885696,1.631856899089109,-0.9138776217469575,-3.969408416734513
0.99626681944714,-0.7330329955239894,-0.2972883166078604,2.353466521695493
-0.4937565831613125,1.8180619225578247,0.3476693642254626,-0.04855110812714414
-1.556581898659751,0.7751554940347829,0.8195784049173149,3.852769182390967
-0.4281151609659125,0.5530400858523584,1.2512164791411995,3.1137991489972543
1.5007597906343109,0.23402445435314795,-0.41594138046863394,2.197383679796097
0.8502217421134929,-0.24852861807444937,1.0529610272996976,-2.593699835073796
-0.3486521344078592,1.2005316584738726,-0.8192634483901066,-1.714519130923191
-0.3492577043184288,0.14035986984804696,0.31055341937756237,1.4284987814580536
-0.3216350512173826,-1.9670697035871527,0.2452843119986387,1.4243704750845434
2.076747983560841,-1.1171864617070026,-2.1076284855355,13.596337501469336
0.38193545223155334,-0.1858457521927471,0.7653272759755694,-1.000031120169776
0.43004164719106963,0.3099989831655548,2.109652482257283,-5.13629706734284
1.0302834540318422,-0.05658848889989584,-0.532147801499752,1.8394561222712895
0.23878915902651351,1.2189707897936632,0.38562650876051,-3.381349782920447
-0.2590421458207031,-1.9511018640386248,0.2140395487256788,2.170496968948428
-0.19634984908497827,0.1435879365051602,-0.6154097453646865,0.3591949877467463
-0.07160125941406395,-1.8179792253871547,-1.7849596480949843,0.9576866883226633
-0.03722223650984159,0.7597122954841684,-0.6871623648404444,0.8406704145084433
0.7276295436369798,-0.09445871444200275,-1.7557731527702212,2.466615068664287
0.05194588580729943,0.41960997202411815,1.6781291351554681,0.5101349963336501
0.7326400772155792,-0.8638829605897661,-0.4814297325310288,2.5971641662429126
-0.08071658010858232,1.279464931657751,-0.30556103899287956,-3.069489706214231
0.07863519031609059,1.0417246640588513,0.8498362296297605,1.4685885340183462
-1.9982006845321076,0.5835443030118876,-0.12265076058983393,-1.3825320898228233
0.9163276747024814,-0.12951724686344077,-1.225027875355793,2.6196140581192946
0.3464884758979927,0.5798572852951321,-0.10517196870037532,-1.8776218546525958
0.9980101098596522,-0.7068925679873489,0.5297639364936542,-1.099254753051466
-2.8962553781936893,0.8555556590207121,1.9498127342656328,15.958504322851473
2.0883747047807275,1.649480894323921,-0.7958622098744815,3.4393401569940165
-0.13958962815517376,1.0706105599791862,0.14791254931360323,-1.306465542928637
1.1081828167375165,-0.7296024698074095,-0.1538555528419831,1.874328019679913
-1.0399059271255309,0.3614173172731029,0.72160586869202,1.5021595097678486
0.6127739050625697,-1.2931415437586478,-1.3363592273082205,1.8148356133703465
-1.0534155631736561,0.5723903111756757,0.5727870032199794,1.0883964239012593
-0.6237689606958051,0.45060341286253885,-0.7618041785698499,-4.2436504683965275
1.9140313538667861,-1.869816339532164,-0.8759331340325693,7.253277417710962
-0.19068240076334658,-1.1617838439123638,-0.38530674110656815,-0.037930029643776564
0.21743287317972287,-0.28313889674376713,2.430665186193,-1.1390202938560425
0.8700677306887539,-0.30085974714082625,-0.4749282490960889,2.8545939604584825
0.4956818879726045,-1.2094769354188053,-1.652080510247891,2.717447399358061
0.15041890514357628,0.388978729352184,-0.20938966324871272,0.7667660208426944
0.3649610024662251,0.25147360894051224,0.33687824440477554,-1.053705440987752
2.403415585238275,-0.1942691319785193,0.4716561535333861,-1.4532933167829254
-0.05761879703358539,-0.7557915001583629,-0.5606430014219258,0.29372816103845933
0.2010990467149675,1.0487071264165635,-1.6829774973811238,-0.8738646008249977
1.050654396007612,1.6554071130882952,0.2915098134271752,-1.8869968635628682
1.1055259329579838,-0.4835614838465371,-1.933361672378643,6.459916154027723
1.1870303055603801,-0.6121669171548207,-1.0296705942876752,3.437468003517324
0.6387302220291846,0.49120766541199645,-0.5769855965255863,0.13656689841350028
-1.1430049127304835,-0.35802937974698634,0.5018690030651336,2.0343390557157783
1.633431532301096,-0.13939720066323416,-0.12755130907621237,2.106616322602193
-1.146345393018688,0.7396531517246714,-0.11046158577704368,-3.053622287067406
0.30263546523903323,-1.9093560875072928,-0.42504698478627734,2.3183396224254436
-0.7542758500193579,1.3183023248526693,0.36286757206029047,0.12770800888208256
-0.06413834659299263,0.07268052432934134,0.18166713081528435,0.15572353886481047
0.32876241030348075,-0.4114931445621802,-0.0665540304438177,1.7869997043880765
0.32135721545027307,-0.08923415422144892,0.27532716749744324,-0.25054629119144295
0.42192075423528475,-0.03757064497948127,0.6328791325240949,-0.94805532000948
1.613711269058647,-1.7312013034449254,-0.4142215188783557,4.328832649160043
0.45353430151397983,1.494938227453236,0.2268183727522283,-1.7042341492720443
-0.24415663529064877,0.041325632270618466,-1.4601448491011533,-1.5012465307316183
0.9640871682883576,0.4430021304473752,-0.4318158849784984,1.3220663704515594
1.1894704889246406,0.9515497705740432,-0.11522769646071168,-1.1928982304503397
-1.2276078151369925,-1.0211624575603007,1.3427451021389465,5.355078448909044
0.597400069849858,0.47347189903522846,-0.9910508091587232,0.7746955470476968
0.7011727423108983,-0.26764109089879357,-1.0096256460440942,3.7444761998976506
-0.297563503359992,0.8467707752164937,-0.42531892360360235,-4.447465298060573
1.3757068133116197,-2.1272274203514954,-0.1514395067644665,3.147835338895721
-0.15005558703252717,-0.099094300241269,1.108908848440472,0.6325600190963874
0.12557645347154262,-0.6028206557839616,-0.47024833402737287,-0.9008934493399823
-0.1730718242838696,0.4322629506341556,0.9944982257689837,0.3938226950445755
0.015579047581467534,0.47004418736820225,0.11569028537386045,0.00030077108167098077
-1.0962750868952018,-0.7076258948220262,0.42385176628516463,2.6912395219242873
-1.4400508825942944,-0.7121738641760437,0.5086412114791782,0.25775347767435974
1.5945050632249722,-0.11066536855732945,-0.05064116701032895,1.7192975720285406
-0.8469613483183278,-0.8966422273152082,0.749058490946234,2.06217629101371
-0.9913923494563072,0.8419836954521269,2.771521602375791,8.087579990145782
-2.153390113603715,-0.36920720044744615,0.22447041380453325,2.5603980907793824
-0.6389617476895023,-2.9069882193216414,0.8375825758747268,3.6358408132479205
-1.3230897934074985,-0.3748220566218061,0.13234388689223642,1.5605905468743397
1.642015160136369,-1.0385438208439723,-1.6902945670568283,8.979518492541972
1.0098170893426341,-1.6312758154609455,-0.5157756817062892,1.1224159290858613
-0.6881503451777238,-1.2374266382225725,0.4814276519958979,3.3990523784475863
2.2524358053443088,0.10940847183297006,1.791955652387938,-12.993248653932344
0.9817654869915943,1.3286408282482312,-0.6750285591789992,-0.19497506457947256
-0.32483138350862245,0.31318447386498,-0.967763037730372,-1.659329761265094
-2.4994057148735727,-0.6065033882157399,1.522713574931172,12.296377147438745
2.2909425725907413,0.4559041951707029,-3.220111323841739,21.61809575481891
-1.389572466763596,-0.45909031021899177,0.6028294507775321,3.5201828557901993
-1.6453987469568918,-0.6946003691631446,0.8387246557736063,3.495220495589714
1.0225704320096403,-1.1543626682329844,0.28331516694039127,-0.457152840157108
2.439752406339273,-1.7518288067517191,-0.2462539537417895,3.4382277630664584
1.3842728185105182,-0.3899237065594453,-1.1957060281629768,7.253361060363693
0.5639091200523596,0.15805348992013185,-0.43256857465611287,0.45992206455600626
0.594754341665286,-0.09662367001488972,-1.063498001443314,3.0794060948088178
0.8534155587803077,-0.4159669279473586,-1.5547703341978478,4.435117677335183
0.7589285897867651,-0.9457460606967811,-0.06956951551274804,0.6204823061599278
0.2811914239693758,0.6082461916849685,-1.4141812605812871,0.33799631144156805
0.10420110395187607,-1.317131919946585,-0.4667274525478013,1.294612755318087
-0.06259312789952241,0.7760279138434754,-0.9638773959494765,-0.3533784782551094
-0.7539645888666763,-1.0022170189267248,0.9266654807235979,4.472847161075404
-0.28067507686677406,-0.7524352373530351,1.9417676376998751,2.7471334279458364
-1.6929568141953855,-1.466785190615677,-0.45510957570563826,0.3424202971681396
-0.09833962679474989,-0.5014021468856367,-1.8038486695001936,-0.9955570056026145
-0.9885911071509176,0.9753124584779789,0.3694086682253914,-0.2943605943557525
-1.1035893172157711,0.5156280884439565,0.5674924545656439,0.6389052087259798
0.17989415115347845,0.9784221120280351,0.12871223118055836,-0.733441253867073
1.3920022863445993,0.5221425459339358,-1.1423216584066442,3.88924214961566
0.9183166060023132,-1.1036698285303692,-0.6597976018265886,3.6511520486381404
-1.5705006036231774,-0.33078922432755736,1.1527607123521912,4.831021696441717
-0.9896281365703375,-0.7801991291174627,1.5352449609300076,5.381194932031236
0.9407711879882159,1.3305749040390402,-2.425434364312391,6.20161931187805
-0.9824873935383096,-1.1967886464263116,0.1223042577376926,-0.508026954404269
-0.2246331499970246,0.8936976893891109,0.32612536893957567,1.447709324697609
0.5500520990245519,0.8929538701087693,-1.193002154123012,0.792534262059879
-0.9683444548636353,1.8296202017160872,2.215341859199117,2.5809818995560234
0.1053755061459599,-0.40968659262949736,-0.6880976333017169,0.7853064003672999
-1.3340254949182044,0.7123221595801621,0.6257200604518194,1.8253008483664506
-0.6013676439512138,2.2816518365388427,0.8567059188178976,-0.817960556235599
0.319781934142537,-0.6176416769336966,-0.751175755873163,2.3294700981426697
-1.5929937335316693,-1.5350402475323597,-1.0500761810385826,-2.7358091094165706
0.440474737960399,-1.8800100339077637,-0.6488918958967328,3.0353476883608286
-0.019637798926681226,0.7127120288613313,1.0392594553903811,-0.20133009026185805
0.552489954417148,-1.8831502080585838,-0.6131401039937125,2.7950530029409317
0.22391413406466143,-0.37231905293792283,-0.9583913684913092,2.791602022290303
1.3641404299738442,0.4373131870389607,0.24360199451579956,-2.913431194020534
0.12522450264790727,0.18517553682991406,-0.39338714734700636,0.1022612670098062
-0.429405541125253,0.42544486418417227,-0.29545804308759077,-0.7410341956108979
0.12229750303228384,0.22228985580085406,0.08830733814716761,0.5585912493992604
0.5432980290363882,1.2788658133133932,0.49910119510059325,-2.936201777501867
0.04886007032570433,-0.952316380738797,2.3572834965696936,-1.1368873339177914
0.04059169120388238,-0.6769951384585313,0.8069402620554819,0.7355529447447163
-0.7019916878067556,-0.772659445270824,1.510835810291722,4.235672478886148
-0.6629009175509484,0.8301918118626102,-0.17451574021238114,0.31234766464342756
-1.4026052717996935,0.9003985883950636,-0.32456547006962955,-3.5364723528115745
1.7495767431869393,0.4512253193185082,-0.8124570219743467,4.967836178853923
-1.243863235391285,1.1834936668899279,0.7291015329552387,3.9046284722685405
-0.6929051977959073,-1.1780408673763807,-0.7320601424666435,-0.7214688535891456
-0.7184072655691974,1.6672241115511366,0.18390910288058587,-2.5618014239031828
0.8949243769444413,1.5232386217122578,-0.048144586753089746,-1.8009556951758596
-0.2949496782920278,0.7356219972457467,0.5078682341640941,-0.27223031303004663
1.2477420726737338,1.78179890877106,-0.1195831829525944,-0.7703841281015679
-0.6734906242438685,-1.6566232076777738,0.6277100422593772,2.3334989624559657
0.27899416222380197,-0.5244481362626519,-0.6465057403819567,2.6207606526422227
-0.8353470532597573,-0.7353034606819523,-0.0962271000189645,-0.6203779276598312
2.1451491277733883,0.7214793237573432,-2.2715259618805703,12.157601331597993
-1.1875984190295128,-1.0501407396021456,2.3785742486998513,10.631224215790228
0.3098207102270275,0.7574951493374855,-0.14145999049422076,-2.900634476372801
0.6337768809320985,1.3705361439967134,-0.5417414962609012,-0.5446362055542635
0.41379909745149823,0.6952029000839993,-1.1356916301782078,3.8323227437769383
-0.1852876588777083,0.2837510236615011,3.0283017317666325,1.387526238141615
-0.12982069973342616,-0.9878733409007492,-1.0084176823561823,-0.5256347772366188
0.0438114719791096,-0.8468509661253646,-0.4507536615956282,0.8486980465820045
-0.14700200162848862,1.2496189052966666,0.4893378371003048,-1.0846187693373
0.9638791167949097,0.7793490039053323,0.1182734073468229,-0.9607028657935566
2.2105230015913513,-0.03901951937754412,-0.1473294455799916,1.6783078863359817
-0.5574917850078337,-0.41790954576589057,2.08635440027318,2.8681746936998813
-1.369802979579078,-2.025807873111377,1.1910591452502515,8.607905026404284
-0.0882820483512548,-1.0708524186844388,-1.0118897757910401,1.0479715967194818
2.579709337654318,1.9114190871397234,-1.5467997939489406,10.786256575057653
-0.8036745679697308,-1.2804555710024668,0.7096696564987504,2.3633365350104056
1.6391168054440675,0.18947982122108065,1.24866763878379,-5.043234017659565
1.6777008140764407,1.0074439731951985,-2.2366558854625174,9.992821817539719
-0.5535882417079946,-1.2549226680022925,1.4793706260792248,3.989361732672783
0.5689830791852754,0.1847104747810833,-0.10457717004622089,-0.9393086312920499
1.628396623128538,0.937915537510655,0.02363222366521167,-2.050295063553129
-0.3791277409874871,0.012499321907250335,0.08756915385781158,0.7753056709925257
-0.20358036010236177,2.8684030556667683,-0.7406424500751453,-3.764350655954335
-0.5816809139486437,-1.6685992588781953,1.0417132363756538,2.632610293595988
-1.0147567306928669,1.0587285298838789,1.1618093924520547,1.8349498304078296
-0.6492775450660071,-0.17280173739646437,1.2966957382727253,3.3975010860436923
-1.2239402667622565,0.7719201548366751,0.5986654980024929,0.7972344119393049
0.03408346825922606,0.44130715169924584,-0.6168637574494624,-0.4958875144095229
-0.7699732310586415,-0.7331561971099966,-1.1738003794945209,-1.9632006650546734
0.2337859117907477,0.22899639245934025,0.7024803122440325,-2.6390352794087
-1.5558956462036273,-1.8579014513982872,1.2018373055457996,5.996575339456195
0.33088023221445706,0.6032475005713938,-1.131222748971188,0.855928126273758
0.8335289616089246,0.29815846599052565,-0.9553381541010866,1.3537182315765737
-1.9937356425714554,0.6386601686431024,0.5301090093342873,3.588756421711355
0.37405656984757213,1.0581183250871502,-1.670012716906204,1.782726464626672
1.2276689924732922,0.3676198402097109,-1.4315168928417799,5.623835530776423
-1.2096410186912054,0.1480894197982762,-0.5290098474607514,-0.24805366482598634
1.6725723868377034,-0.8810683366612923,-1.2487652053067884,7.063929609037659
0.4190190093660452,-0.712220763649051,-0.9482070030125853,2.5530529667817303
-0.7050118557584089,1.186734620177331,-1.2744989929875443,-4.466746297398478
-0.05576907765770601,1.4363354057059785,2.0504747693983343,1.3590937671119727
0.5583269125217224,-0.23811043631205406,0.9733772747683695,0.5913559031273774
0.0760053914124115,0.04600274725327412,-0.8170221172261913,0.15217194470163933
0.5387559924463692,-0.9046143749937661,0.003043400430425447,1.2862816542410416
-0.9206735930793662,1.1727568452674448,0.8778018863609784,2.611047804280784
0.169360824036078,0.6654168236917787,1.1064054427554377,-1.3747015410150734
-1.4137144969049802,1.9412174364637491,-0.11174777820758852,-3.071779869410425
-0.11122606134870032,-0.8783230771797389,1.1477198146567762,2.135281891735022
-0.9039076414647897,-0.3780078990182172,-0.09595148347454019,0.19625330773432914
-0.7355299425897666,0.23144592252557222,-0.9680974328737301,-2.184645420549057
1.2360931752104374,0.6464895377257704,0.10608997170927859,-1.8741721507580587
1.091310120594269,-0.21566763754763232,0.7451033638252936,-3.941421036309894
0.609138120907177,-0.8729610904537004,2.283339913077096,-3.0635046517996156
-1.092312764672579,0.8814075289235711,-0.653568882753924,-2.118150387104093
-0.3164084496948019,0.7211353625455816,0.8571239099281898,-0.13333836901144683
1.2130976999791834,-0.9162741005637249,-1.0163500937831247,6.0514995035484
0.14171691363990474,1.3554428011054958,0.7125002537040789,-2.3622791372888137
2.319329539981694,1.1701987091966037,-2.630154321222098,16.075680671600217
0.39331783939437187,0.13429649724779288,-1.45942869539575,1.5205312192256857
0.1920491164900316,0.07959786237603639,-0.8718993814114996,0.3401520798775239
-0.3091164642025014,0.5540577711159071,0.2335222777693352,0.43246770266902934
0.13354090478228192,-0.8617030702562581,-0.7078517189294964,0.37032172318488876
-0.15246983638054348,0.03003147916408217,0.7352892621036914,1.6743910581067771
0.7081086766885905,-2.1523835446091804,0.6728402799136192,2.689968386420193
0.9567023167945841,0.8764556455029355,0.12122638284806375,-1.263532356453387
-0.7859894605079495,-1.5614932224418594,2.011782369914843,7.554922861392493
-1.331232953557778,1.503419828428999,1.081443106234232,1.7590412021964243
-1.8362053731032966,-0.3301200939664503,-0.2987940237885188,-0.24059994064653112
0.5079913269125437,-0.2116669819311769,1.1093808500820679,-0.4317241597630266
-1.1033666061738736,-0.6277339060845056,-0.0534729325190606,1.3141704420472229
-2.152890592952483,-0.2880388739220764,1.9868637961618114,13.104976913755651
0.3885786045309641,1.4185313451480366,1.3794449142896241,-5.98084862585606
2.4929995174327906,-2.4878086565350794,-0.7898117479859961,7.753082432658461
-0.006070911539893324,1.2769653860881878,-1.4931233573947031,-1.930075263235465
0.8384907744516419,0.33802348110170816,-1.3374575537356126,2.048059040921731
0.08182935854756501,-1.2070216478572156,1.2818297876113531,1.0145907245420862
-0.09888965319114267,-1.0753123930492379,-0.11967785904724504,0.6208442416004817
0.9190764829877686,1.676393027208203,-0.37996470655171843,-1.4533551585021263
-0.29027454418865134,-0.9455068799427312,0.903961688257935,0.6738979327641388
0.26739231407190295,-1.1533505105959596,0.562626705044372,-0.013488644750662804
0.3216978061960136,1.1373145423647297,0.11795090928745389,-0.1296489767845983
-0.6680904536430488,0.33855287628591424,0.12537685560105855,-0.7482886899088577
0.9920423495365228,-0.9379255765363989,-0.8086896205006187,2.8297499236048242
-0.17495975669540864,0.216624975404619,0.9453787036390473,-0.17711290650673972
-0.7557451594928447,-1.0257526836402773,0.9314421108142157,3.476544797236621
0.5365098435704035,1.1008213984226052,-0.5255549224029913,0.201324257724181
-0.8984679817910373,1.0613709648731335,1.5313463038886592,0.021569365117728
0.028181157369128247,0.5320061988219431,-0.1431246938143479,0.5017292735650363
-0.009118996644203544,0.3616610612470166,-0.8471026760122915,1.0515327936171817
1.085895565831578,1.7611881248673737,-1.3019184818191336,1.429867857215688
0.4746982328799528,-0.0003136726117747121,-1.2160899527497422,0.7598426826570435
-0.025026958745143917,-1.1818741254208012,-0.2598965372311152,0.712107477896663
0.8177662992002871,0.44947391283230687,0.8248411287360495,-3.229059764112912
1.3902075490173134,2.0860470495371137,-1.5001989555391655,4.394643563464803
0.5578103063518622,-1.0147594931858521,-0.09042939215782822,-0.7804384523446994
0.010352619843380607,-0.36146276669398564,-0.6618656555491035,-0.7359087107848847
-1.3118362323501596,0.4164460381014525,0.3956090749036422,2.679674116988833
-1.0651136630753726,-0.05390484900573917,-0.9774843804475659,-3.9977110255146826
-0.30522470435466764,-0.9823035803773149,-0.06792587697920358,2.1635338913232127
-0.6095122021592831,1.1218578562304709,0.11105072127467952,-0.563459351613814
-0.186971302985446,2.3200407220172594,0.6337735955284184,-3.7738160117443593
0.056649924897107164,0.1961314590239074,0.19495595080681694,0.40606501627794794
0.5296927543567308,-0.9040682897360006,-1.4632385021304104,3.11160148496597
-0.07049877805909122,-1.548960525053475,1.1194476330730883,1.3302525395021185
0.4865016438262019,0.2579759812211809,-0.0329477816911056,0.03506856181027218
0.06447441481012024,1.1038773433162576,0.16615630977242657,-0.6613823502682243
-1.9754665663538713,0.4751677464953816,0.9785509297917967,6.031708011313804
-0.9393353938187543,-0.002403840918853844,-0.04808975031284257,1.0451394748205776
-0.14408755572161547,-0.5892716517893062,0.2898461176095338,1.1226972204329355
-1.2096947428411076,-1.0921636327180897,1.0804358073491362,3.6375220923143408
0.5999287299962045,0.8347513263248821,-2.046860056343657,2.375513678270556
1.5307508323436974,0.9137716213855857,-1.3041362535179444,8.01819968056959
1.2187618516973167,-1.5457297866907331,-0.8643278962522476,5.430450449002567
-0.213442870930208,1.5898389781806839,0.36289204115938206,1.0118184799391583
1.490726136849952,0.5740712208940013,0.4479479375021497,-1.1819402338422658
0.14866745720211172,1.3995946451457935,-0.8460745431978383,-0.7804413207680625
-0.3370859711180397,-1.342127748485115,-0.32941886125882214,1.310407388010146
-0.6134026635409398,-1.365824155415439,-0.2058327788760802,0.9504689911187305
-0.30246968648812833,-0.14896930976729691,-0.6502927468604773,-2.1789168358843796
-0.38817681854122876,0.5027844268951942,-0.15309808584164808,-0.6630245580872587
0.1704162223754877,1.7963608229269636,0.6855941088002273,-0.936195344698638
0.1605739810498646,0.7060789138151315,-1.134122485889278,-0.7593872209641045
0.0030460201534144695,-0.24268127681203333,0.42629138507619596,0.6507387994233357
0.43693816974634986,-1.0263692076658921,-1.9203713148915105,4.3952108362453535
1.1906462747863413,1.23000057271915,-1.1566611338353767,1.9918417985420862
0.9495541354413237,-0.964705425750715,-0.8042663679386479,2.8044859284246
-1.4848979684499035,1.628468554772322,2.4173086571390163,8.121990097056788
-2.553921134901955,-0.2843846496065094,1.0021582626982894,7.140518545782462
0.9343199112392737,1.5905820726178506,-2.668403429070555,4.601240008728412
-1.366878698415421,0.6789312900592783,-1.3154495576535394,-6.973559689027139
-0.22476540189268354,-0.13699548944245826,0.14641228729302275,1.6551764200266272
-1.1701130260593595,-0.5193963718261266,1.1988273688195883,3.8122099034926396
-1.8019804375800197,-0.3409078773460798,1.2764460764172627,7.3677596743958045
0.541462728204788,0.4283166923752375,-0.10316125830140366,-0.7636115169514429
0.7591551603026468,0.07715649621771674,0.7826820173543436,-0.680821836232685
-0.5765104007267194,-0.5938114080687051,-0.2513360203737719,1.4702802152040952
-2.59104229214491,-0.16563141031763223,2.1904317020992803,18.05620492703917
-0.5462444482524828,0.0785770297191498,-1.358892660900176,-1.999305191979689
0.3918040054025465,-2.128734094414812,-1.1008498356393395,3.1916266824245985
-1.4789115687741285,0.4581681147886987,-1.0675856105447519,-6.386636949254223
0.1833599197791556,-0.9797212247168068,-0.36652526055937007,3.1248682329586046
-0.015309849172995557,-1.153332403205745,-0.03860629267984476,0.39188621589902095
0.5792914996010884,-1.6873443471107104,-0.17554425757402428,2.6560645827928004
0.11958036841415326,-1.7938924978678903,0.0020931686800585783,2.8527071648455444
-0.9730689408815555,-1.3554475031122892,-0.4410188603709502,-0.48725825990289373
1.1965715016644913,-0.7090209576304904,-0.7885265952454613,4.577618841472203
-0.15852957302697002,1.9532591375265682,-1.4181818820922636,-1.8635172389157266
-0.02730453950993186,-0.5258796758952039,1.3768812448872163,2.3666288363314907
-0.933267959073196,0.17775010626803134,0.16300790663859704,-0.19070640367054986
-0.4432822511915103,0.4004813865063287,-0.26724499344793606,-2.0417402907318283
-0.8848027140269009,0.13106518621584873,2.0313416854575332,4.755454967566054
-0.17294605992342302,-0.07744346072599365,-1.1557735035875178,-0.31336241756772887
1.7117084801423437,-1.1952937635992447,-1.9814413541031408,11.428456396853523
-1.3719011429313563,1.4509275482792119,-0.41026975340288696,-3.5329140753645216
-1.6135613978767411,1.8071966436378852,0.7389093172388886,-0.13956745013073935
1.4711703274936085,-1.6826586941226858,-0.30395353410920695,3.4946439512066374
-0.20932367715186612,-1.0240285908863795,0.8443373066937667,3.526592439349506
-0.6690727386599166,-0.27981034237700614,2.906531686824927,6.578104927617352
1.0399046873960764,-0.9645377949101914,-2.7693847978988018,10.213362011578903
-0.6056155397368641,0.5059655534558652,0.911543358992849,1.7226142227492618
1.8260097135469362,-0.7282722024066131,-1.4701354293456994,9.17876359493324
0.6779258713392691,2.1650560678066024,-0.925378084558408,0.64862313193906
-0.48791140814570266,1.190548594343596,-0.3758164241810263,-1.3452702753372718
2.1573082132655035,0.2125740306322149,-1.987423777440725,12.337205714650596
-0.6057149230033384,1.0269862633197322,1.987382296105121,1.7883861700620476
0.742095372009307,1.105900424357309,0.4712496410092492,-2.404010612600018
0.2992925804064919,-0.5639474880582432,-0.12645031164587114,0.9916139047060029
1.301741289398798,-0.8162172445419648,0.7001451077876013,-2.2340891027140866
1.5615111967268527,0.07814306296964744,-2.293284563662302,10.9791641904804
0.032004149065766624,0.861636124497944,-1.3467072058638094,-0.2931853363043042
-0.7534178703461835,0.13906039865341766,-1.801258797021596,-3.3771826677662533
0.4599721429391164,-1.5769964821909972,-0.9294006115928457,4.142286623919838
-0.6777153697521061,-0.8028244439508423,0.500556211580806,1.898535776469298
2.013387247526623,-0.07397286359437803,-0.9038350458309774,4.22550616387791
0.13653533108273744,-0.07566560432583026,0.08107424551851174,-0.30264698935581924
-0.3653215513121087,1.9725421767898081,-1.2283960554100275,-3.2747582671474076
0.1846803058649084,-1.385987942398998,0.7108145896815677,-0.8436011812849864
-1.3471262895296965,0.5055892418358746,0.9131906630038462,4.573624726723212
-0.9716140385106515,1.4891131083282896,1.2188613007213243,2.206053056516751
1.2004139079444254,2.271449745422796,-2.4929691315622646,7.087687541967925
-0.6568942789713957,-0.40439742318396127,0.6399379982834877,3.031038715616717
-1.0469109826819396,0.4914294527201996,-0.6643097485765571,-3.2079917979249735
0.5366527525272862,0.5697603571986468,-0.6656496288150049,1.0759496902523993
1.185704154662997,0.19548173155329082,-0.058487178695115105,-0.0973003823352812
0.7189533106650667,-0.09884520123930605,-0.2683830490766202,0.4936229792034502
0.9960476858058164,0.4359753895000459,-1.349563822682227,2.8245219899852247
-0.7567950885694608,-2.5322460852196853,0.38467070046914864,5.07119998940109
-1.4218106667418438,0.6820694900626313,-0.8206299818727212,-4.557910915162605
1.5013336519554867,0.12617790366196718,0.3996005699205527,-1.226515005653217
-0.32267983884213575,-0.22247489677826537,-0.04394410007518343,-1.6950721160846396
-0.25083301645504735,2.046862195719558,1.2439664524828498,0.06920990690570128
1.328194141849058,-0.6749340187905523,-1.1906287580205719,6.471303599307441
0.5562300094006599,-0.4030759890650308,-0.8016909931069129,1.8382838652591817
0.45588777208160763,1.991553302204734,-0.9921306726786503,-0.8615950423987685
2.165002344901084,-0.8320613048498566,-0.20632724075746667,2.5721581906340805
-0.643518230380143,-0.5501152829365389,-0.38767204213840456,2.0904838642425414
0.9278401280812372,-0.14702542343084998,0.18067536837455822,-2.1191248462739596
0.05701312489708459,0.8407344821295493,-0.4109589601178325,0.011583069006900315
0.26859227886325737,0.2078025073533134,-2.1102594393232486,0.5809783658943773
1.5284684264125317,-1.2926253471522626,-1.334548280992732,7.392151683914062
0.5078357562896237,-0.5321685631271895,-1.4330260925076603,2.4675141124627027
0.538296079049633,-0.6073544332122114,-0.23524531584247896,0.5589310688128525
1.0725073373098022,-0.07722104522304557,-1.7266614043293913,5.622326991749074
-0.3649527295428853,0.4258436586298291,1.1084514654860593,-0.34641764022277344
-0.8392096673390064,0.4182057558879721,0.32852897331647596,1.4380887514644303
-1.0448091940210336,-1.7760117540484022,0.3448086022517778,1.062645836280399
-1.9663565893760018,1.063940987560856,1.6390704324755836,9.144814361316696
2.056207129940322,0.2525688459966235,-0.06419663089429861,-0.1830999880421827
-1.1032083657216831,1.3845320475939062,0.53150543109119,-0.7963732273824289
-0.221253623585772,0.4441983272906719,-0.6605734877564046,-0.6802777901243651
-0.27681329988892067,1.1013229577357622,-1.6355629661676692,-4.016510789965191
0.3074066978091007,0.46654531145012695,-0.8397531059397303,0.3476056980851128
0.8157372125392965,1.3462257562027482,-1.0250808529176099,-0.26051287125505573
0.8604734883597454,0.5222506360177785,-0.32317929118757593,0.7732830844614628
-0.5830774385689385,-0.09791524644290406,-0.053608161853557934,-0.9202152162873564
-0.1671217137864115,2.2724347204468818,0.7714938289446338,-2.336628624869588
0.28257995048829965,0.8890371222798921,-0.7542732465148394,0.044339755627707145
-0.24869112618354708,0.5737444210044131,0.06730439623883178,-1.2960725145534329
1.6073455760199926,-1.276304416538336,0.380314655186893,-0.6155508186606309
0.49097495163825133,-1.2883076174635377,0.09633773813584084,-0.3674211327478649
0.7348777860498175,0.2927154821418534,-0.42747643471347324,1.2805889292464219
0.6628812686674127,0.1455211977682408,-0.9333850762688833,3.475563058319572
1.173473857485325,-0.6141225650083162,-1.2199683254576397,7.701134243572344
0.18102155870370695,0.14098269961205998,-0.9411240323038013,0.4612766648378351
-1.2968319479558466,1.5886269280435956,0.10740910819502392,-0.38254809822014946
0.3996879517526416,0.6954024745502987,0.5558218628679938,-3.142494053184926
-0.651356893791829,-1.1410085097527383,0.10379017560364581,2.8465561752202237
-0.5286166817497568,-0.1115088271429437,-1.0854647285063526,-0.8336469569512367
0.5863640187550933,-0.8049664808525608,1.4749872836822369,-2.2736053779163976
1.2382830714336357,-0.38769991640856116,-0.2991763445716548,2.736275725267
0.02127157673606165,-0.41361566562964275,-1.4175791888812002,0.2496020224714927
0.3088330125989638,-0.4776455826040052,-0.5962654335403057,0.5720597500360882
1.702214944635238,-1.2551353719733949,-0.7402210894892011,5.510516499988974
0.24075317948856825,-0.12765468151819004,1.584215503553093,-2.0799145767385996
2.601683114180395,-0.5606076368473096,-2.4089540153490665,20.384237354959435
0.5655096456315442,-2.929448690002268,0.6932858965401745,0.6972792930540803
-1.7607627591558177,2.052972024501663,2.279867806550252,8.93989217439098
0.7533416211045325,1.088769654216672,-1.0053251156268366,0.27360031440526145
0.38115838488277776,-0.37630072492499606,-0.46809281130162234,1.6710532622340137
1.2897527540827458,0.018819049740598424,-1.6811856244151433,5.86934695638095
0.6731813512699585,-1.1716543473175618,-0.5400518167152841,0.9143169981469657
-0.13845598398377382,1.6957228778108653,0.03263801764895574,-2.2878460912000653
-1.2242982362893657,1.8972886947731116,1.2717991162270534,2.741853179279868
-0.2090232572860252,0.1566937282465246,1.1946950996634593,-0.5885090283249839
-0.8505204542092998,1.0235306441853447,-0.32283583751699724,-2.998947202699677
-0.5805234498047227,0.17528677893392386,-1.6770633393236332,-0.9847142306898911
0.5885784044206096,-1.3367254388759306,-0.31553398148654693,1.0333094971535455
1.6699045043514062,-0.4118233689636573,-0.5414147222070627,2.8011136501978684
0.3946715298229811,0.13192796677195706,0.052081922773551115,-0.5608307239827223
-1.1958830620351844,-0.4545477187434442,0.2712682835085482,1.0064063475186957
0.4446026682201407,-0.218653277435036,-0.09754923444613586,0.9701119671568903
1.196631486645651,-0.09139955750911515,0.917129065029422,-2.252854041615115
-0.6097829043193822,-0.08087849786546193,0.6866256211222004,1.0310017626178554
-0.1340171666729177,0.05225849049748321,-0.30635984166662544,-1.4119092109774065
0.014688194729197093,-1.060605066396601,-0.507541914460594,2.3574099176639844
-0.78489831308224,-0.7170161491279362,0.22259679886338932,1.1458226137073964
0.648280433843859,-1.2845842656999693,1.3125997449087108,0.4621078842788646
-0.12094814860778157,0.9778155496862003,-0.1228266352223065,-3.267968409640947
0.41953244390702776,-2.1056469418403245,-0.22956056647422185,2.589974479556481
-0.8874921778021001,1.153590343316926,-0.0385674820352529,0.6623309746878521
-0.43745830032341043,1.3863493972628438,1.31771250760367,-0.010280711027400524
0.7223813578277714,-0.3021805869826214,1.5986465758307893,-3.3878102887581028
-0.372833152091767,-2.6031370878272986,0.6370296254772718,3.611166069145224
1.7269638512334051,-0.3613105619672905,-0.7807090218312768,3.8472835201855533
-0.39963618561460235,-0.06418416128881928,0.23660092598153595,0.035775103952518095
0.22468472575188592,-1.0105982199289136,-2.4966491516616887,2.355659915556866
0.9325908318730899,-0.5152183938082429,0.2788554483482724,-0.8923764442605069
-1.4183657329330317,1.5301951988633513,0.8433492824623594,3.2871945207520206
-1.7608088119807759,0.664927162301741,1.308746456651113,6.709507750554384
-1.5256563145700948,-0.9245641143780997,0.05136596320134257,1.410292764817712
1.262584103427182,-1.597599169595432,-1.0157489306906826,6.253575535375192
-0.5518581458924467,-0.3270173176097708,-0.13509586355694964,-0.16099977393452766
2.5581992856682523,-0.21345677935043805,-0.2574766587610873,1.415282774554123
-0.5642475986573886,0.4961991873633163,-0.09663603727439901,-1.2624034479054105
0.18455130319703697,-0.535316712567659,1.990384670511279,-0.5648845007465169
1.5421099525678756,0.5114995753618613,-0.3401925572689004,0.003131701326901659
2.006092888159123,1.935154040060229,-2.278729104075293,11.278611692533062
2.061503576636398,0.8155010224442626,-1.1592980815701557,5.838073760318074
1.2083662305931424,-0.048088507330772585,-1.255858237452987,6.725254790811027
1.0240625258114624,-0.18315047105329468,-2.7064137327257556,5.7239461801972755
0.5925269492011831,-0.35667313417987123,1.3032074655131978,-2.1395032183759857
0.7783610761666377,1.1806409124521444,0.31396200413668507,-0.18807452988316742
-0.5511857163285334,-0.6273134459513027,0.8088001760635792,2.0865552233145004
-0.8181988834223072,0.04522270899998256,0.5745031020108579,2.1183681541849175
-0.0033744574109520514,0.05119790188108534,-1.3803303399869615,0.03465481538268968
-0.17018462252492844,-0.5017841928115321,-0.39852482829297253,-0.36901758081450264
-0.4532280493272752,-1.372465547884101,1.0683947994476504,0.5832290859703799
0.6963874474567154,0.32297450361766855,-1.3994137535108602,2.8060836986483815
0.9553052085705108,-0.06100397185538362,-3.009421920536069,7.910146673676122
0.08840688629184734,0.5002404694365699,-0.27130945092685005,-1.2286190042678928
1.4775300810552616,-0.5336003064391669,-0.8805225945551697,3.937608911972323
-1.141689114133505,1.2208212988130478,0.7064079734814617,2.943534988193129
-0.19365945927971812,-0.8767737812118448,0.8253483731543952,3.7611208824532434
-0.7168223206028049,1.7120402840178925,0.9960169725326111,0.6470692463423282
-1.86653661707306,-1.7476365098282616,1.1920381137804517,7.95781765087028
-0.08268068584269925,0.43477006455689116,1.236871731008059,-1.305200272950523
-0.12174750838328353,0.47543068252662346,-1.458096026621673,-0.5394491956548177
1.513449743242131,-0.7955570679408823,-0.25214305714367524,3.7232802032891703
0.6308116845547775,0.4243939378610126,0.3111325210595537,-1.260532414074225
-1.024186824329205,1.2795186697601588,-0.7274688739156369,-5.89370681783538
1.8540925663341883,-2.2168188393540644,-2.429916891849483,16.402741049133592
1.221033695525353,0.5027448074908146,-1.356458974238278,5.451501246387318
0.5820977034686158,-2.4932708203300775,-0.9525902942496001,2.570927047831786
-0.22648409884983187,-0.965664803523208,0.8666615129273468,1.7310041424757068
-0.9594392367234795,1.6291663649009451,-0.1348191653293554,-1.5659927400027263
-0.3722067760710529,-0.581782033392054,-0.6702451302456776,-0.23973460593508417
1.0887486197041858,-1.1738799644089726,-1.156008046546652,4.158915540457418
1.8845863059346086,-0.19793772898468187,0.1763391811869074,0.2168957343545358
1.5432435282721888,2.067906338163552,-0.7585783897591423,1.0407274879165684
-0.4888494217862741,-1.8316822472060261,0.0651736855362248,0.442076439976286
-1.1196174332890112,-1.0513099116393445,0.44980321794345385,0.5126579990466262
0.14088624691120394,1.4974316831796264,1.2216172108709207,-0.752909355185527
-1.7684393655628516,1.8577023435377324,0.135047956178184,-0.5245660012336918
0.32316771418478146,-0.10343122429028392,1.1539244338477133,-0.9273285934661477
-0.14760258629866868,-1.2390527025266425,0.28429759207083793,0.9246672452802578
-0.46603650186824225,2.095843501809159,0.0725988689587734,-2.5233407472248732
-1.5947030672667954,1.5944423917491968,3.2982520315676793,13.109018853888944
0.5136001065697166,0.678946987762233,-1.3124395430834546,0.9118046352597992
-0.5327008396619114,-0.81240234893742,-0.08733533973605034,-1.4472556926114113
-1.169916835710288,-0.04902934083803654,-0.6474728213088562,-2.9595023755726872
-2.8722622132816493,-0.16036008104483013,2.388593077176994,20.43141948013859
-0.027514905050636255,0.3308513046155777,1.7029463861769967,0.41959796694079377
1.772251596669744,1.4510014381313359,0.7837969830697666,-5.658184265635667
1.66125921454787,0.8794170411374032,0.39331914587206973,-2.0447090932760648
-0.45709625658627184,-1.0773760769847582,0.0309276604971703,2.4689219356128707
-0.6022120603617805,1.3764964500195378,-0.06413494730895625,-0.43419487247579847
0.46877425607502377,0.3131321400131553,-1.905556900531577,2.837205762731356
-0.9983854391882915,0.6870657958589163,2.5350662547759386,6.917716591759547
0.30179189981946597,1.466540859278603,0.3180821282387347,-2.7353126970315222
0.7660802783846903,-1.1115802495135512,-0.8749970440618282,3.862478238194867
1.2269332238843076,-0.035825578706462934,0.7145902770448137,-0.9146906961849297
-0.10015407647995278,-0.531454551359215,-0.9226874785200245,0.5963278541372652
-0.20367375017696587,-1.5678594253654559,0.508458909311157,3.7957977724024583
-0.877982586756561,0.3467099776049199,0.26636215908744587,-1.1706976733170287
-0.82688035403986,2.5115565515844236,1.052117316900231,-1.0557945178941732
-0.22647889190152676,-1.8400777445057528,0.049665906764641915,2.7290240908420373
0.3673655068161781,-0.032280611049470324,-1.6346106445193134,2.0980695248155925
0.9135846262332494,0.6405429350747734,-0.3812159404465869,1.7180583088981893
-0.8031789506803448,0.12307820165618115,1.4504536172155342,3.3563716004741293
1.4926885689595217,-0.1131280525157404,-0.7755606903337461,2.718164360974023
-0.2711236010425688,-1.2992163634458243,0.9106769221103704,1.8263411407675616
-0.021367294348436157,0.23278674294016363,-1.0348458384998351,-1.8318062807733384
-0.7472116791478234,-0.7567639770159263,0.34734504630405955,0.4067941297964963
-2.4242402602729416,-2.1899217049785533,0.5876096750478934,7.435886797627575
0.8840453963610497,1.1945922205137307,0.3049581419241849,-1.1305953303968068
0.7368438970924334,0.9583858198420424,-0.3369303862842209,0.14941376159960745
-0.2813275571182134,0.0516609768510798,0.8307374548957193,-1.0716104814343055
0.06699071722487192,0.22907468820570262,1.05421506754543,-0.7993461341709966
0.5159392177040995,1.0743180127155618,0.43364896626933863,-2.970527426621194
-1.5625458568865427,0.2243396567780826,1.0543913627369155,5.8947981631542525
-0.5290526773462948,0.9040175547613144,-0.7336859198382579,-2.652215188989044
0.7942646796218271,-0.29748220087385013,-0.39991845047781477,0.16465778992315783
-1.2542894231692494,1.3119837385739466,0.0940543095687918,-0.9282735963656565
0.2935579321666293,0.3207857259326839,-0.4908429227875412,-0.5286676824708905
-1.356581804623405,0.19405194360587402,0.30375675156145165,2.5259046131971647
0.46642998243352635,-1.270061088712032,-1.2131405659990078,2.2327855898427873
-0.03564148229748357,0.2869558543017087,-1.939517847985248,-1.8935659866601988
-1.6151318159055095,-0.8319549174944512,0.1394228596249879,-0.6453997089285275
1.1647393544571714,-0.6382827265284942,-0.3889902253044266,1.9667128958487612
-0.734591576798049,-0.8153756283161213,-0.9808812570284657,-1.9081958132983843
-0.8102524370143808,-1.0662349318992252,0.42080845497881475,0.6602135538760217
0.20056919723094285,2.1247714030169615,1.7999838256954932,-2.0186088746064557
1.1486373494287152,1.3313390619884031,0.44873788053788166,-2.2104051836270364
-1.015821818978397,1.9203675021442612,2.1514524186097277,4.6078915468713255
0.06167984984797165,-1.222895019555564,0.36028795200874036,2.5205537433806335
0.42881650033057295,0.07125374991089249,0.9531015728211596,-0.6348347592624826
0.6931056072631441,-1.2935076252040958,-1.0705175340993596,2.6965968403590037
0.1764415552772252,-0.695694877197064,-0.7325610446605968,0.04423734337257157
-0.3670278390833223,-0.9181269834165748,-2.5556262865958117,-1.077849452550952
-0.8275902206487197,1.2395840064415615,1.5999405843666588,3.129068493748324
0.08614388304637476,-0.39622967810175985,1.4972520382966987,0.17904013263849045
-1.072139011985607,1.0683793336940164,-0.01710773935446619,-1.9699027608693378
-2.9213504834946074,0.604120889588518,1.2067235353500687,10.57961382773497
0.4365598041576678,2.303638752104789,-0.9721420157697953,-1.7859432511850315
0.9039348410861953,-1.479444223139724,-0.06931386906560605,1.5654232322027097
-2.3629324355418384,1.259233239786799,2.30639876307416,16.537304246284705
-1.0097307047099375,1.1464408704007276,-1.2379066215260721,-5.55713208216673
0.6191542610051978,-0.9733788380270346,0.09986140013965339,-0.7850992532650607
2.0574954697116987,1.0071333364731596,-1.3054195065749947,5.998003634210726
0.020793707675407887,0.3361449630262288,0.1029975381289854,0.651728761563972
-0.7280029412291342,-0.22747625995340778,0.822995472288858,2.2796367706672647
-0.18289644110484016,-0.8239354869719998,-0.09675421822040106,0.641970101760069
1.3748764191481848,-0.7191094514491861,-0.791025062979873,3.4727007642763215
-0.6459641791245353,2.049812095785926,0.10910692200762875,-1.3530146982983482
-0.7991920066502536,0.000682818957482628,1.3699122051134083,2.43468098247007
-0.4827435221820324,0.7821300015314592,0.6601317212185127,0.47955850372647374
-0.9533286082587124,-0.7908993816675531,0.697247841866717,2.0537637569491607
0.12267031599479553,-0.7798529462216388,-1.3322868790896805,0.37248971830753785
1.6246784584695606,1.0819848092499422,-1.1909189724479345,4.085108956881636
0.3230792731160291,-1.3495762115515322,0.7371295237811597,0.2597149528608251
-0.2523535021262876,-0.41521376790527154,0.1638733241870667,0.4904459537626167
-0.2918112689155441,0.03402741107223205,0.8054371040469104,0.9065352541296525
-1.563190808696657,0.11137260184005242,2.5481072046759623,8.14979539250109
0.883109777147159,-0.1790932850161564,0.5970511806352371,-2.2103424779593057
-0.07783719701280203,0.3958197810959234,0.13207693620614336,-0.7565482629389881
-0.18047991359062565,0.6928557558178116,-0.42074921340041427,0.584395937757027
3.193107567844861,0.73463754545933,-4.1501033799783285,37.94053937600055
0.29875290836568624,-0.9858038086678267,-0.31776137665569565,1.4333968330942592
-0.7517910500951843,-0.2841550979287972,0.049883029230743,1.891690252446562
-0.4263575962055433,1.1947628618769377,0.6035449924981473,-1.7357534152140022
1.1484457091967548,0.8946471875738723,-0.728128081573065,2.0079747513752833
0.11327041053776446,-1.372859451481064,-0.37702026470567657,0.6987033380393494
-1.4382779783173667,0.35147990035220167,-1.0602599413485372,-5.430959217442428
0.9192289345752035,-1.9782252493748103,-1.3995822964376683,5.034724045035639
-0.668144085538994,0.04693490206036963,0.8107230835700545,0.846247289415547
1.8732977762175456,1.897767016745977,0.7792587430239216,-3.555205880053861
1.0800480657146485,-0.9478927172689863,-0.6375494166029477,3.858100631939201
-0.4473218956587511,-0.8343230454915821,0.5514720214034988,2.6761174373287204
1.2810163617351127,0.7640297815728595,0.311969976085249,-1.470952225942311
0.06785551052740331,-1.542801515209646,-0.8448216914639511,0.10852214834442031
0.8527736751222197,-0.6327550298850391,-0.059572794275667695,1.1801193323436294
0.48473281729447476,0.5964411375817527,-0.9828565149793961,1.9057568994321696
-0.8463566549908735,-0.6342858476894031,1.2880027659864484,3.0512155115681416
-0.6435498323174619,-0.23596998721097162,0.47317796411046353,2.1148374527509186
1.0299608175811612,0.7441857103150346,-0.21652859480914083,0.6291984051570122
-0.33477533210654087,0.42154608353656126,-0.6152109313653187,0.8126216296869122
-0.4036484632419967,0.2668183962954019,0.9088565912317833,0.4159742902651862
-0.955122579349353,-0.33912227927003896,2.5622742109056924,6.583369156956031
0.42359906559346105,0.3700611152689556,-1.2197112282249367,0.8183163850683065
2.062524919243145,-0.1237326800997567,-1.3710214672690963,10.042601496442813
-1.0675329142542729,0.45780560992578506,0.7653739312952282,0.16497409934178586
0.02421945667275807,-0.49693202511797824,0.7742964836594375,-1.62770281072663
1.4122205554154292,-0.18256897437954112,-1.2656565629971834,5.634122896394351
-0.0796413912457152,-0.9899577925520139,-2.7932095945198823,-0.1199967946674726
0.4523717962497342,-0.0350076100062359,1.133003596039158,-1.494881112511006
-1.0623935281468797,-0.8110008636288447,1.2917028836575826,5.873202986524143
0.4283070972076486,-1.114046450161993,-1.9571010790904895,3.0761979504247536
-0.18714426500454878,0.25866114785538813,-0.5139966592772816,-2.4202415598317297
0.985729995679863,0.21273977585766032,1.0753174316873946,-1.3481761605328066
1.187386051564751,0.7828737349485725,0.8541033926754905,-4.822553387558375
2.5895636420186134,-0.43112556957509907,-0.3561417983303621,2.138844004641295
0.5796331732135757,0.40805284683675586,-0.4659290205666505,1.5058709169358635
0.32579631658216646,0.5507975722736633,-0.07991073947857326,-0.8571828195827524
0.19438430157733602,0.44477380783159476,-0.2281179559147945,-0.375136011253165
-0.35316629281068834,-0.8256536828021421,1.3048229296741813,2.6909022374046967
0.33848384346169114,0.1493634822711889,-1.0450843282259556,1.9954521013173097
-0.29540141013902943,0.36414029605466136,-0.65809894981469,-1.2808110625952547
0.1684609762696143,0.007178466907941942,0.9260440987012085,1.0447666601985954
1.3175975356079597,-2.0864776583710847,-0.7031602233155415,2.73012434177058
-1.0065425652796411,0.16048962397348007,1.8817386380936285,6.281447720897335
1.1398785611290454,2.2125310393972426,-1.2414514875450684,1.1932532085882568
1.3171150673398653,-0.3600392687569827,-0.7133358940087577,4.550946947584839
-0.11806852699107874,-0.7280770978553212,-0.8633787213484139,0.5643080150907216
-2.1218548990085946,0.3733485597113982,1.0682901309278645,5.754016051894667
-0.6078219870944325,0.3123782104665717,-1.1746359434515827,-1.7914457772287924
1.2969945465611092,1.1927351654164147,-1.1361306942355174,4.121119125603296
-0.022868062298882122,-1.257868155908888,-1.4248198337786768,1.8020136725969254
-0.9993022322949108,0.7313802525749924,1.1935743493387139,1.8171480429043143
-0.5047749212282174,0.5904220612514635,0.9689768003737607,0.3929063793683573
0.840620026504553,-0.14214653694054596,-2.1505727437366216,5.561517250338655
0.5467335682013793,0.3386873179216896,1.060518961399883,-2.1194109183058867
-0.23893209916969452,1.0294574815983573,2.6168811760047013,1.5960587318213766
-0.36682441181468783,0.8723153800284503,0.22941859264368486,-2.634747591617439
-0.3917581490438219,-1.1430193120737286,-0.44523518570273385,0.9540728299069761
-0.9224101844985025,0.8201581867554845,3.2855356832522977,7.98169518610337
1.6153756894694418,-0.06468860503251772,-2.1266563430372316,9.532234857843557
-0.3223204692113399,0.07287409801551453,0.18126670147476834,-0.6400829709698967
1.2171585208254965,0.0731969910016942,-0.4289569877808248,1.27859130271555
1.5213160519224513,-0.1502429887982594,0.584489594491189,-6.11842232250453
0.9983108981479604,1.191707497107065,-0.13941647394719175,-1.4754541119300866
-0.4316203127180484,-0.08371795984921201,-0.2828237394294272,-1.1583142773669328
0.40373009033660945,-1.1195461283831687,-1.1530494155562607,3.0488915718211045
-0.024195606390916165,-0.39352985596972884,-0.3297240170506775,-0.43593044414336146
-0.9037018607301281,0.1786947168104756,-0.55507643058008,-1.898679326468934
0.324359281721603,1.2292147842970504,-0.11435432107611856,0.42433749970228574
-1.1790397911598025,0.6030946849488336,0.02532371571941472,0.4808298403462167
1.1876793884615637,-0.8505352787470439,-2.0878774875205326,9.191993851373654
-0.4646172972983931,2.4851899166788916,1.4874544370241003,-0.9117711659358223
0.2011596558728393,0.2647753109779796,-0.5982523513654591,0.6392896796890508
0.28328787154614216,1.2753907379990148,-1.4097807407483836,-0.3111671822725489
-0.25890497370407733,-0.15171443357722914,-0.03880664763550287,-0.07452047935654854
0.5866938014752747,0.5333592447054494,-0.2249753347699786,0.2723010022242141
-0.47490365662252443,0.8394685045184047,-1.5090148972677713,-3.58637217077032
0.8712972974572442,1.218194711754256,-0.10400098160285931,0.5466557152993632
-1.3459796802467485,1.057368305378225,-0.3741677285668903,-2.728364923941508
0.12637957954641182,0.8721970000729778,1.6478390194175818,-0.8785960411158096
1.9389289990582848,-0.3150867311941086,-0.4455039874524076,4.3620890118541205
-1.0003313246055747,-0.5717460419560616,0.10026567219347099,1.9042964945645262
-0.6777449705248515,0.3326075103241977,-0.4062952850549244,-2.56762037099653
0.513907849658915,0.9331280723410693,-0.36192163239308145,0.06975092621333334
0.17958178193959795,-0.22272070077660705,0.5229998506134907,0.7916763598553114
0.3506300992735592,1.0651719657143865,-0.20080917822197927,0.037920282731405464
0.4891871301476635,1.4526167454861794,-0.4617523722106884,-1.8882616261989433
0.6347214685617699,-0.9163209190734197,-0.25899044346298933,0.7524460659109736
1.1096998419562232,-0.8369207037962799,-1.1587088522150664,5.688936030066909
0.40981865692851255,-0.1403750589053363,-0.548115255307294,0.052498261538882485
-0.24125765461854246,0.30761266818919614,-1.9651636115957327,-2.029641016479383
0.6725737012027311,-0.524567013767051,0.6374393802510022,0.8142679334656454
1.899881934895215,1.3522026788671444,-0.6511431871258455,2.311283605499531
-0.13263374638257355,0.4240668615184512,-0.7071389708421434,-1.432212472100027
-0.9745293046706415,0.03944704824073949,2.3859996336905596,6.058615286790954
1.1070806692869728,-1.4359095238685273,-0.4665238542510998,3.3180674758616524
-0.12038116395359824,-1.315815816427507,-0.9759529899983979,-0.3697912627497062
-2.172669546014036,0.2810092502818063,1.9430721944774765,12.136616133765402
0.8474216771504216,-2.132595626154836,-0.025662622065948326,2.5310673478384684
-0.5353281859539227,1.0126374096440718,0.6622440784611807,1.3500661744476492
-0.09053328230416077,-0.1581538443723203,-0.3804889634995101,0.72236118050396
0.3319803305690149,3.2430929695947324,0.28450555849352727,-4.240508835649122
0.1904996797790666,2.30791625061611,-0.3570081301106278,-0.9254671296585957
0.7094518171390395,-0.18144906924751675,0.20121554307632245,-0.5463241663163076
-0.43548637056984335,-0.10633700253131496,-1.6872012687257172,-3.3336254903326865
0.5131057981760827,0.9955815140020298,-0.6904263620672304,-0.10483756449655626
-0.2595466775839172,1.7031726099180378,1.8519284366001534,1.1769822097559077
0.738810480887503,-1.6380290574360168,-1.1364726958440516,4.322182924297124
0.6153674840130534,-1.7863754653546866,-0.9115220394997131,3.4816604018926296
-0.9354387020445952,-0.6220348055543814,0.019758012572322514,2.3146936791641375
1.085982116175032,0.5827375831738644,-1.7577971939761592,3.7127165193339957
-0.535963445114048,0.4968735905075971,-1.9402990536712281,-4.902260800631845
0.8080577982811451,1.0697714549838502,-0.6346152976641855,-1.1472004053925167
0.3672873134013406,-1.1996975283653082,-0.047784232619013406,1.6249973421101096
1.8381836767951223,-2.3161438629688766,-0.9715969069362134,7.840557714348332
-0.22346598237185214,0.8580141953021454,-0.03314557076196077,0.6625014493828387
-0.3493167961181975,-0.8281962729652346,0.21769926890948638,1.2998093835002118
-0.019419605887732585,-2.018487864388638,1.0325512744946304,1.6744859213380203
-0.30317978283427505,0.14506374595938162,-0.038856294512079254,-0.178610201877025
0.7999419019420501,0.7931756882186773,-0.9740535280582947,1.66209042572723
-1.616310608436588,-0.12205713212127726,0.5270298193302076,1.0058275226306093
-1.0536824191463543,-0.45784838618248924,1.106187969329953,6.664892477179917
-1.067802921579193,-0.15936223214590656,1.9459283393328461,6.912837148017899
0.9503075919735757,-0.37058276240078286,-1.1032975351559662,3.726007142016715
1.7106133725819253,-1.3480471119401671,-0.756372899262079,5.844795884627568
-0.1044492185374715,-0.7146806769904318,0.39058205120469536,1.546479627646316
-0.16882172319001063,0.5212799050138145,-0.9081671451338176,-1.1217884176743769
0.07005216311318137,0.3216785413765001,-0.014608914343672553,-0.9498495194656723
1.1618783026081902,0.16805980596682024,-2.0466130086461902,7.565136626099914
-0.9273531341905741,-0.9951484818533795,-1.3053737366441118,-2.250767955516103
0.23836898273478513,-0.18150316213566714,0.24756191652486442,-0.8054201835714582
0.9751976297824295,-2.1770650464428547,-0.8714735562219975,6.145677497147389
0.501094169939845,0.17847666388538974,-0.04826667734870338,0.18743382430300212
0.1895816165987434,1.4288577078135674,-0.11268578530772175,-0.6349488855069262
1.0010460925671412,-1.4741321320421057,-1.476923094947368,7.301457299379719
-2.703232292999237,-0.5859276733177553,1.306361844535282,11.20201506795206
0.6778753195309076,0.32910677871012955,-1.572038964780309,3.1847844749704532
-0.6540756831274238,1.252842634427484,1.7180101995651125,2.92831068877993
-1.830632896856457,-0.4482246163001495,-0.44065389643173536,-2.6966630243076413
0.5112025995249807,-0.6922503292658964,-0.4513865707310716,1.4385519571570689
1.3736585451629577,-1.9689231424160831,-1.729100860628727,9.220054247021057
-0.13744851462769184,0.10343812930810638,0.6391454306746415,-0.7959479107595832
0.9528745472029384,2.042076040143744,-0.807868644882972,2.5849531561070744
1.6122782579886454,0.2773584619646759,-1.324805848615533,4.723215091879984
1.3149144535840473,-0.022278979183713316,0.19574431825953076,-2.0479860243626824
1.639964529371393,0.32208231076698546,-0.7905516730081443,4.8815743720423
0.7421274910718922,-0.01109200394860206,0.14558070040002113,0.4002399349360749
0.0754336389015928,-0.8130143722601298,-1.019042755968261,0.017659864616333287
-1.6019658118971685,0.8232799156777053,-0.6038340379789227,-3.117955355282164
-0.24606248812994846,0.2257615231117544,0.2302392061051079,1.412048617643416
-0.8432465953161914,0.017613251933657315,0.10277694216336447,0.21212261013815556
2.1709427174978138,-0.97536602727825,-0.45903668629496264,6.563815980881965
-0.1758858124323366,1.3035079319347591,0.008034453553618606,-3.02333030363061
0.12320480678448571,0.6647027453331099,0.1434729358423871,-0.023908957491800553
0.5514853760404677,-0.552920837367302,-1.8991252179614777,4.861468528514567
0.043602446372453724,1.0018248536819372,1.8666357164280298,-0.35465060324407016
1.695051040430753,-0.49757083838520716,-1.0117675052474084,5.438207799070501
-0.622649361734452,-0.782003492511037,1.0089116512064251,2.3761565975102856
0.1946074552372427,-0.7597031174802871,-0.9333953978382479,1.74878539787791
-0.7424705856980482,-1.7710685530880912,0.679245195066365,4.099781773180688
-1.3200225112207058,0.47154238041820573,-0.6428335079143924,-2.414733048377758
-0.6117690909052854,-1.8311448783383502,0.7579523837123137,4.262278291331268
-0.03703679704841202,-1.2284438312657626,-0.3374556858616268,0.17207904094875826
-0.42930222451725997,-2.0755880090785332,0.24384161619419742,2.161862274741057
-0.692420979873856,-0.08606969279089306,1.0441845200670254,1.3150995663289045
-1.4063174636718339,-0.15032046027187207,-0.5293815793843633,-2.4692279959174916
-0.08310557262869477,-0.32669621318636405,-0.6429389442984497,1.1816216776070358
-1.5047203740310022,-1.0425776946705763,1.2096844681022665,6.611272211302813
0.7600559636896026,-1.17223375343664,1.7181934927019455,-0.13867671611593435
0.08243975293450329,0.46436986354657417,-0.1793022111287334,-0.22661860639866846
-1.4575514994649306,-0.5505519317084877,1.3199118676563977,6.3817623778806425
-0.30920907704986345,0.31635832153614474,0.04763306866645166,-0.16598967049770957
-0.7521564055905832,-0.8852486861242225,2.3183237975515913,5.478666276948833
0.31917451041918043,0.18106274277108234,-1.9068089221748459,1.5869150574455688
1.3404504460231446,1.3032780373160637,-0.5756041783422143,2.1392166225704026
-1.8751724696457446,0.5861658003927833,-0.6879577987391887,-4.342313705686456
0.11502607914741717,-0.4124138182164804,-2.564084610110425,0.5037638862427172
-0.16013279556664034,0.25719897035592737,0.37752845090113707,-1.000919532088336
0.6713400764504653,-0.24066517453021302,-0.19617224207777365,0.1855581468462249
0.21319662823768915,0.00788018469472816,-0.39143525186104594,0.31634127732658907
-0.7519693317388191,-0.325611052148504,0.2697905758296564,2.12782030467294
-0.31905393566661816,-0.1643352058853914,3.2578264019045666,1.9421135702577639
-0.796025856803489,0.21209335307417554,0.13983779037031013,-0.1979761402838333
1.0760071385985983,-0.9933586995819507,-0.02787920804922428,1.2276633996553519
0.02131164867194222,-1.0158788269899783,-0.660020643949852,-0.7756285563991918
1.9011906857530074,-1.388542553831211,-0.6553627678359006,4.29285304086158
-0.060660813814620775,-1.60027110450371,-0.20790326814830712,0.8825478204457365
-0.7084067669104628,-1.2172826922204794,-0.056315099274498626,0.301630326154113
-1.5137143926128271,0.15946250680412918,2.5757557285067385,11.72930259250428
-1.803139676255945,-0.8927875154918841,2.0787548013123116,11.977083684351406
-1.5841359430054898,0.5136144642310962,0.9288146189019756,3.345205299742565
0.2671266510114834,0.03471374875256186,-2.4377752614497084,2.346833102329185
0.5087250232299338,-1.9685042134380537,-0.6153717348675366,4.6307439314309
-1.5811907020321334,0.6549755842216898,3.49362291542115,17.556533143331013
0.8950383140761154,0.8107986455917099,-0.6781808236777659,-0.9125769544641495
-0.4830610516834395,-0.9938626748348534,1.3447480978953779,3.519721149925931
0.14679301198554937,0.4201915428949916,1.3685458959598262,-1.2008937552840453
1.6122206282554243,-0.856498237409199,-0.5871463982717371,3.851482185573264
0.8968393158655319,0.0976703767483354,-1.2902412898009183,2.975463936648667
-0.2685306479058323,-1.2644984069549656,-2.3010470078299723,-0.47161789478090993
-0.8911922254152874,-1.7931064525345768,1.1297593213165982,4.965012019850008
-2.151815401329305,-0.3828171896129687,0.26115169784110437,1.4897161687574019
-0.7191533192424201,-0.12372894627483615,0.5357271115089022,0.38317118979899856
-0.21113023882769438,-0.39767969361460404,-1.144255220175517,-0.775776622751359
-0.9871795271511837,-1.1840305582225594,0.22835222310538966,2.0945637415666254
-0.13125696709230472,-0.3998990621311371,0.0993475384472056,1.0380155735694
0.07685188295876821,0.269294752580734,0.23016763956491376,0.5309877752691965
-0.22485598180807856,-0.04489303012253698,-1.002394196448375,-1.1254799865477336
-0.6500025808234597,0.1825010305992134,1.5219122391730822,3.069084186451465
0.16865467196672768,-0.670115200454233,-0.681222120715335,1.9772916723247018
0.44194064956940904,1.1717179147161598,-1.8954397852379496,2.5068926501512503
-1.090399077442846,-1.1761733365547806,0.4361761187579592,2.544158594912098
1.41093237974627,0.4875602970867186,-0.6710908808466749,2.1320995385907278
-0.09858813228426173,1.1818910929599615,0.2098834993138906,-0.9286907925396445
0.018849622944847662,0.4809080927488954,1.3527075922126552,-1.707109649849825
0.7082144232565574,-0.20252422706482995,-0.5905560483641381,1.263635649607961
0.23321613126350177,-0.5282970466629789,-0.23622769000052224,1.438159769013816
0.9531366339132451,1.036087651046256,-1.579752698189716,4.123019985901183
0.2871241652018242,-1.422974925261673,0.6769914202869849,0.5695655317016903
-0.6124373746404379,-0.9701242603796436,0.4905277513983225,2.0890950462308084
0.36150352520610163,-0.3975577654917214,-0.6007794898972136,0.22445913560913244
-1.1437262073206618,1.2376537575119981,-1.3328115898051327,-5.107276243329511
0.10855970577652314,0.37976763604089603,1.390132342166826,-0.910326146345548
-0.0332299906444608,-0.9680457585102453,-1.2110649691338269,0.5713632740316535
-0.2081168572725397,-0.31030770538490365,-0.4872195807334358,-0.35561195454014405
-0.12853751143893075,-0.6143231440962944,0.4226132667954686,0.7143942500413355
-1.881849045497639,-0.7097889922335351,-0.255633405867867,-1.1812790951876917
-0.5487249077409615,0.9788895585567791,-1.2191473243826627,-2.3276760318377656
0.09284490114111471,-1.3717431292635054,-2.1703700332712224,1.580982954783438
0.15985639199740037,1.6087808557343735,0.6410687569069353,-0.323253575211196
-1.0276751409259581,0.8282296901846228,-0.031348674263342646,0.5403320535724904
1.2657078408647005,1.090861670603698,2.2944161720409797,-10.69458677793532
-0.8661748482145006,-0.4629395120252583,-0.5612676415236231,-0.9258239611587663
0.9694572005267368,-0.14994071907910939,-1.4061796236922897,3.5889769820103163
0.42719436187168486,-1.4331518145247122,-0.7789901512212439,2.104844853001961
-0.6462273098438029,-0.524662407066803,0.5662483100603906,3.6248652410533775
1.7753108926095116,0.4936548476431509,-1.3578587850900672,6.430638210628794
-1.19363683175648,1.2960630617813962,1.2091506298807522,3.394023156197672
0.9191541736100015,-1.1071568168024517,-1.4381654767936551,5.614165511820848
1.0005823180429783,-0.36550593698526584,-1.8818828774850702,5.01381276002023
-0.6706202090766449,-0.15129922023252232,-1.462904634870785,-3.6469564904653984
1.3924653000643288,-1.3957892021924851,-2.919806817969361,12.386955861525104
-0.2500465145989528,0.5913492417584003,-0.3930457621755804,-1.7721591443858558
0.28869362927985703,-0.7239903317426091,-0.44532712703315047,-1.7403504640146568
0.2603218387712207,-0.19539035117702397,-0.7615979468687937,1.3347544857704645
-0.1343087414705478,-0.4519493719118777,1.310560167922436,3.034202273493224
0.8108082731597821,-0.7893385057196743,0.822626073028244,-1.0638168324285284
0.793488720552213,-0.0070449854805546995,-0.7315473477206084,0.3321998330385185
-1.7485319732381808,-0.21560957856802238,-0.9196551265728726,-5.251305983827146
1.3043402428781525,-0.37185788227866556,-1.2188752294941292,4.682465075883278
-1.6624919880356743,-0.7284616216803428,0.2314246001007756,0.8651014749726651
1.0325462043416573,0.31952467078295543,-1.1734080644488867,4.1754520968839675
1.1267051368275833,1.653617268492285,-1.2610714723120364,3.4192098931651342
-1.0909664302151982,0.13988723283912738,-0.10797968061720808,-1.6487456467529853
-0.4108142879545848,0.996118214911129,-0.18113447192046736,-0.4942750577817303
-1.1057046684859357,-1.3902219251534627,-0.08268876457258878,2.64274652967299
-0.21492103028873533,0.15776143929376948,0.3157830237699598,1.948402004384786
-0.30803428418574125,-1.0973683189710666,0.5143858579977317,4.437925780747828
0.7796605322693398,-1.4769249275319014,-1.3004753533171598,3.6167201965999483
1.3103087461196088,-0.7393714074590362,0.6159109529472289,1.1424913084213886
1.3956838107899563,1.1918993344135727,-1.677904207235592,5.479365491362854
-0.5621680265783021,0.9500158286696456,-1.3367166005261861,-3.796859284286948
-0.20922187374452778,0.24300472205439969,0.48538900823731557,0.38872964621867323
-1.68343819222095,-1.5327005598899308,0.024310961696135225,1.0734172300236025
-0.8058700664961886,-0.1962806513879368,0.7242265040054823,2.346222174858063
0.9648516330974576,0.30170000890173554,-2.886094417649259,6.732181539787994
1.6155828235482317,0.1755362295785979,0.5846645297089517,-3.248010746849094
-1.234348871879922,-1.8437935834807457,1.289467843980363,7.904335353470214
-0.5924642591528942,-0.8903178480198718,-1.2042444195865545,-1.3071587770793498
-0.026405756958926992,-0.06407776414871663,-1.4655742453668221,0.08957475890334196
0.28016115881960635,0.5362909095171899,1.5321853246877244,-1.3488087530726018
-0.8096035199216461,-2.1961278210999464,-0.3325781435371357,2.559020143447592
0.4240610444640897,-0.16212397547985843,-1.0462153709646689,-0.16212318787258684
-0.47383934707091613,0.14304876987895235,-2.029132420613825,-2.442973061953764
-0.014452270878279104,0.8496119885162131,-0.3435520701624146,-1.1326464504943186
0.5462842480036996,0.6928575842374367,-0.5008617388376027,0.2946189461385772
0.0064222698109378164,0.5825713188088052,0.7122819618640164,0.46365545013190645
-0.4363858905265686,-0.7999405067019342,-1.1808854829211912,-1.9402114339332934
-0.10960980392583083,-1.9080021371233076,-1.4654818902776943,0.4134641477296359
-0.08836295920533539,-0.39305275706140097,0.4951441143791446,-1.4111200051134665
-0.37001102988212803,1.00163182520856,1.191735586168129,-0.22792483221658377
-0.25879606266710237,1.3934545275244314,-1.4417543197843319,-1.1823832070260296
1.598647170504717,0.7105491022977853,0.28219050104738275,-2.1845054288993753
0.5609194479412387,0.42934082280173436,-0.2429178824837979,-1.3606936248429202
-0.29548031802916036,0.3796396483859655,1.239545498089226,0.23346550100004304
0.6969544045107356,-0.5561187467607805,-0.4186975637729844,-0.056303623041354056
-0.33381948975600995,-0.13006029355362003,-2.3553681726099454,-3.353929212882134
1.1731246375866413,1.6690695258263315,-0.7385297011093596,1.3189115483200453
0.3696421921980939,-0.9425580057918765,0.875322722572223,-1.2019839506713539
-0.10730214400422883,1.6147787907098514,-0.8400949470815999,-0.772576452473474
0.44771692581027733,-0.3220281544920584,-0.6118234318125908,1.0726789817512032
-1.5708761520684993,1.3254321090950785,0.6093045724832713,1.6315886616302366
-1.1267674689098053,-1.4068150094975382,-2.336130145413579,-6.768384311085018
-1.1939250063990554,0.5859042011646491,2.268310078637004,8.311520012834256
0.14294309476370676,-0.736770135947622,-0.9728472272790278,1.937115403923299
1.732514999485092,-1.4152671919241875,-0.360522067269747,3.6241512114069887
2.2313001461926323,0.21853404241094568,-1.2023512092445248,8.39467435038329
0.6380511014407572,1.0094717885959688,0.9385935056389816,-3.0181733187506756
0.5008444749444569,-0.8449414385934964,0.15563388495585245,1.153299331319705
-1.801057734152739,-1.4990159604584012,0.6656045955553949,4.757515099122544
-0.5426737997340217,-0.09184476433495513,-0.6221781926522694,-0.9188430252574026
-0.7877837519082389,-0.08743532877718112,1.1917425773362584,2.629297896059141
-0.620847598251116,0.548319627554499,-1.5630175048290587,-3.9167251585664142
-0.16814381858478955,0.9495945713644882,0.7299623295682873,-1.270490408536297
-0.4720905776971272,-0.059415181272494094,-0.8629994627063091,-0.6951364595726159
-1.9792998103757877,1.855503314794263,2.241933567144534,12.76747865099207
0.7479102561175338,0.22423474453529177,-0.2126555853960718,1.424009107149468
-1.0727430257398065,-0.3464265060068996,1.180495280720012,2.888965407994908
0.23924686411114954,-1.611567359102828,-0.0376346182308554,2.9277823036909583
2.0740826697499735,-0.26265952031616774,-2.789418430015983,17.300954291830227
-0.9193845915864234,-0.33638694541113623,-0.40103686760212676,-0.16900138963771172
-2.5302875227463297,0.9603047962814704,1.9375330989845474,12.84102734747721
-0.2860042218801108,0.46248362406685406,0.3096579282998994,-0.05481328569558913
1.100959634998571,-1.1793691216326172,0.6305100878063865,-0.5894061638731845
1.9583474542205939,0.1722543864110375,-0.5758991640731252,1.7265728072204285
-1.2295495944524168,0.6715311717290534,-0.35192709347645135,-1.3613994505672298
0.4966992232365217,1.5280313593878327,-1.044413749338895,1.3741821425529996
-0.46531045678005334,0.8875039674140593,0.3355726189132639,-0.5937155673274586
-0.10594835430413566,0.7608466543114778,-2.2610698888480374,-0.11934842455371841
2.6443433470170348,0.06008599461516361,0.35127021211446774,-3.036416633298037
-1.5029703283951532,0.3883120054234496,1.193231900575134,5.841448950000114
0.25373966149457344,1.2495049007061587,1.1001647663015857,-4.305541172826121
0.4676931717654332,-1.3327773974796497,-1.8144505266918856,6.297373542313079
1.0857863249393471,-0.349439327216956,0.7016719978855821,-0.4407000072311933
0.09798315347089544,-0.7725687487562409,2.1825073342923007,-0.1536036087593901
0.30805053950410216,0.3791531187261241,-1.4749036251293686,-0.9882075730569679
-0.3916485674217908,1.2302221756507876,0.967226078614662,0.19424431684198806
0.26912694124510733,-0.5969742867210739,-0.13345352593526053,-0.7392034426526892
-0.3431922754974105,-2.390304367469438,-1.3728377104995388,1.42171601176195
0.6215718898560508,-0.41222074502447015,0.18209802692384436,0.48422541998641616
-0.36961033604363397,0.9134737320174066,1.0184083728591653,-0.7256341182530516
0.37710039390218647,0.5376299029498797,-0.78967674961994,1.476699360675731
-0.029262813684978354,0.4281862478105761,1.180547927097712,0.48102691710614065
1.1260502507721681,-0.27999330187447974,-2.2297885321752817,8.788378446637685
-0.05139372358848624,-1.2790307362197864,-1.4690592846554011,1.0613871594566446
-1.7730324682068814,0.5152943216244674,1.023113629692193,3.5112226637895767
1.2619215007139917,-0.8342818100346248,-0.6055754723847241,4.104720208967708
-0.9057323008626189,2.184096733380456,-0.2637073379927957,-3.171012894499961
-0.6537663386488198,0.570507208354516,1.1364776052962957,0.26868505736562853
-0.5956612940434921,-0.5806483025539507,0.8287249612376955,3.413605816979242
1.3744380931708173,-0.6113852473886279,0.1709200243486073,2.006035790839909
-2.135674213978696,-0.09294420661358828,0.9447006716370804,6.104414670665389
3.1377485336599946,-0.23950192202174977,-0.9662939988516565,11.494585810568754
1.0560568090660518,1.1168337755299542,-0.9736787075630206,2.059261039975078
0.22323891412915967,0.18641616974404632,1.9421992330220166,-1.8675954173173626
-0.05489400061628639,-0.7316317389085281,-0.7850987698138424,-0.028118352338969754
0.28555407485765694,1.8904406851557827,1.9625203920294834,-1.9345753619688366
0.5211224283793385,0.049308331520222654,-0.2256732671002607,-0.4766420099932336
0.6452155859500572,0.7688396759688971,-1.6981186825437713,3.2533875563167456
0.5556044660034485,-0.6082265074447593,1.0902771174868768,-1.768225834585675
0.08958068125524882,0.3631156277445234,0.0811110477673346,-0.8452203390678611
-0.1973384203073261,0.31110999114319526,0.949793308533901,1.281431836200018
-0.1512732836535117,-1.8896492920961532,1.299492560369349,2.0993479658779415
-0.194908280352681,2.01527511046064,0.4354096943213658,-2.1654756255737415
1.1337700968670645,1.2906444609225471,-1.1591258932463469,3.78470706505336
0.5935567222808619,-0.39719531614598763,0.6789350165288193,0.7856332802099646
-2.9403886346642802,-1.1022697404558555,1.4709498247867356,14.722451984633082
0.655900776529761,0.34756161380355205,0.3579074303435385,-1.7065866738917959
0.19473619471877485,0.08669769941439659,-2.251098671150849,0.717804968757245
-0.018708756445897416,0.3556689485632294,0.4563360952328006,-0.250141242233645
-0.38851845308888583,0.19157739619408962,-0.4443265986005872,-0.3885345825320715
1.1241127199860135,0.5062409893059261,1.091253277185524,-5.174181968277709
0.9475264621228578,1.4473056993918065,0.14932411682766622,-1.1487334161939593
-0.7728776678236091,0.5681032051286461,0.6262965797611012,0.9695620443059415
0.4070522871245351,-1.0496554989099411,0.282783849787954,-1.0113762581823915
-0.9716567345412859,1.3625628527124518,-0.5126124856060753,-3.7857394567204556
-1.3796181647889303,1.6406145634882872,2.313065772922519,7.42869943288641
-0.6267172245899651,3.152056734512085,2.3047290307118873,1.1083257213258835
0.8623934723827588,-1.123494033239598,-0.038283225643163055,3.111818440432854
0.9531250453760867,0.24288201315027502,1.1138410458855952,-3.189600099215014
0.513085420097293,-2.0820987031889877,-0.8256909087211803,2.5122767136055297
0.7250957868479971,0.5531491563792091,-1.1596614596489794,2.190078563612375
0.5161782871149584,-0.5482002981667726,-0.21716439482855635,0.5323991867477739
-0.6414815952229522,1.9234457948249533,0.7556818359793748,-0.1444195864162353
0.43192254467394064,-0.7746149700185819,-0.6099479535800907,2.145533473741123
0.8004095252276825,-1.6891830379672617,0.13756342775464253,2.568092451497842
0.7542913298135745,-0.47126374070251964,-0.0707561828333732,0.6070895707582463
1.188913371474643,-1.9754877712171375,-1.5927634610283765,9.295421628055577
0.7083038472010638,0.7510994545073101,0.16464109385118936,-0.19292455251768514
0.3514482075415829,-2.0650830462563206,0.6878041387507297,0.6324609063332546
1.0701502383164274,0.02845758118315888,-0.36360580156782274,3.3487365901684285
-0.026521259249060073,-2.077811819856197,1.1659087328862225,2.4975704364231506
-0.8818746512277181,-0.3202978045366419,-0.7764664678830928,-2.569064986098856
-0.16306696394376388,1.643378155804534,0.5494839041037337,0.27834291136037437
-0.7449026448064491,0.36064789143579495,-0.7978293839935503,-0.06578596096063727
