F,A,B,C,D,E,Y
0.7314185500144958,0.5295347571372986,0.5687103271484375,0.5662552714347839,0.056764714419841766,0.9196677207946777,1.78835129737854
-1.0801559686660767,1.3371837139129639,0.0721384808421135,0.9304020404815674,0.03943951055407524,0.32453370094299316,1.48853600025177
0.01261883694678545,-0.921074390411377,1.3789047002792358,0.25185427069664,0.0777357965707779,0.6301504373550415,0.6650127172470093
1.7750496864318848,5.904354572296143,0.5172585844993591,0.5961526036262512,0.05509272217750549,0.9887129664421082,4.587355136871338
-0.4542572796344757,-0.3005492687225342,-1.2243858575820923,3.402076005935669,0.0033304058015346527,1.2953816652297974,1.4554080963134766
-1.3951752185821533,2.584238290786743,0.07100323587656021,0.9314588904380798,0.03939785435795784,-0.7555115818977356,0.9512872099876404
0.9191532731056213,0.6164520382881165,-0.45301344990730286,1.5730453729629517,0.020741257816553116,0.9732393622398376,1.598106861114502
-0.5852158069610596,0.6165908575057983,-1.4848434925079346,4.4142746925354,0.0012103329645469785,1.257282018661499,2.2253682613372803
3.0439136028289795,10.993539810180664,0.5813325047492981,0.5591527819633484,0.057169318199157715,0.053880803287029266,2.780350685119629
0.7617796063423157,1.4814050197601318,-0.8385214805603027,2.3129446506500244,0.009896939620375633,0.3205667734146118,2.2161521911621094
1.2631584405899048,2.714951515197754,0.8238060474395752,0.4387585520744324,0.064483642578125,-0.8664849400520325,1.3552463054656982
0.4336548447608948,0.5551266074180603,-0.2160617560148239,1.2411789894104004,0.028904324397444725,0.9739516377449036,2.193765640258789
-0.4357418417930603,1.045844316482544,1.423943281173706,0.24076274037361145,0.07860280573368073,0.5252477526664734,2.3543128967285156
-1.0312882661819458,-0.36380064487457275,-0.07866644859313965,1.081843376159668,0.03389700874686241,1.0427355766296387,0.43585526943206787
1.8137376308441162,3.862825632095337,1.162721872329712,0.31263408064842224,0.07315175235271454,-0.7197287082672119,0.9113262295722961
1.2338752746582031,0.21533668041229248,-1.31288743019104,3.716890573501587,0.0024309440050274134,1.3485935926437378,0.6682999134063721
-0.7991142868995667,0.06577140092849731,1.3454413414001465,0.26042473316192627,0.07707241922616959,1.0238803625106812,1.2783515453338623
-1.1002790927886963,1.6116973161697388,-0.5942170023918152,1.8116118907928467,0.016339056193828583,0.1402716040611267,1.5407618284225464
0.5283895134925842,0.08052495121955872,1.7667394876480103,0.17088927328586578,0.0842914879322052,1.0138485431671143,1.6466516256332397
0.3464920222759247,-1.6435807943344116,1.8965133428573608,0.1500910222530365,0.0860629603266716,-0.05771112069487572,-0.8250178098678589
0.28553202748298645,1.250533938407898,-0.49836644530296326,1.6460301876068115,0.019281383603811264,0.47941863536834717,2.6300830841064453
-0.5304076075553894,0.12945353984832764,1.0294708013534546,0.3571959435939789,0.06996353715658188,1.027352213859558,1.701607584953308
-1.023720622062683,1.394742488861084,0.3884028494358063,0.6781390905380249,0.0507560595870018,0.24295970797538757,1.5860272645950317
-1.6548664569854736,2.5545883178710938,-0.8125468492507935,2.2536404132843018,0.010501622222363949,-0.6072396039962769,0.24534736573696136
0.867479145526886,1.197188377380371,0.9057803750038147,0.40422630310058594,0.06674930453300476,0.40539947152137756,1.836827278137207
0.6740167737007141,-0.12368661165237427,0.8762801885604858,0.41632869839668274,0.06594634801149368,1.0339933633804321,1.279189109802246
-0.30493128299713135,-0.18512886762619019,0.5875263214111328,0.5557001829147339,0.05736704543232918,1.0384825468063354,1.5818781852722168
-0.3673139810562134,1.2463269233703613,0.3602539598941803,0.69749915599823,0.049782875925302505,0.3885558545589447,2.489020824432373
-0.4538581371307373,-0.7659276723861694,0.6951123476028442,0.4990183711051941,0.06071263551712036,0.7706414461135864,0.722838282585144
0.17113330960273743,1.100976824760437,0.9200403094291687,0.39850297570228577,0.06713242828845978,0.49257564544677734,2.54233455657959
-1.0719826221466064,1.11418616771698,-0.28861692547798157,1.334580421447754,0.02632686123251915,0.5743661522865295,1.50799560546875
-0.29379963874816895,1.2450116872787476,1.210215449333191,0.2981330454349518,0.07422025501728058,0.34986555576324463,2.4987118244171143
0.026741597801446915,0.5605940222740173,0.6650482416152954,0.5142487287521362,0.05979496240615845,0.8983643054962158,2.3404006958007812
-0.19390827417373657,-0.5069504976272583,0.4620528519153595,0.6299890279769897,0.05325976759195328,0.9372280240058899,1.2599512338638306
1.0715014934539795,1.8464794158935547,-1.3905667066574097,4.017126083374023,0.0018004633020609617,0.12950828671455383,1.8275089263916016
0.8983761668205261,0.748997688293457,0.4970426857471466,0.6083270311355591,0.05442606285214424,0.7932043671607971,1.6530420780181885
0.14869467914104462,1.37175452709198,1.6791918277740479,0.1865246593952179,0.08298380672931671,0.21638260781764984,2.560901165008545
-1.055754542350769,0.17649471759796143,0.9700390696525574,0.3790682256221771,0.06844989210367203,1.0223720073699951,0.9128823280334473
0.5408660173416138,-0.1919630765914917,0.9182668328285217,0.3992103338241577,0.06708495318889618,1.021552562713623,1.36617112159729
0.6521228551864624,-0.5712531805038452,1.3298861980438232,0.26450735330581665,0.07675839960575104,0.8676748275756836,0.7633656859397888
1.5430004596710205,1.7744628190994263,0.49032044410705566,0.6124300956726074,0.054203204810619354,-0.14101837575435638,0.25159239768981934
0.2213049679994583,1.215909481048584,1.6864066123962402,0.18518376350402832,0.08309515565633774,0.3660026490688324,2.5213687419891357
-0.6336132287979126,0.12328445911407471,-1.6998627185821533,5.473196029663086,0.00041977944783866405,1.5397295951843262,1.7213361263275146
0.2400714010000229,-0.9462540745735168,0.49866965413093567,0.6073380708694458,0.05447991564869881,0.645459771156311,0.596193790435791
-1.345259189605713,2.21555233001709,0.47480520606040955,0.6220061779022217,0.053686629980802536,-0.5388028621673584,0.8912804126739502
-1.5128535032272339,1.396561622619629,0.28691163659095764,0.7505780458450317,0.04720935970544815,0.24841228127479553,0.35258716344833374
1.706639051437378,1.1712194681167603,-1.3685029745101929,3.9294638633728027,0.001965420786291361,0.7819749712944031,-0.03671729564666748
2.1174635887145996,5.32979679107666,-1.1660417318344116,3.2092642784118652,0.004038631450384855,0.8998498916625977,2.6293702125549316
0.22038038074970245,1.1098299026489258,0.65804523229599,0.5178626179695129,0.059579264372587204,0.4966001510620117,2.5359272956848145
0.6074838638305664,0.6563692092895508,-0.9486441612243652,2.5822062492370605,0.007560701109468937,1.0504337549209595,2.1549429893493652
0.2452431321144104,0.6031257510185242,-1.468018889427185,4.340627193450928,0.0013028354151174426,1.25762939453125,2.4943435192108154
2.1171228885650635,4.806587219238281,0.5483728647232056,0.5778893232345581,0.05610813945531845,0.1518479287624359,1.4740694761276245
-0.45635831356048584,0.8258153796195984,-2.012558698654175,7.482438087463379,5.628833969240077e-05,1.426201581954956,2.607116937637329
0.5634734630584717,2.4552841186523438,0.7337994575500488,0.4800814688205719,0.06187329813838005,-0.7255823612213135,2.472297191619873
1.1666836738586426,1.7545117139816284,0.2916058301925659,0.7470629215240479,0.047375597059726715,-0.10797739773988724,1.2844712734222412
0.5694715976715088,1.8480799198150635,-0.6650737524032593,1.944633960723877,0.014303957112133503,-0.07928061485290527,2.4444820880889893
2.5005030632019043,7.311198711395264,1.6760698556900024,0.1871078908443451,0.08293543010950089,0.5352317094802856,2.565286159515381
0.9335479140281677,0.5542758107185364,0.8463151454925537,0.4289928078651428,0.06511645764112473,0.8931810855865479,1.4597148895263672
0.5471587777137756,1.0189377069473267,1.5068532228469849,0.22160622477531433,0.08012308180332184,0.5464314818382263,2.2359886169433594
-0.18825258314609528,0.07071943581104279,0.27241790294647217,0.7615359425544739,0.04669486731290817,1.073654055595398,1.9131394624710083
0.2737809419631958,1.564749836921692,0.6856457591056824,0.503764808177948,0.06042515113949776,0.05642293393611908,2.5443615913391113
0.24848198890686035,-0.5407244563102722,0.6055969595909119,0.5457485318183899,0.05794079229235649,0.9119108319282532,1.1865291595458984
-1.1876951456069946,1.7153949737548828,0.1962113082408905,0.8218385577201843,0.043962262570858,-0.06191141903400421,1.2419371604919434
0.6505056619644165,-1.0594278573989868,0.4450218081474304,0.6408103108406067,0.052686531096696854,0.5534521341323853,0.041654109954833984
0.5281878113746643,1.7225563526153564,-1.1484571695327759,3.1533241271972656,0.004270991776138544,0.16415424644947052,2.606982707977295
0.8214264512062073,0.12683653831481934,-0.5229057669639587,1.686922311782837,0.018508829176425934,1.1606593132019043,1.3689900636672974
0.5319400429725647,1.3764523267745972,2.3649611473083496,0.0939529538154602,0.09103255718946457,0.20251822471618652,2.2904882431030273
-0.07493037730455399,0.006384802050888538,-2.3777287006378174,10.780389785766602,2.0803490770049393e-06,2.0780186653137207,1.87486732006073
1.5480631589889526,3.7007243633270264,-0.20364415645599365,1.22586190700531,0.029350463300943375,-0.7251298427581787,1.6405613422393799
-1.764991044998169,2.9532063007354736,-0.7239859700202942,2.062638521194458,0.012711812742054462,-0.7760438919067383,0.13747072219848633
-1.3992979526519775,2.784714460372925,-2.3480873107910156,10.465533256530762,2.850208602467319e-06,0.10956138372421265,1.9360220432281494
-1.6024675369262695,1.8467671871185303,-1.0335819721221924,2.811117172241211,0.006013777107000351,0.008630514144897461,0.28747743368148804
-1.2745145559310913,0.2643880844116211,0.23648566007614136,0.7893971800804138,0.0454118475317955,1.0441923141479492,0.5034886598587036
-0.6455686092376709,-1.307166576385498,1.1135083436965942,0.3284047842025757,0.07200714945793152,0.29342710971832275,-0.4372823238372803
0.13295044004917145,0.437924861907959,-2.6663177013397217,14.386894226074219,5.6474345200285825e-08,2.34432315826416,2.135699987411499
-0.44891679286956787,-0.4087100028991699,0.6081602573394775,0.5443513989448547,0.058021802455186844,0.9720693826675415,1.2141345739364624
0.6857978701591492,-0.009538382291793823,0.39718884229660034,0.6722070574760437,0.05105804651975632,1.067175269126892,1.3946805000305176
-0.3724086582660675,1.5888937711715698,-0.39591851830482483,1.485748291015625,0.02263329178094864,0.1304783672094345,2.5800578594207764
0.17795339226722717,0.5579276084899902,-0.12234800308942795,1.1301473379135132,0.03229856491088867,0.9613688588142395,2.345714569091797
0.046577442437410355,-0.47148099541664124,1.3799307346343994,0.25159597396850586,0.0777558833360672,0.916056215763092,1.3165342807769775
-0.9554376006126404,1.208824872970581,0.2751578092575073,0.7594522833824158,0.04679226502776146,0.4300638437271118,1.711798071861267
-1.44817316532135,2.691176652908325,-0.7580602765083313,2.1341326236724854,0.011834720149636269,-0.6868528127670288,0.9597945213317871
-0.3329845070838928,-0.04436763375997543,0.9620997309684753,0.382089763879776,0.06824337691068649,1.0372248888015747,1.7034220695495605
-0.9911078810691833,-0.9040536284446716,0.9225853085517883,0.39749008417129517,0.06720045953989029,0.6581785678863525,-0.2769286632537842
-0.8515077829360962,1.1025289297103882,0.2850269377231598,0.7519940137863159,0.04714255779981613,0.5265402793884277,1.8788975477218628
0.6848487854003906,-0.26596593856811523,-1.926855444908142,6.867879867553711,0.00010406811634311453,1.6516270637512207,1.2617511749267578
0.25556445121765137,-1.5743218660354614,-1.259400725364685,3.5233094692230225,0.0029501640237867832,0.34880542755126953,-0.2978639602661133
-0.7943105697631836,1.4986554384231567,-1.4644660949707031,4.325233459472656,0.001323046046309173,0.5046016573905945,2.351184129714966
0.817398190498352,1.342872977256775,0.7595090866088867,0.46789607405662537,0.06263186037540436,0.27274468541145325,1.9421480894088745
0.7109515070915222,2.7275171279907227,0.4679545760154724,0.6262819766998291,0.05345756933093071,-0.8528604507446289,2.467471122741699
-0.48476341366767883,-0.42490044236183167,-1.6340912580490112,5.124798774719238,0.0005947413737885654,1.4235596656799316,1.3292840719223022
-0.0005667305667884648,1.0454503297805786,0.7531004548072815,0.47090426087379456,0.06244373321533203,0.5486027598381042,2.5649964809417725
1.0725655555725098,0.410190224647522,-0.4260540306568146,1.5312035083770752,0.02162752114236355,1.0701653957366943,1.1368393898010254
-0.4703218340873718,0.6254650354385376,0.8863171339035034,0.412170946598053,0.06622110307216644,0.8519080281257629,2.154608726501465
0.8932955265045166,0.9436201453208923,0.3450527489185333,0.7081829905509949,0.049253832548856735,0.65767902135849,1.7557121515274048
-1.356123685836792,2.1712632179260254,1.043355941772461,0.3522704839706421,0.07030899822711945,-0.5298007130622864,0.824359655380249
-0.1640148013830185,-0.3511335849761963,-0.5669065117835999,1.7628053426742554,0.017156289890408516,1.1152639389038086,1.5198453664779663
0.5835242867469788,0.7882799506187439,0.594817042350769,0.5516635179519653,0.057599086314439774,0.7602325081825256,2.1352109909057617
0.4045204222202301,-0.539823055267334,0.902679979801178,0.4054815173149109,0.06666557490825653,0.898347795009613,1.07661771774292
1.6185158491134644,3.6627707481384277,-0.4062151312828064,1.501125454902649,0.022287916392087936,-0.7171206474304199,1.385711431503296
0.8712178468704224,-0.7756127715110779,0.7671759724617004,0.4643224775791168,0.06285608559846878,0.7604243755340576,0.15262091159820557
0.730711042881012,-0.4730205535888672,-0.12319623678922653,1.1311063766479492,0.03226760774850845,1.0033068656921387,0.8357733488082886
-0.27815577387809753,-1.9934091567993164,-0.8843039274215698,2.4212985038757324,0.008880622684955597,-0.16801495850086212,-1.2380447387695312
-0.5041988492012024,1.69401216506958,-0.8411523699760437,2.319037914276123,0.009836818091571331,0.10899949818849564,2.5485310554504395
-1.2302262783050537,2.2137112617492676,0.45687374472618103,0.6332603096961975,0.053085822612047195,-0.5362049341201782,1.1879686117172241
-1.720716953277588,3.02405047416687,-0.3225659728050232,1.3806660175323486,0.02514110505580902,-0.855033278465271,0.3082747459411621
1.4442836046218872,2.235388994216919,0.6413035988807678,0.526605486869812,0.05906064063310623,-0.5640780329704285,0.6130533218383789
1.25691556930542,2.058870792388916,0.6208645105361938,0.5374795794487,0.05842188745737076,-0.415178120136261,1.0739749670028687
-1.0842692852020264,1.2392131090164185,0.8058269619941711,0.44671836495399475,0.06397239863872528,0.37021225690841675,1.423340916633606
-0.9008967280387878,1.8392448425292969,-0.6740943789482117,1.9622551202774048,0.014054112136363983,-0.06901033222675323,1.9585754871368408
1.3827556371688843,3.700831413269043,-2.123918056488037,8.363842964172363,2.331466384930536e-05,-0.011274933815002441,2.777543544769287
1.231868028640747,0.7220529317855835,1.0959999561309814,0.3342052400112152,0.07159068435430527,0.7838709950447083,0.9080185890197754
-0.020110726356506348,-0.1554647982120514,1.4939157962799072,0.22449186444282532,0.07989220321178436,1.0103888511657715,1.6879796981811523
0.07713034749031067,0.8241227865219116,-0.3061297833919525,1.3581585884094238,0.02571338415145874,0.8150169253349304,2.5455803871154785
-0.019461747258901596,1.3168338537216187,0.413316011428833,0.6614532470703125,0.0516100749373436,0.3173866271972656,2.6272084712982178
-1.2705113887786865,2.5022566318511963,-0.01975278928875923,1.019949197769165,0.036061324179172516,-0.7004971504211426,1.242809534072876
0.4441259205341339,-0.27109044790267944,0.5611197352409363,0.5705698132514954,0.056520331650972366,1.0205364227294922,1.382453441619873
-0.3910384178161621,-0.7935594320297241,-0.4304761588573456,1.537989616394043,0.02148125134408474,0.8551113605499268,0.8079427480697632
0.7057459950447083,-3.49704909324646,0.7860295176506042,0.45565035939216614,0.06340354681015015,-0.8919227123260498,-3.775416374206543
-0.04819004237651825,-0.2598460614681244,0.9388983249664307,0.39105841517448425,0.06763406097888947,1.005535364151001,1.5799942016601562
-0.6548727750778198,-0.5936489701271057,0.21737878024578094,0.8046251535415649,0.044725555926561356,0.9093675017356873,0.7656079530715942
1.0649374723434448,1.2474349737167358,-0.8952917456626892,2.448050022125244,0.008646202273666859,0.562560498714447,1.6466596126556396
0.270035982131958,-0.34648922085762024,0.8467100262641907,0.42882344126701355,0.06512749195098877,0.983453094959259,1.4108871221542358
-0.04361405596137047,-0.17827169597148895,0.9055727124214172,0.4043102562427521,0.06674370169639587,1.0245827436447144,1.672097086906433
-0.2734210193157196,-0.010829128324985504,-1.658762812614441,5.252808094024658,0.0005232803523540497,1.5252221822738647,1.913373351097107
0.8567200303077698,1.7663716077804565,0.4711877107620239,0.6242603659629822,0.053565748035907745,-0.13190484046936035,1.8994454145431519
0.10413520038127899,-0.2191968709230423,0.6675580143928528,0.5129597187042236,0.0598720908164978,1.027368426322937,1.6241083145141602
0.1451718956232071,0.8502978682518005,1.3395328521728516,0.2619680166244507,0.07695356756448746,0.6859561204910278,2.459676504135132
1.537689208984375,1.6813342571258545,0.046575333923101425,0.9544926285743713,0.038500744849443436,-0.014863699674606323,0.3012418746948242
0.9533727765083313,1.7380056381225586,-0.4467933475971222,1.5632911920547485,0.020944561809301376,-0.010102108120918274,1.8187646865844727
0.010069536976516247,-0.11287560313940048,-1.1893869638442993,3.285066604614258,0.0037438091821968555,1.3221429586410522,1.8562607765197754
1.3232097625732422,0.487959623336792,-1.178466558456421,3.249387741088867,0.0038797955494374037,1.2082300186157227,0.6720577478408813
-1.3395721912384033,-0.24175548553466797,-0.28276923298835754,1.326798915863037,0.026532521471381187,1.1035990715026855,-0.14372694492340088
1.543630599975586,3.2339537143707275,0.21598656475543976,0.8057461380958557,0.044675447046756744,-0.9151630997657776,1.0574984550476074
-0.4953414797782898,1.6658406257629395,0.2621365487575531,0.7694059610366821,0.046328820288181305,-0.017960675060749054,2.401444911956787
-0.1238320842385292,0.38671547174453735,0.7130689024925232,0.4901376962661743,0.06125420331954956,0.9751666188240051,2.197300910949707
0.6036595106124878,-0.09257537126541138,0.47946909070014954,0.6191120147705078,0.05384223535656929,1.057629108428955,1.412764549255371
0.7153120636940002,0.6015890836715698,0.7256065607070923,0.4840308725833893,0.061629414558410645,0.872840404510498,1.8541765213012695
1.8744707107543945,2.9296557903289795,-1.4596017599105835,4.3042449951171875,0.0013511081924661994,-0.5472007989883423,-0.10428422689437866
0.5823923349380493,1.63040030002594,0.8927671909332275,0.4095209538936615,0.06639682501554489,-0.01861659437417984,2.2704005241394043
-0.07190695405006409,0.7210578322410583,0.7678281664848328,0.4640197455883026,0.06287511438131332,0.7975097894668579,2.429530143737793
-0.7472008466720581,-0.7594244480133057,0.20760497450828552,0.8125279545783997,0.044373489916324615,0.8064852356910706,0.40314149856567383
0.21620243787765503,-1.402785062789917,-0.46138811111450195,1.5862743854522705,0.020468678325414658,0.32584938406944275,-0.12962448596954346
1.9444782733917236,4.123560905456543,-0.9455937743186951,2.5743415355682373,0.007620398886501789,-0.29795268177986145,1.0489723682403564
0.095161072909832,1.0766996145248413,-1.211348295211792,3.358009099960327,0.003480448154732585,0.8100374937057495,2.7919511795043945
2.3200275897979736,4.733015060424805,1.0010766983032227,0.36748355627059937,0.06924746930599213,0.05737297236919403,0.4054321050643921
0.562978982925415,-0.28257134556770325,2.8131237030029297,0.06001722440123558,0.0941748321056366,0.9663434028625488,1.2188653945922852
1.0828205347061157,1.3963940143585205,0.022331703454256058,0.9779158234596252,0.037609413266181946,0.2713111340999603,1.4911813735961914
-0.6013489365577698,1.1815471649169922,-0.28208333253860474,1.325889229774475,0.026556670665740967,0.5120828151702881,2.309567928314209
-0.46453166007995605,0.3910917639732361,0.6222512722015381,0.5367347598075867,0.05846541374921799,0.978166937828064,2.003068447113037
1.7492353916168213,2.371779680252075,-0.6717851758003235,1.9577291011810303,0.01411786675453186,-0.5222679376602173,-0.18699151277542114
0.07434700429439545,-0.8823329210281372,0.434954434633255,0.6472941637039185,0.05234602838754654,0.7000807523727417,0.7550493478775024
0.2377295196056366,0.51554936170578,1.0457748174667358,0.35141944885253906,0.07036884874105453,0.9051639437675476,2.2430853843688965
0.7188063859939575,-0.18768364191055298,-0.7204530239105225,2.0553641319274902,0.01280461996793747,1.187975525856018,1.2231664657592773
-0.13687987625598907,0.8073624968528748,1.0691862106323242,0.34328776597976685,0.07094340026378632,0.7257351279258728,2.449796438217163
0.41333162784576416,-1.9395288228988647,-1.0095361471176147,2.7443277835845947,0.006429150700569153,-0.08600065112113953,-1.1962871551513672
0.4809519648551941,-0.8182133436203003,-2.883326768875122,17.87363624572754,1.728137966061638e-09,2.4708900451660156,0.5720083713531494
0.9324730038642883,2.179687738418579,1.3641974925994873,0.2555857002735138,0.07744627445936203,-0.5463998913764954,1.7875697612762451
0.20505383610725403,-0.10192107409238815,0.9085736274719238,0.40309879183769226,0.06682460755109787,1.0351203680038452,1.7137236595153809
-1.0253466367721558,-0.44304966926574707,-1.1289199590682983,3.0923147201538086,0.0045396750792860985,1.2126798629760742,0.44216299057006836
0.11453764140605927,-1.3870666027069092,1.0859436988830566,0.337583065032959,0.07134927064180374,0.2164560854434967,-0.18796002864837646
1.2265658378601074,1.8157691955566406,0.6172543168067932,0.5394234657287598,0.0583084337413311,-0.18858766555786133,1.1221342086791992
1.1017802953720093,3.0000221729278564,1.9090527296066284,0.1482207179069519,0.08622407913208008,-0.9751735329627991,1.9545880556106567
1.1468008756637573,1.3874485492706299,-1.091058373451233,2.977423667907715,0.005092386156320572,0.48006463050842285,1.5341198444366455
-0.5492598414421082,0.003336012363433838,0.27537795901298523,0.7592850923538208,0.04680008813738823,1.075922966003418,1.5805835723876953
-1.3347069025039673,2.6456031799316406,0.86570805311203,0.420753538608551,0.0656551867723465,-0.8374229073524475,1.1190855503082275
-0.45740294456481934,-0.7704179286956787,-0.36606350541114807,1.442046880722046,0.023644329980015755,0.8618243336677551,0.7791167497634888
1.0792150497436523,-0.29329073429107666,-0.42390766739845276,1.5279204845428467,0.021698642522096634,1.1100897789001465,0.43750739097595215
0.8033065795898438,-0.18273544311523438,0.16109783947467804,0.8512088060379028,0.04268985986709595,1.0684711933135986,1.0475174188613892
1.4967774152755737,0.846306324005127,-0.5868524312973022,1.7983191013336182,0.01655769720673561,0.842585563659668,0.3521929979324341
-0.28616461157798767,-0.15843886137008667,0.35136041045188904,0.7037301063537598,0.04947364330291748,1.0578478574752808,1.629748821258545
0.14691747725009918,-0.49644774198532104,-1.1541320085525513,3.171269655227661,0.0041950298473238945,1.1964070796966553,1.4126899242401123
-0.2466607391834259,0.2253091037273407,0.5517113208770752,0.5759633183479309,0.05621630698442459,1.0323214530944824,2.0213797092437744
1.0907481908798218,0.7772717475891113,0.21605661511421204,0.8056896924972534,0.044677965342998505,0.7933985590934753,1.299283504486084
-0.24291551113128662,1.0864228010177612,-0.3025243878364563,1.3532706499099731,0.02583937719464302,0.6009811162948608,2.5925331115722656
-0.6452745795249939,0.6948671340942383,-0.742989718914032,2.1022112369537354,0.012218594551086426,0.9783598780632019,2.1079959869384766
0.7011925578117371,1.368670105934143,-0.4416293203830719,1.555239200592041,0.021113887429237366,0.35627663135528564,2.2255632877349854
1.1450071334838867,1.5324198007583618,1.9941823482513428,0.13612490892410278,0.08727335929870605,0.05197959765791893,1.2695287466049194
-1.0752203464508057,0.7967920303344727,-0.9011059999465942,2.462324857711792,0.00852365605533123,0.9452368021011353,1.4512925148010254
0.06720663607120514,0.6915536522865295,-0.7811340689659119,2.1839475631713867,0.011259617283940315,0.9886508584022522,2.5222585201263428
0.48550277948379517,-0.11388233304023743,-0.4085826277732849,1.5046836137771606,0.02220875397324562,1.1439907550811768,1.5604509115219116
0.17163744568824768,0.5766927599906921,0.49645447731018066,0.6086849570274353,0.05440659075975418,0.8991390466690063,2.328545093536377
-1.1363110542297363,-0.560124397277832,-0.2632289230823517,1.3011245727539062,0.02722254768013954,0.9773014783859253,-0.02270650863647461
1.3509259223937988,2.6019058227539062,-2.1245951652526855,8.369508743286133,2.318294173164759e-05,-0.020918726921081543,1.7559877634048462
1.1305460929870605,0.40493738651275635,-0.5808641910552979,1.7875826358795166,0.016736427322030067,1.0978853702545166,1.0169090032577515
-1.145755648612976,0.19993126392364502,0.050087329000234604,0.9511463642120361,0.038629792630672455,1.0751948356628418,0.7661119699478149
-0.1775156408548355,0.16412529349327087,-0.551591157913208,1.7360130548477173,0.01762215979397297,1.1601629257202148,2.0493264198303223
-0.44235995411872864,-0.03345295786857605,-1.7649890184402466,5.841507911682129,0.00029044595430605114,1.5835912227630615,1.7707829475402832
-0.48769235610961914,2.140070676803589,-1.8190900087356567,6.1662445068359375,0.00020991044584661722,0.07760351896286011,2.979752540588379
0.5107269287109375,0.3799111843109131,-0.1494154930114746,1.161155343055725,0.03131242096424103,1.0448131561279297,1.9834097623825073
-0.22859729826450348,-0.38456231355667114,-0.5056813955307007,1.6581149101257324,0.01904977485537529,1.0927742719650269,1.4509060382843018
-0.5749899744987488,1.4374771118164062,0.0019185995915904641,0.998083233833313,0.03685852512717247,0.23273295164108276,2.336822032928467
-3.050158739089966,11.707963943481445,0.4935794174671173,0.6104374527931213,0.054311323910951614,0.7146878838539124,4.0584025382995605
0.0914192944765091,1.4560155868530273,0.5106652975082397,0.6000962257385254,0.05487588047981262,0.1745384931564331,2.6198062896728516
1.1599971055984497,2.0890727043151855,-0.7274711728096008,2.0698397159576416,0.012620600871741772,-0.2883996367454529,1.4589812755584717
-1.0682400465011597,0.8950697183609009,0.19239728152751923,0.8249790668487549,0.043824415653944016,0.7079623341560364,1.4032599925994873
0.46587541699409485,-0.21160458028316498,-0.6471067667007446,1.9100067615509033,0.014807937666773796,1.1686958074569702,1.4914870262145996
0.3786550760269165,-0.3606831431388855,-1.4552135467529297,4.285398483276367,0.0013768133940175176,1.3641958236694336,1.474670171737671
-0.16901546716690063,-1.1990050077438354,0.296424925327301,0.7434714436531067,0.04754605144262314,0.43763208389282227,0.19509458541870117
0.6081259846687317,0.6242303252220154,0.487425297498703,0.6142057776451111,0.054107047617435455,0.872833788394928,2.0191028118133545
0.695863664150238,3.2318975925445557,-0.38606131076812744,1.4711748361587524,0.022965552285313606,-0.8488077521324158,2.9969146251678467
0.47063329815864563,-0.5396723747253418,-1.0795304775238037,2.9432973861694336,0.005269169807434082,1.1522067785263062,1.1524813175201416
-1.40683114528656,1.0567525625228882,-0.20221731066703796,1.224113941192627,0.029401808977127075,0.6141138076782227,0.6533809900283813
-0.6806133985519409,-1.9715344905853271,-1.3362687826156616,3.8048202991485596,0.0022263198625296354,-0.009616106748580933,-1.4443875551223755
-1.0006523132324219,3.742589235305786,-0.5371381044387817,1.711102843284607,0.0180666446685791,-0.6536622047424316,3.133023262023926
-0.8032683730125427,1.573243260383606,0.13921226561069489,0.8700433373451233,0.04189334064722061,0.08455739915370941,2.011582374572754
0.5602822303771973,-0.5338587760925293,-0.36751970648765564,1.444148302078247,0.023594696074724197,1.0052647590637207,0.996250569820404
0.39874187111854553,0.6068875789642334,-1.070652961730957,2.917283773422241,0.005408038385212421,1.1131553649902344,2.344975233078003
1.247697353363037,3.9466605186462402,1.211142659187317,0.29785674810409546,0.07424076646566391,-0.6632766127586365,2.7714552879333496
-0.2732526659965515,0.3985674977302551,0.8423046469688416,0.43071672320365906,0.06500430405139923,0.9646896123886108,2.143660545349121
1.2012797594070435,1.671866774559021,-2.0379369258880615,7.674759387969971,4.64402291981969e-05,0.6665775179862976,1.8470934629440308
2.363468885421753,6.003782749176025,-2.181303024291992,8.857840538024902,1.4226194252842106e-05,1.8470044136047363,2.3798940181732178
1.0778250694274902,0.7298566102981567,-0.5741419196128845,1.7756062746047974,0.016938071697950363,0.9228306412696838,1.3653194904327393
-0.8847391605377197,1.5376496315002441,1.1158846616744995,0.3276253044605255,0.07206330448389053,0.06590315699577332,1.8181463479995728
1.2735326290130615,2.152744770050049,-0.17705155909061432,1.193692684173584,0.030309993773698807,-0.43028342723846436,1.1132715940475464
0.9802596569061279,0.7968551516532898,-0.4465770125389099,1.562952995300293,0.0209516454488039,0.8552545309066772,1.5904645919799805
-1.0854710340499878,1.5068426132202148,-1.010215401649475,2.746192455291748,0.006417172960937023,0.3385293781757355,1.660675048828125
1.5091108083724976,0.8090219497680664,0.3334336578845978,0.7164593935012817,0.04884787276387215,0.7618523836135864,0.22067654132843018
1.116625189781189,1.1361538171768188,-1.0940881967544556,2.9864583015441895,0.005046585574746132,0.7197320461273193,1.54847252368927
0.5815508365631104,-0.4649885594844818,-0.11221527308225632,1.1187536716461182,0.03266867250204086,1.0057021379470825,1.0408146381378174
-0.8624753355979919,2.282710552215576,0.8666983246803284,0.42033708095550537,0.0656825378537178,-0.6112505197525024,1.9627985954284668
0.5240226984024048,0.8977292776107788,-0.9188276529312134,2.50635027885437,0.00815653894096613,0.8740221261978149,2.390012741088867
-0.24340561032295227,-0.769527792930603,0.5643141865730286,0.5687500834465027,0.056623272597789764,0.7751142978668213,0.8694210052490234
0.14016063511371613,0.9996653199195862,1.1982265710830688,0.30172884464263916,0.07395385205745697,0.5707567930221558,2.5175559520721436
-0.35016757249832153,-0.133697509765625,1.2428605556488037,0.28855758905410767,0.07493436336517334,1.0199315547943115,1.5929510593414307
-0.20448745787143707,0.3670802712440491,1.8565278053283691,0.15621408820152283,0.08553760498762131,0.9490005970001221,2.1344428062438965
0.2898740768432617,-1.249254822731018,1.9366804361343384,0.1441817730665207,0.0865730419754982,0.33044761419296265,-0.012560367584228516
0.17185167968273163,0.34529685974121094,-1.0538123846054077,2.8685665130615234,0.005678026471287012,1.2278316020965576,2.257509708404541
-1.1926240921020508,2.2601091861724854,1.1683200597763062,0.31088876724243164,0.07327953726053238,-0.6049181818962097,1.266378402709961
0.7674354910850525,0.37306010723114014,0.14085538685321808,0.868614912033081,0.04195322468876839,1.0180778503417969,1.6343234777450562
0.7544175386428833,0.04540276527404785,-0.5602126717567444,1.7510448694229126,0.01735924556851387,1.1740739345550537,1.3984386920928955
-1.4808692932128906,2.3720054626464844,1.423852801322937,0.24078452587127686,0.07860109955072403,-0.6941195726394653,0.5362351536750793
-0.8869045972824097,-0.0726819634437561,-0.6256706118583679,1.8694992065429688,0.015420086681842804,1.184309720993042,1.0668385028839111
1.0960464477539062,2.5614495277404785,1.2667840719223022,0.28173619508743286,0.07544726878404617,-0.808210551738739,1.6342346668243408
0.1569240689277649,-1.0140851736068726,1.9169774055480957,0.14705076813697815,0.0863250121474266,0.5431019067764282,0.47435998916625977
1.5709341764450073,2.381458282470703,0.8160744905471802,0.44216397404670715,0.06426443159580231,-0.6805270314216614,0.2823571264743805
-0.8302715420722961,0.28834596276283264,-1.109451174736023,3.032693386077881,0.004818568006157875,1.2619848251342773,1.551679015159607
0.5672850012779236,0.5539041757583618,1.0133633613586426,0.36299604177474976,0.06955891847610474,0.8867769241333008,2.0047128200531006
0.673836886882782,0.32102102041244507,0.8766570091247559,0.4161718487739563,0.06595669686794281,0.9905309677124023,1.7011077404022217
0.8581854104995728,0.16051816940307617,0.7691723108291626,0.46339645981788635,0.06291431188583374,1.0334842205047607,1.2811450958251953
1.1146540641784668,0.6504673361778259,-0.4931376278400421,1.6374459266662598,0.019447611644864082,0.9595454931259155,1.2267553806304932
-0.9138886332511902,1.263554334640503,0.9888834953308105,0.3719917833805084,0.06893599033355713,0.3396300971508026,1.7591251134872437
0.7340254187583923,-0.2342233657836914,-1.187625527381897,3.279285430908203,0.003765515284612775,1.3006234169006348,1.1907010078430176
1.7485525608062744,2.9059250354766846,0.40604642033576965,0.6662792563438416,0.05136160925030708,-0.9057307839393616,0.06029410660266876
-1.5221799612045288,0.6097592115402222,0.028821337968111038,0.9715900421142578,0.03784807771444321,0.9169449806213379,0.08575832843780518
0.9231802821159363,1.2786014080047607,-0.3066346049308777,1.3588443994522095,0.02569575235247612,0.42393922805786133,1.8373634815216064
-0.35336941480636597,0.08391262590885162,-0.7568719387054443,2.1315979957580566,0.011864754371345043,1.2096412181854248,1.8944615125656128
0.048367325216531754,1.9995797872543335,0.15773484110832214,0.8540762066841125,0.042567625641822815,-0.33035707473754883,2.6719536781311035
-0.4195807874202728,1.1000676155090332,0.32557663321495056,0.7221108675003052,0.048572588711977005,0.5257469415664673,2.424699306488037
-1.9281867742538452,2.123572826385498,1.428633451461792,0.23963616788387299,0.07869140803813934,-0.5010886192321777,-1.0778067111968994
-0.8947325348854065,1.1719257831573486,-0.8787306547164917,2.407841444015503,0.009000937454402447,0.6291619539260864,1.9598064422607422
-0.020180443301796913,-1.6006742715835571,-0.27797678112983704,1.320455551147461,0.026701364666223526,0.10217205435037613,-0.49944353103637695
1.2155095338821411,-0.21763288974761963,0.5119253396987915,0.599340558052063,0.054917365312576294,1.036345362663269,0.16394448280334473
0.00689724599942565,0.8745197057723999,-1.7802941799163818,5.931601047515869,0.00026542291743680835,1.234525442123413,2.8184638023376465
-0.017998699098825455,0.13819332420825958,0.37046903371810913,0.6904104351997375,0.050137024372816086,1.0595074892044067,2.0087273120880127
-0.5517018437385559,1.711836576461792,-0.6389087438583374,1.8944125175476074,0.015040667727589607,0.04886813461780548,2.4561972618103027
1.4984676837921143,2.434938907623291,0.6801074743270874,0.5065625309944153,0.06025633215904236,-0.7098825573921204,0.5359739065170288
0.423717737197876,-0.08780686557292938,-0.519959032535553,1.6819586753845215,0.018600929528474808,1.1643433570861816,1.6510124206542969
-0.9439689517021179,-0.6858077049255371,0.844576895236969,0.4297391474246979,0.06506787985563278,0.8168817162513733,0.15001356601715088
0.4480725824832916,0.6947735548019409,1.7055563926696777,0.18167127668857574,0.08338753879070282,0.786365807056427,2.1983203887939453
-0.5710679292678833,1.8104599714279175,-1.5628740787506104,4.772518157958984,0.0008459052187390625,0.239875927567482,2.7219231128692627
0.5061929225921631,0.7417834997177124,-1.6200066804885864,5.053123950958252,0.0006389342015609145,1.2425771951675415,2.4321699142456055
-1.4802769422531128,2.1071174144744873,1.7029786109924316,0.18214020133018494,0.08334844559431076,-0.49276307225227356,0.43936413526535034
-0.18588188290596008,0.8436620235443115,1.253727674484253,0.28543877601623535,0.0751684382557869,0.6932753324508667,2.445345878601074
-1.0738991498947144,0.5354465246200562,0.7042078971862793,0.4945001006126404,0.06098756939172745,0.9094909429550171,1.1695191860198975
-0.4814015328884125,-0.7110578417778015,-0.2647130489349365,1.3030569553375244,0.02716999314725399,0.8879776000976562,0.8326228857040405
-0.4603566527366638,2.5559568405151367,-0.10319828987121582,1.1087112426757812,0.03299839422106743,-0.7224896550178528,2.68222975730896
1.0981316566467285,1.209053874015808,-0.3741028308868408,1.4536865949630737,0.023370711132884026,0.4992731213569641,1.481675148010254
-0.9874642491340637,0.2103896141052246,0.519256591796875,0.5949627161026001,0.055158309638500214,1.0374459028244019,1.0948916673660278
0.07381554692983627,0.4898933470249176,-1.2406305074691772,3.4577929973602295,0.0031499203760176897,1.2281622886657715,2.4263126850128174
0.852204442024231,0.4925689101219177,-0.05050411447882652,1.0518012046813965,0.03493080288171768,0.9863011240959167,1.5996971130371094
-1.397964596748352,3.0973126888275146,-0.021626411005854607,1.0218619108200073,0.035992417484521866,-0.896833598613739,1.3610053062438965
-1.7986018657684326,1.8124310970306396,-2.4526631832122803,11.61924934387207,8.991333970698179e-07,0.9226347208023071,0.37465739250183105
0.8219611644744873,-0.594684898853302,0.4216367304325104,0.6559723019599915,0.051893722265958786,0.8939223289489746,0.5078833103179932
0.4934416711330414,-0.06676679849624634,1.5547763109207153,0.2112366259098053,0.08095824718475342,1.0188956260681152,1.5380027294158936
-0.2617715299129486,-0.49282369017601013,-0.9507978558540344,2.587773561477661,0.007518725004047155,1.1397777795791626,1.3471643924713135
0.9278878569602966,2.1714935302734375,-0.3624548614025116,1.4368523359298706,0.023767469450831413,-0.4215325713157654,1.901075839996338
1.2600570917129517,2.240224838256836,-0.29153257608413696,1.3384772539138794,0.026224469766020775,-0.4866902232170105,1.184434175491333
0.748881459236145,1.1027576923370361,3.492145299911499,0.030435508117079735,0.0970022976398468,0.4541803002357483,1.975959062576294
-1.1419016122817993,0.9779083728790283,0.28861159086227417,0.7493032217025757,0.04726957902312279,0.633688747882843,1.2649734020233154
-0.7661975026130676,1.2604925632476807,0.040352482348680496,0.9604508280754089,0.038272030651569366,0.40139299631118774,2.0634026527404785
0.6702703833580017,0.19718816876411438,-1.314429521560669,3.7226266860961914,0.002417039591819048,1.35288405418396,1.724273681640625
0.7808415293693542,0.5318361520767212,0.30016860365867615,0.7406933307647705,0.04767832159996033,0.9359467029571533,1.726147174835205
-0.31200382113456726,1.1720945835113525,0.5618235468864441,0.5701683759689331,0.0565430223941803,0.4452390968799591,2.503823757171631
-0.2936772108078003,-0.24804207682609558,1.174668550491333,0.30892136693000793,0.0734238475561142,1.0002871751785278,1.504643440246582
0.6655980348587036,1.858109712600708,-1.2163435220718384,3.3748252391815186,0.0034224099945276976,0.05410575866699219,2.4691624641418457
-0.37609559297561646,0.9587714076042175,-0.16577298939228058,1.1803051233291626,0.030718499794602394,0.6925565004348755,2.4553585052490234
-0.6299078464508057,-0.4028019309043884,-0.02704617939889431,1.0274152755737305,0.035793088376522064,1.0227078199386597,1.0532957315444946
-0.5600171685218811,-0.026784956455230713,-0.7768232822418213,2.174553394317627,0.011365890502929688,1.2170966863632202,1.5976289510726929
0.2495853751897812,0.7491547465324402,-1.0528299808502197,2.8657495975494385,0.005694043356925249,1.018839716911316,2.5383458137512207
-1.1138893365859985,0.8096114993095398,-1.2648290395736694,3.542487144470215,0.002894125645980239,1.0440285205841064,1.4332942962646484
-0.5874188542366028,0.7825717329978943,-0.19459258019924164,1.2148159742355347,0.029676461592316628,0.8305841088294983,2.175395965576172
0.9391475319862366,1.7871959209442139,0.7829545140266418,0.45705363154411316,0.06331463903188705,-0.1690092235803604,1.7349884510040283
2.5281169414520264,6.122990131378174,-0.21493521332740784,1.2397816181182861,0.028944741934537888,1.1111743450164795,1.6274166107177734
2.40640926361084,7.022663593292236,-0.633906900882721,1.8849605321884155,0.015183505602180958,0.9273163080215454,3.0317556858062744
0.3507902920246124,-1.925926685333252,0.7913880944252014,0.45321524143218994,0.06355813145637512,-0.30239108204841614,-1.3488032817840576
0.6483205556869507,-0.43779873847961426,-0.018763359636068344,1.0189404487609863,0.03609772399067879,1.007581114768982,0.9867730140686035
0.27508482336997986,0.4287477731704712,-0.44107064604759216,1.5543705224990845,0.02113223634660244,1.0649241209030151,2.227605104446411
-0.8080483078956604,1.2286317348480225,0.30722948908805847,0.7354817986488342,0.04792744666337967,0.40907520055770874,1.9723024368286133
-1.4311034679412842,2.099243402481079,1.5715336799621582,0.2077263593673706,0.08124293386936188,-0.4834202527999878,0.5830776691436768
1.4617265462875366,1.4118062257766724,2.1321794986724854,0.11857856810092926,0.08881820738315582,0.17017897963523865,0.4405785799026489
-0.36039069294929504,0.8418493866920471,-1.0095418691635132,2.7443435192108154,0.00642904918640852,0.940518856048584,2.5198111534118652
1.688829779624939,3.5947022438049316,-0.4815089702606201,1.6185147762298584,0.019819283857941628,-0.7372387051582336,1.0701137781143188
-0.05436792969703674,2.1699578762054443,0.22200500965118408,0.8009113669395447,0.04489196464419365,-0.48385918140411377,2.7007956504821777
-0.17869476974010468,-1.6754070520401,-1.6444748640060425,5.178289890289307,0.0005637638969346881,0.41340896487236023,-0.3056056499481201
1.479705572128296,2.1968488693237305,-0.5431984066963196,1.7215040922164917,0.017879702150821686,-0.4138001501560211,0.6050688624382019
-0.5647813677787781,-0.12856408953666687,2.428710699081421,0.08815041184425354,0.09156231582164764,1.000562071800232,1.3900436162948608
0.49440106749534607,-0.5763391256332397,0.30581551790237427,0.7365224957466125,0.04787759855389595,0.9121155738830566,0.9688829779624939
0.9989112019538879,1.0138036012649536,-1.1890896558761597,3.284090042114258,0.003747466951608658,0.8570448756217957,1.7718842029571533
-1.0596922636032104,1.9662575721740723,1.2384849786758423,0.2898229658603668,0.07483960688114166,-0.35625159740448,1.4917471408843994
0.3048417866230011,0.8027316331863403,1.0712783336639404,0.34257030487060547,0.0709943175315857,0.7290016412734985,2.3734095096588135
-1.684259057044983,2.2251038551330566,-0.9830850958824158,2.6726889610290527,0.0069066258147358894,-0.3413410186767578,0.053600430488586426
0.4801032543182373,2.690098285675049,0.7015478014945984,0.49581727385520935,0.06090729311108589,-0.850214421749115,2.7063231468200684
0.7954033613204956,1.3235290050506592,-0.26126837730407715,1.2985761165618896,0.02729201316833496,0.3746129274368286,2.0564022064208984
1.8020743131637573,3.756178855895996,0.30788180232048035,0.7350021600723267,0.047950442880392075,-0.7435119152069092,0.8306803703308105
1.1845626831054688,-1.1711926460266113,-0.02861027792096138,1.02902352809906,0.03573557361960411,0.49195563793182373,-1.102669358253479
-1.354628324508667,3.3132073879241943,1.0978895425796509,0.3335743546485901,0.07163586467504501,-0.9519528746604919,1.6610748767852783
0.3638113737106323,1.1006078720092773,-0.3996599018573761,1.4913173913955688,0.022507594898343086,0.6021860837936401,2.5344412326812744
-2.124309778213501,1.7925808429718018,-0.16986902058124542,1.1851496696472168,0.03057004138827324,-0.10145580768585205,-1.8218601942062378
0.41506531834602356,1.670949101448059,0.8649455308914185,0.4210744798183441,0.0656341165304184,-0.057877980172634125,2.438671112060547
0.2837321162223816,0.8996156454086304,-0.9226884841918945,2.516045570373535,0.008077840320765972,0.8735155463218689,2.585670232772827
-1.3861445188522339,2.493216037750244,0.18861882388591766,0.8281021118164062,0.043687764555215836,-0.7142549753189087,0.9158107042312622
-0.11525626480579376,-0.3272554576396942,-0.6051441431045532,1.831516146659851,0.01601705327630043,1.130079746246338,1.5637784004211426
0.4237077236175537,-0.04625709354877472,0.14406439661979675,0.8658319711685181,0.042070139199495316,1.0855135917663574,1.6578729152679443
0.44140830636024475,0.8215029239654541,0.08649484068155289,0.9171403050422668,0.03996603190898895,0.7728356122970581,2.324031114578247
-0.47080761194229126,-0.1386372148990631,-1.3522393703460693,3.8660733699798584,0.002094043418765068,1.3770126104354858,1.620983362197876
-0.8049001693725586,1.3488960266113281,-0.05847474932670593,1.0602182149887085,0.03463802486658096,0.326105535030365,2.0207881927490234
-0.6963378190994263,1.7540695667266846,-0.1164921373128891,1.1235486268997192,0.032512400299310684,-0.06989410519599915,2.198817491531372
-0.20000553131103516,-1.2946709394454956,-1.0431112051010132,2.8380329608917236,0.0058540706522762775,0.5564331412315369,0.19347047805786133
0.7762559056282043,1.0497052669525146,0.9633025527000427,0.38163045048713684,0.06827472895383835,0.5359897613525391,1.9554944038391113
0.9577375650405884,0.7332621216773987,0.9639782905578613,0.3813726603984833,0.06829233467578888,0.7811322808265686,1.5177538394927979
0.40869826078414917,1.213205099105835,0.6720544099807739,0.5106583833694458,0.06001003459095955,0.40108469128608704,2.4347879886627197
-1.4130048751831055,1.278765082359314,-0.4957142770290375,1.6416704654693604,0.019365627318620682,0.452065110206604,0.7188190221786499
1.813181757926941,2.154082775115967,0.06814460456371307,0.9341253638267517,0.03929293900728226,-0.4573574662208557,-0.5758959054946899
0.2533152103424072,-0.27990683913230896,-1.0076427459716797,2.7391364574432373,0.0064626126550138,1.234994888305664,1.6000502109527588
-1.03844153881073,0.33069902658462524,-0.9125850796699524,2.490752935409546,0.008284756913781166,1.1948909759521484,1.1824796199798584
-1.3300793170928955,0.6559997797012329,-1.0413650274276733,2.8330817222595215,0.005883126985281706,1.0757466554641724,0.7668166160583496
2.312704563140869,5.804528713226318,0.34486913681030273,0.7083130478858948,0.04924742877483368,0.9584457874298096,2.2730133533477783
1.1004011631011963,-0.4826005697250366,-0.6548368334770203,1.9248284101486206,0.014590078964829445,1.078273892402649,0.1875532865524292
-0.5891269445419312,0.900109052658081,0.4461488425731659,0.6400884985923767,0.052724577486515045,0.685533344745636,2.18473482131958
0.010040534660220146,-0.7271916270256042,1.3806209564208984,0.25142237544059753,0.07776938378810883,0.7721865177154541,0.967388391494751
0.664095401763916,-0.43679195642471313,0.316038578748703,0.7290313243865967,0.04823760315775871,0.9790166020393372,0.9509713649749756
1.3805752992630005,1.5259828567504883,3.113398790359497,0.04444962367415428,0.09565237909555435,0.04924343526363373,0.6646470427513123
-0.9599111080169678,0.0571744441986084,1.5560647249221802,0.2109646499156952,0.08098027110099792,1.0194624662399292,0.9842944741249084
-1.619302749633789,1.8536522388458252,-1.6456749439239502,5.184507846832275,0.0005602693418040872,0.23935160040855408,0.46858352422714233
0.49101972579956055,1.2434189319610596,-0.17808715999126434,1.1949294805526733,0.030272532254457474,0.4410537779331207,2.428753137588501
-1.5945566892623901,3.292013645172119,-1.5973496437072754,4.939922332763672,0.0007155154016800225,-0.4947158396244049,1.2746206521987915
0.241580531001091,1.0772873163223267,-0.06888303905725479,1.0713108777999878,0.03425591439008713,0.5808501839637756,2.5670742988586426
-0.9899286031723022,0.37614941596984863,-2.0648860931396484,7.884399890899658,3.765725341509096e-05,1.718526005744934,1.3852986097335815
-1.3480535745620728,2.1559879779815674,0.8660653233528137,0.4206032454967499,0.06566505134105682,-0.5102988481521606,0.8481464385986328
-1.2634880542755127,2.3525378704071045,-1.4642727375030518,4.324397087097168,0.0013241531560197473,-0.27207669615745544,1.4874026775360107
0.5841647982597351,0.42313170433044434,0.21892417967319489,0.8033826351165771,0.0447811596095562,0.9921457171440125,1.9180819988250732
-1.0389463901519775,1.414048671722412,-1.4139220714569092,4.112051486968994,0.0016374147962778807,0.567311704158783,1.872004508972168
0.34435340762138367,1.6492547988891602,0.5780208110809326,0.5610076189041138,0.057063378393650055,-0.022277235984802246,2.506772518157959
-1.9834734201431274,5.282169818878174,0.9418789148330688,0.3898945748806,0.06771282851696014,0.5784370303153992,2.8924269676208496
-0.8295937180519104,-0.0511743426322937,-0.015669774264097214,1.0157932043075562,0.03621150925755501,1.10027015209198,1.1512742042541504
0.8926305174827576,1.0394150018692017,1.2538293600082397,0.2854097783565521,0.0751706138253212,0.5352656245231628,1.7498713731765747
-1.6121238470077515,2.40901255607605,0.23268036544322968,0.7924067974090576,0.045275378972291946,-0.6642106771469116,0.19260674715042114
0.9625949263572693,0.6574336290359497,0.6605837345123291,0.5165497064590454,0.05965753644704819,0.8432180881500244,1.4758528470993042
0.6250298619270325,-2.1977856159210205,-0.7665294408798218,2.1522836685180664,0.011621844954788685,-0.3714810013771057,-1.9515113830566406
0.5785051584243774,-1.03554368019104,-1.047378420829773,2.8501691818237305,0.005783453583717346,0.7950752973556519,0.3436877727508545
-1.3812576532363892,2.030691146850586,-0.12408643215894699,1.1321136951446533,0.03223511949181557,-0.3306424915790558,0.7976483106613159
1.0137625932693481,3.199289321899414,1.2853657007217407,0.27654942870140076,0.07583961635828018,-0.9706810712814331,2.3434295654296875
-1.1550757884979248,-0.07731437683105469,-0.014565542340278625,1.0146721601486206,0.03625212609767914,1.098479986190796,0.47834551334381104
0.22076822817325592,2.0106170177459717,-0.39745962619781494,1.4880397319793701,0.022581487894058228,-0.27697324752807617,2.6881778240203857
1.7042903900146484,2.7444350719451904,-0.057966090738773346,1.0596790313720703,0.03465670347213745,-0.8161962628364563,0.11068333685398102
0.4915136694908142,-0.5105515122413635,1.6246334314346313,0.19698387384414673,0.0821203887462616,0.8921735286712646,1.0229308605194092
0.1159428134560585,0.031163791194558144,0.04581638053059578,0.9552173614501953,0.03847285360097885,1.0950361490249634,1.9059258699417114
1.2306936979293823,1.7702116966247559,0.29411670565605164,0.7451895475387573,0.047464434057474136,-0.12357736378908157,1.1312153339385986
-0.2500859797000885,1.1389100551605225,-0.17740508913993835,1.1941146850585938,0.030297208577394485,0.5379960536956787,2.5883243083953857
-0.18355706334114075,-0.9539574384689331,-1.4191502332687378,4.133606433868408,0.0016024981159716845,0.9918201565742493,0.8493714332580566
0.6295924782752991,-0.03152647614479065,0.49643629789352417,0.6086959838867188,0.05440598726272583,1.0603727102279663,1.4431447982788086
1.1901575326919556,1.4923354387283325,0.9288278818130493,0.3950164318084717,0.06736689805984497,0.11788205802440643,1.1912014484405518
-1.3599847555160522,2.7116661071777344,1.3931965827941895,0.2482803910970688,0.07801412045955658,-0.8841683268547058,1.0856778621673584
-0.2800535559654236,1.5585885047912598,0.864631712436676,0.42120665311813354,0.06562544405460358,0.05432818457484245,2.5323073863983154
-0.8807122111320496,1.3035609722137451,-0.24916504323482513,1.2829537391662598,0.027721727266907692,0.3923613429069519,1.9098942279815674
0.12304892390966415,-0.9898072481155396,1.242311716079712,0.28871601819992065,0.07492248713970184,0.5777226090431213,0.5383639335632324
0.10206805169582367,1.1074823141098022,0.424811989068985,0.6538926959037781,0.05200175568461418,0.5123044848442078,2.585899829864502
-0.27147340774536133,1.5474205017089844,0.3867987394332886,0.6792277693748474,0.0507008358836174,0.0912964791059494,2.5636072158813477
1.424728274345398,2.3965015411376953,-0.14183662831783295,1.152388334274292,0.03158814460039139,-0.6197872757911682,0.7852898836135864
0.4893660247325897,1.141166090965271,0.6201812028884888,0.5378469824790955,0.05840042978525162,0.47031936049461365,2.3531532287597656
-0.74494868516922,1.119649887084961,-0.8710111975669861,2.3893256187438965,0.009169149212539196,0.6749300956726074,2.189502000808716
0.6020139455795288,0.8105038404464722,-0.14981916546821594,1.1616241931915283,0.03129774332046509,0.8052958250045776,2.1686291694641113
-0.25333744287490845,0.8217762112617493,0.41401776671409607,0.6609892249107361,0.051634032279253006,0.7470203638076782,2.4357190132141113
-0.0761009007692337,-0.2769455909729004,0.29687345027923584,0.7431380748748779,0.04756190627813339,1.0362088680267334,1.5766111612319946
0.21868683397769928,-0.7038256525993347,-0.7070550918579102,2.028010129928589,0.013159711845219135,0.9651730060577393,1.070411205291748
1.9338068962097168,4.28391695022583,0.15362346172332764,0.8575948476791382,0.04241810739040375,-0.32972195744514465,1.2196285724639893
0.06646957248449326,0.9106241464614868,1.7064687013626099,0.18150562047958374,0.08340135961771011,0.6314034461975098,2.4930081367492676
0.7852913737297058,-0.09273922443389893,-1.6313520669937134,5.110780239105225,0.0006031375378370285,1.5067808628082275,1.2885297536849976
3.3726425170898438,12.822793960571289,0.7653411030769348,0.46517524123191833,0.0628025084733963,1.013820767402649,3.294962167739868
0.015377613715827465,-1.4953936338424683,1.589987874031067,0.20392808318138123,0.08155210316181183,0.09572407603263855,-0.4033757448196411
-0.24649164080619812,0.600355863571167,-0.9486603736877441,2.5822482109069824,0.007560384459793568,1.0833594799041748,2.423105478286743
0.3945520520210266,0.19616104662418365,-0.8608453273773193,2.365159273147583,0.009393434040248394,1.217337965965271,1.9786267280578613
0.04841887578368187,0.7071671485900879,0.3792763650417328,0.6843564510345459,0.050441473722457886,0.8286410570144653,2.4405643939971924
0.3161722421646118,0.3424244523048401,0.904697597026825,0.4046642482280731,0.06672008335590363,0.9824098348617554,2.0720717906951904
1.4398994445800781,2.998776435852051,-0.023980431258678436,1.0242702960968018,0.03590583801269531,-0.8873921036720276,1.1493937969207764
0.6916896104812622,1.514540672302246,-0.6130918860435486,1.846130609512329,0.015784675255417824,0.24083904922008514,2.27449893951416
-0.5517928600311279,0.02484247088432312,0.9956108927726746,0.3694976568222046,0.06910814344882965,1.036641240119934,1.5786792039871216
0.7016029953956604,0.3864431381225586,0.880480170249939,0.41458380222320557,0.06606151908636093,0.9677138328552246,1.7156063318252563
-1.397222638130188,1.4162116050720215,-0.5524218082427979,1.7374557256698608,0.017596755176782608,0.32771533727645874,0.7857065200805664
-0.6300829648971558,-0.5804468393325806,-0.009183956310153008,1.0092262029647827,0.03645009547472,0.9371403455734253,0.8277525305747986
-1.0631691217422485,0.6811360120773315,0.33712759613990784,0.7138177156448364,0.0489770844578743,0.8482396602630615,1.2997257709503174
-0.2978692352771759,-0.5753429532051086,-0.326388418674469,1.385953664779663,0.025008518248796463,0.977601170539856,1.1647770404815674
-2.4132227897644043,5.562197685241699,1.335969090461731,0.26290327310562134,0.07688162475824356,0.7774444818496704,1.437059998512268
-0.3221531808376312,1.3296178579330444,1.9277575016021729,0.14547406136989594,0.08646123111248016,0.25339454412460327,2.4727911949157715
0.7529369592666626,1.188591718673706,-0.16158851981163025,1.175376534461975,0.03087026998400688,0.49050456285476685,2.0922720432281494
1.2393231391906738,1.3558601140975952,-0.2514727711677551,1.28591787815094,0.02763967774808407,0.34187689423561096,1.1548123359680176
-0.9295284152030945,2.4523582458496094,0.8471528887748718,0.42863357067108154,0.06513985991477966,-0.7288697361946106,1.9201873540878296
-0.4591110646724701,0.4909743666648865,1.0974289178848267,0.33372801542282104,0.07162486016750336,0.9152467250823975,2.070340394973755
-2.042330503463745,3.098473072052002,0.9196953177452087,0.3986404836177826,0.06712319701910019,-0.9592064023017883,-0.8936290740966797
-0.024440236389636993,0.28293097019195557,0.9377774596214294,0.3914969861507416,0.06760440766811371,0.9993910193443298,2.1211912631988525
-1.1306512355804443,0.7736791968345642,0.8583917617797852,0.4238431751728058,0.06545265018939972,0.7577289342880249,1.1804392337799072
0.05096948519349098,0.394947350025177,-1.5401527881622314,4.6653032302856445,0.0009416391840204597,1.3895471096038818,2.3759682178497314
0.6378633379936218,1.0638248920440674,0.5130300521850586,0.5986788272857666,0.054953716695308685,0.5453997254371643,2.1742055416107178
0.9407774209976196,2.4072930812835693,0.019802000373601913,0.9803927540779114,0.03751637414097786,-0.6442610025405884,1.920919418334961
1.61307954788208,3.6173999309539795,0.852317214012146,0.42642566561698914,0.06528384238481522,-0.8462806344032288,1.2644236087799072
1.5127657651901245,2.7417550086975098,-0.4074980914592743,1.5030525922775269,0.022245008498430252,-0.7708189487457275,0.7563245296478271
-0.962761402130127,1.2607369422912598,0.6313084363937378,0.5318953990936279,0.058749038726091385,0.3583047389984131,1.6827893257141113
1.8185088634490967,3.6974122524261475,1.4258463382720947,0.24030499160289764,0.07863879948854446,-0.8254377841949463,0.6525026559829712
-0.045601390302181244,-0.12135806679725647,-1.264032006263733,3.5396647453308105,0.0029023054521530867,1.3466116189956665,1.8515340089797974
-0.4095405042171478,-1.0760350227355957,1.1062568426132202,0.3307948708534241,0.07183524966239929,0.5079010725021362,0.2400069236755371
2.75701904296875,6.383499622344971,0.06581968069076538,0.9362996816635132,0.03920759633183479,1.0886026620864868,0.667556881904602
0.05149049684405327,2.5271048545837402,-1.0709547996520996,2.9181642532348633,0.005403278861194849,-0.5252524614334106,3.02300763130188
-0.8045871257781982,0.7777278423309326,1.0533876419067383,0.34875428676605225,0.0705566480755806,0.7473851442337036,1.8076025247573853
-0.9145954251289368,0.8858034610748291,1.15957510471344,0.3136194050312042,0.07307971268892288,0.6640294194221497,1.6629446744918823
0.1443731188774109,-0.8564972877502441,0.5040178894996643,0.6040985584259033,0.05465669184923172,0.7154977917671204,0.7771589756011963
1.3978025913238525,1.8547472953796387,-0.7825734615325928,2.187093496322632,0.011224250309169292,-0.061441242694854736,0.8394296765327454
1.3410124778747559,-0.9405034780502319,-2.651484966278076,14.17507266998291,6.979819033858803e-08,2.0068886280059814,-0.8324086666107178
0.8253697156906128,0.6974653601646423,-0.37591442465782166,1.456322431564331,0.023309189826250076,0.9121048450469971,1.806752324104309
1.557928204536438,3.5985965728759766,1.2646336555480957,0.28234270215034485,0.07540152221918106,-0.8691443204879761,1.404837965965271
0.40856412053108215,-1.5886427164077759,1.4317518472671509,0.23889005184173584,0.07875014841556549,0.006043562665581703,-0.7526229619979858
0.16535861790180206,0.7823144793510437,-0.8134811520576477,2.255746841430664,0.010479524731636047,0.9348585605621338,2.5594310760498047
0.13925319910049438,-0.39670440554618835,-1.9315227270126343,6.9000091552734375,0.00010077762271976098,1.6123402118682861,1.5830413103103638
0.8881230354309082,0.806785523891449,-0.12761111557483673,1.1361111402511597,0.03210651874542236,0.8054341673851013,1.7386391162872314
-1.2909996509552002,1.8985316753387451,-0.2819328010082245,1.325689673423767,0.02656196989119053,-0.18933077156543732,1.0432970523834229
-0.4336484372615814,0.7186040282249451,0.13145984709262848,0.8768144845962524,0.041610632091760635,0.8404069542884827,2.274602174758911
-0.7650257349014282,-0.5952441096305847,0.07093488425016403,0.9315225481987,0.03939534351229668,0.9211639165878296,0.615021824836731
-0.18053339421749115,1.7075845003128052,0.8272062540054321,0.4372692108154297,0.06457975506782532,-0.09263508021831512,2.5804049968719482
-0.7685232758522034,1.773880958557129,0.8315433263778687,0.4353768229484558,0.06470207870006561,-0.15815383195877075,2.023665189743042
-1.4285356998443604,1.983872890472412,-0.5926693677902222,1.8088103532791138,0.016384894028306007,-0.22054798901081085,0.7242600321769714
1.5533524751663208,0.9127992391586304,-0.06282494962215424,1.0648404359817505,0.034478284418582916,0.7180173993110657,0.15719377994537354
-0.02005169354379177,1.4846930503845215,-1.0979973077774048,2.9981555938720703,0.0049878982827067375,0.3858124911785126,2.8605904579162598
-1.1209684610366821,1.81270432472229,1.5379581451416016,0.2148192822933197,0.08066872507333755,-0.21807357668876648,1.336532711982727
-0.9152160882949829,0.02569901943206787,-0.40030965209007263,1.4922866821289062,0.02248578891158104,1.1488984823226929,1.1001392602920532
1.2076104879379272,1.1900495290756226,-1.743587613105774,5.717820167541504,0.0003286867868155241,0.9433958530426025,1.5412826538085938
-0.5485146045684814,-0.39717793464660645,0.618301272392273,0.5388590097427368,0.05834135413169861,0.9760421514511108,1.1285386085510254
0.30682775378227234,1.0547611713409424,-0.11679866909980774,1.123893141746521,0.03250120207667351,0.6058247685432434,2.5295300483703613
-0.3179382383823395,1.9270386695861816,-0.9512432813644409,2.588926315307617,0.007510063238441944,-0.08986234664916992,2.7361843585968018
0.06552565842866898,-0.6059353351593018,-0.15150348842144012,1.1635823249816895,0.031236518174409866,0.938327968120575,1.1958539485931396
-0.2705748975276947,1.380645513534546,0.5756013989448547,0.5623665452003479,0.05698588490486145,0.24524365365505219,2.5486040115356445
0.04874878749251366,-0.6713865995407104,2.2583792209625244,0.10451975464820862,0.09007570147514343,0.7934118509292603,1.0349334478378296
-0.3453960716724396,-1.1961781978607178,-0.583879828453064,1.7929813861846924,0.016646314412355423,0.5452153086662292,0.2029869556427002
0.31001973152160645,-1.0396337509155273,-1.064251184463501,2.898667573928833,0.005509658250957727,0.7964028120040894,0.5790841579437256
-0.022550372406840324,1.498718500137329,-1.303957223892212,3.6838457584381104,0.0025126158725470304,0.44040000438690186,2.9245080947875977
-0.9053732752799988,-1.4992694854736328,0.992746114730835,0.3705576956272125,0.06903491914272308,0.10852163285017014,-1.213043451309204
-0.7452411651611328,1.0719776153564453,-0.5928277969360352,1.8090969324111938,0.016380200162529945,0.6592981815338135,2.129021406173706
1.4560879468917847,3.348585605621338,0.8894920945167542,0.41086438298225403,0.0663076862692833,-0.9375669360160828,1.4200752973556519
2.1433396339416504,5.0985493659973145,-0.671848714351654,1.9578534364700317,0.01411611121147871,0.5724196434020996,2.0462121963500977
-0.6108533143997192,-0.3317148685455322,-0.7127485871315002,2.0395896434783936,0.013008208945393562,1.1494442224502563,1.2075955867767334
0.1374269723892212,1.9161778688430786,-0.5656604170799255,1.7606101036071777,0.01719399355351925,-0.1624947190284729,2.735363245010376
0.8652639985084534,0.05312645435333252,-0.6705262064933777,1.9552658796310425,0.014152685180306435,1.1941156387329102,1.2342352867126465
0.4714847505092621,-0.5983104705810547,-0.06060429662466049,1.0624784231185913,0.03455982357263565,0.932536244392395,0.9819281101226807
0.012088460847735405,-0.11487437039613724,-1.6239964962005615,5.073325157165527,0.0006261564558371902,1.500741720199585,1.8825263977050781
-1.2422806024551392,1.7177292108535767,0.05772744491696358,0.9439072012901306,0.038910456001758575,-0.05201403796672821,1.1217206716537476
-0.10245471447706223,0.2423553317785263,0.02854616567492485,0.9718574285507202,0.037837959825992584,1.0679612159729004,2.1073622703552246
-0.057171907275915146,0.8271922469139099,-0.9868302345275879,2.6827173233032227,0.006837709806859493,0.9452167749404907,2.63452410697937
-0.21610894799232483,0.23917001485824585,0.8150492310523987,0.4426175355911255,0.06423528492450714,1.0157966613769531,2.0403051376342773
0.9700741171836853,0.7286045551300049,-0.09808412939310074,1.1030555963516235,0.033185552805662155,0.8564097881317139,1.5425056219100952
-0.7668848633766174,0.7726040482521057,-0.4612685441970825,1.5860847234725952,0.020472560077905655,0.8747038841247559,1.951635718345642
0.24966062605381012,-0.20812499523162842,-2.1186599731445312,8.31998062133789,2.4360058887396008e-05,1.8104181289672852,1.700972318649292
0.058929696679115295,-1.044372320175171,-0.696923017501831,2.007565975189209,0.013431521132588387,0.7032013535499573,0.5987277030944824
0.8057492971420288,0.8954930305480957,-0.4090312123298645,1.5053586959838867,0.02219376713037491,0.7756699323654175,1.94620943069458
0.08585114032030106,1.574302077293396,0.30079546570777893,0.7402291297912598,0.047700461000204086,0.0705171674489975,2.6362528800964355
0.528780996799469,-1.3469452857971191,0.6944549679756165,0.499346524477005,0.060692716389894485,0.2719208598136902,-0.3598135709762573
0.7949156165122986,0.5058022141456604,0.4819815456867218,0.617558479309082,0.05392594262957573,0.9365419149398804,1.6779714822769165
-1.1091638803482056,1.5329389572143555,-0.07531142979860306,1.0782198905944824,0.03402005881071091,0.1456703096628189,1.447271466255188
-0.8508354425430298,0.2652975022792816,0.29842787981033325,0.7419837713241577,0.04761683568358421,1.039212942123413,1.4022486209869385
0.07249188423156738,1.0814896821975708,-2.018521547317505,7.527188301086426,5.382495146477595e-05,1.2227327823638916,3.0162696838378906
-0.39249444007873535,1.2317218780517578,-0.2648422420024872,1.3032253980636597,0.02716541849076748,0.4629369378089905,2.523879051208496
-0.4838801622390747,1.286924958229065,-0.8403456211090088,2.3171677589416504,0.009855231270194054,0.5117909908294678,2.542475938796997
-0.08885397017002106,-1.056449055671692,-0.410668283700943,1.5078251361846924,0.02213909476995468,0.6427491903305054,0.5348092317581177
1.126728892326355,2.4062349796295166,-1.5594083070755005,4.756006240844727,0.0008599886787123978,-0.2659902274608612,1.8738517761230469
0.22698771953582764,-0.4372623562812805,0.9890543222427368,0.37192824482917786,0.06894037127494812,0.9431071877479553,1.318225622177124
0.6811588406562805,-0.08537134528160095,0.3014848530292511,0.739719033241272,0.04772479832172394,1.070330023765564,1.3268715143203735
-0.3367864787578583,0.8228020668029785,-1.8579156398773193,6.410361289978027,0.00016444301581941545,1.321205973625183,2.6783905029296875
-0.3207774758338928,-0.7238818407058716,0.10432466119527817,0.9009327292442322,0.04061906412243843,0.839333713054657,0.9165933728218079
0.3441013693809509,0.42506664991378784,1.3566051721572876,0.25753358006477356,0.07729556411504745,0.936764657497406,2.109320640563965
0.21072831749916077,0.2905900776386261,0.7891965508460999,0.4542095959186554,0.0634949654340744,1.0034959316253662,2.0875232219696045
1.8326528072357178,3.528402090072632,1.7734172344207764,0.16975191235542297,0.0843874141573906,-0.9091421961784363,0.3772503435611725
1.163570761680603,1.4724801778793335,-0.12465431541204453,1.1327568292617798,0.03221439570188522,0.2114335298538208,1.3279260396957397
-0.8814684748649597,0.9140440225601196,-0.967129647731781,2.6303834915161133,0.007205082569271326,0.8735862970352173,1.90366792678833
-0.9886242151260376,-0.758980929851532,0.7298139333724976,0.48199865221977234,0.06175478547811508,0.7737376093864441,-0.03945136070251465
-1.5522013902664185,3.144183397293091,0.920920193195343,0.39815250039100647,0.06715595722198486,-0.9601814150810242,0.9133044481277466
-1.2816462516784668,3.002699851989746,0.7980992197990417,0.4501838684082031,0.06375108659267426,-0.9453514814376831,1.5473486185073853
0.028515666723251343,0.3808771073818207,-1.0819615125656128,2.9504613876342773,0.005231556482613087,1.2233850955963135,2.320307493209839
-1.2874550819396973,0.7080159187316895,1.2846319675445557,0.27675241231918335,0.07582421600818634,0.7873289585113525,0.7560727596282959
0.470619261264801,1.0113892555236816,-1.9049696922302246,6.719203948974609,0.00012074990809196606,1.2026041746139526,2.722886323928833
-1.4852296113967896,2.4288828372955322,-0.27233684062957764,1.313029170036316,0.02690039575099945,-0.625289797782898,0.6372816562652588
0.7383856773376465,-0.16274374723434448,0.5635344982147217,0.5691937208175659,0.05659816414117813,1.0437058210372925,1.154715895652771
0.4517443776130676,0.7807354927062988,0.7608278393745422,0.46727943420410156,0.06267049163579941,0.7571240663528442,2.261533498764038
-0.07937479764223099,1.3797394037246704,0.03700818866491318,0.9636682271957397,0.038149092346429825,0.28626352548599243,2.655081272125244
-0.44058749079704285,-0.8993552923202515,0.7018855214118958,0.49564987421035767,0.06091748923063278,0.6716798543930054,0.5269743204116821
-1.0562673807144165,1.1462187767028809,0.9501703977584839,0.3866751194000244,0.0679311752319336,0.4506033658981323,1.4637203216552734
-0.9908869862556458,1.4106000661849976,0.1918337643146515,0.8254441022872925,0.04380404204130173,0.24205636978149414,1.6674833297729492
-0.2423676699399948,-0.6279082298278809,1.6409400701522827,0.193797767162323,0.0823824554681778,0.8286378979682922,1.0469696521759033
1.0037928819656372,2.132829189300537,0.44974932074546814,0.6377879977226257,0.05284600704908371,-0.4691286087036133,1.6717238426208496
0.8954966068267822,1.5678868293762207,-1.3672730922698975,3.9246339797973633,0.001974936341866851,0.3953728675842285,2.151123046875
-0.7572925090789795,0.43582090735435486,-1.1720025539398193,3.2284512519836426,0.003961881157010794,1.2293689250946045,1.8045988082885742
-0.2515968680381775,-1.4257363080978394,2.2509865760803223,0.10529529303312302,0.09000586718320847,0.1550813466310501,-0.33862459659576416
0.07376088947057724,0.18249456584453583,-0.38898128271102905,1.4754769802093506,0.02286696247756481,1.1309417486190796,2.081606149673462
-0.2978951632976532,-0.8909422755241394,-0.8175733685493469,2.2649967670440674,0.01038303691893816,0.8551791906356812,0.7749508023262024
-0.24629758298397064,0.8336111307144165,0.3138434886932373,0.7306333780288696,0.048160385340452194,0.7452698945999146,2.4499592781066895
-0.6115150451660156,3.1668150424957275,0.7474423050880432,0.47357627749443054,0.06227710843086243,-0.9523243308067322,2.9761605262756348
-1.5615712404251099,1.6754651069641113,-0.30117103457450867,1.3514404296875,0.025886710733175278,0.03066626936197281,0.2672867774963379
-1.3277069330215454,3.1248841285705566,0.13213299214839935,0.8762244582176208,0.041635192930698395,-0.9122379422187805,1.5703365802764893
2.1673738956451416,4.313271522521973,0.4482240676879883,0.6387615203857422,0.05279458686709404,-0.32472917437553406,0.2953164279460907
0.6260631084442139,0.49142587184906006,-0.2801872193813324,1.3233776092529297,0.026623453944921494,1.0139987468719482,1.948068380355835
-0.23895782232284546,-0.7712379693984985,0.7619854807853699,0.46673882007598877,0.06270438432693481,0.7637222409248352,0.8613105416297913
-0.22488275170326233,-2.0318973064422607,0.19599658250808716,0.8220150470733643,0.043954506516456604,-0.362732857465744,-1.4382659196853638
1.430141568183899,3.9924283027648926,-0.20829583704471588,1.2315773963928223,0.02918318845331669,-0.5361973643302917,2.435826539993286
-0.34078553318977356,1.2414926290512085,-1.7160826921463013,5.562695026397705,0.00038384177605621517,0.8796537518501282,2.895875930786133
1.2575175762176514,2.8311095237731934,-0.1277163028717041,1.1362305879592896,0.03210268169641495,-0.8385630249977112,1.5055607557296753
0.20299996435642242,0.9775322079658508,-0.017279190942645073,1.0174293518066406,0.03615231066942215,0.6608132719993591,2.549428939819336
0.9450850486755371,0.6756764650344849,-0.8024592995643616,2.231020927429199,0.01074187085032463,1.00338613986969,1.625728726387024
1.711018443107605,3.641892433166504,0.7919601202011108,0.45295608043670654,0.06357460469007492,-0.8321431875228882,0.9729120135307312
-1.515162706375122,1.3226025104522705,-0.7344184517860413,2.0842695236206055,0.012439795769751072,0.4540804624557495,0.4654434323310852
0.3574768900871277,-0.43783801794052124,0.72883141040802,0.4824724793434143,0.06172553449869156,0.9539176225662231,1.2481558322906494
-1.692166805267334,1.2088814973831177,-0.03126812353730202,1.0317621231079102,0.03563784435391426,0.45724186301231384,-0.2137070894241333
-0.06992552429437637,-1.1113111972808838,-1.1065099239349365,3.023786783218384,0.004861676599830389,0.7458653450012207,0.5623949766159058
0.049662262201309204,0.8951353430747986,-0.6836031079292297,1.981002688407898,0.013793086633086205,0.8235135078430176,2.626112222671509
-0.0697503387928009,0.7655879259109497,1.114255666732788,0.3281594514846802,0.07202481478452682,0.7537909746170044,2.442537784576416
0.3700643479824066,0.3795778155326843,-0.26437920331954956,1.3026220798492432,0.02718181349337101,1.059083342552185,2.1141676902770996
0.9105097651481628,2.0925991535186768,0.6486695408821106,0.5227407813072205,0.05928933620452881,-0.44616979360580444,1.8303005695343018
-2.33512806892395,4.4841485023498535,0.8889175653457642,0.41110050678253174,0.06629203259944916,-0.18515393137931824,-0.1549689769744873
0.023408696055412292,0.2938205897808075,-0.21617504954338074,1.2413196563720703,0.028900260105729103,1.081276297569275,2.1754136085510254
-0.034679241478443146,0.7003329396247864,-0.21446765959262848,1.2392020225524902,0.02896152436733246,0.8885478377342224,2.474867820739746
-2.76019287109375,7.296542644500732,-0.19317525625228882,1.2130954265594482,0.029727566987276077,0.6503241658210754,1.2828805446624756
-2.345987558364868,7.175775051116943,0.42919304966926575,0.6510342359542847,0.05215061455965042,0.6925008893013,3.3092217445373535
-0.6498825550079346,1.0069106817245483,0.4386766254901886,0.6448892951011658,0.0524720624089241,0.5989632606506348,2.1469736099243164
-0.12292726337909698,0.6092071533203125,0.24182777106761932,0.7851914167404175,0.04560323804616928,0.898621141910553,2.37552547454834
0.8227494955062866,1.152259111404419,-0.32374387979507446,1.3822932243347168,0.025100227445364,0.5446537137031555,1.9931493997573853
-1.143749475479126,0.3489866852760315,-0.6405482292175293,1.897520899772644,0.01499398797750473,1.129471778869629,0.9448980689048767
0.5833644270896912,1.0031529664993286,-2.7355732917785645,15.418580055236816,2.012777500226548e-08,2.0795044898986816,2.5362133979797363
0.6695305705070496,1.1868526935577393,-1.1789592504501343,3.2509889602661133,0.003873588051646948,0.6996787786483765,2.3825459480285645
0.08649338036775589,1.0651942491531372,-0.05044132471084595,1.0517351627349854,0.03493310883641243,0.5895078182220459,2.6130552291870117
0.5103266835212708,1.1204707622528076,0.114227294921875,0.8920551538467407,0.040981266647577286,0.5244641900062561,2.3599472045898438
-0.39980268478393555,-0.38157159090042114,-0.8331273794174194,2.300502061843872,0.010020852088928223,1.1581307649612427,1.3745911121368408
-0.9197791218757629,1.07466721534729,-0.8382993936538696,2.3124310970306396,0.009902022778987885,0.7072679996490479,1.878383994102478
0.8624733686447144,1.8557751178741455,-0.18910475075244904,1.208167552947998,0.029874419793486595,-0.16032035648822784,1.9518342018127441
-0.02993166260421276,1.3957979679107666,-0.7183497548103333,2.0510456562042236,0.01286003552377224,0.37921106815338135,2.7650070190429688
0.387806236743927,0.33253490924835205,-1.1847891807556152,3.2699973583221436,0.0038006529211997986,1.2722176313400269,2.1378896236419678
0.8702661395072937,2.0770227909088135,1.4006503820419312,0.24643664062023163,0.07815808802843094,-0.4602367877960205,1.8724465370178223
1.1814454793930054,1.8128784894943237,0.2999175786972046,0.7408792972564697,0.047669459134340286,-0.16563665866851807,1.2510488033294678
0.14594171941280365,1.088071584701538,-0.2806898057460785,1.324042797088623,0.026605751365423203,0.5965985655784607,2.6282505989074707
0.9148942828178406,1.8268518447875977,-0.11085601896047592,1.1172339916229248,0.03271835297346115,-0.14154326915740967,1.848214030265808
-0.2836358845233917,0.7617683410644531,0.564782977104187,0.5684835314750671,0.05663837119936943,0.7804649472236633,2.3833253383636475
1.2535347938537598,1.6322400569915771,-0.3425498604774475,1.4085345268249512,0.024450134485960007,0.07944837212562561,1.1399564743041992
-0.14433863759040833,-2.6734540462493896,0.9588844776153564,0.38332024216651917,0.06815946102142334,-0.8540776968002319,-2.450575113296509
-0.6831321120262146,-0.47159430384635925,-1.8813499212265015,6.562357425689697,0.00014125517918728292,1.5470808744430542,1.0614550113677979
0.3361795246601105,-0.4181903004646301,0.8370959758758545,0.43296605348587036,0.06485825031995773,0.9571219682693481,1.284227967262268
-0.6209902763366699,-0.07162290811538696,-1.1351441144943237,3.111621856689453,0.004452867899090052,1.308598279953003,1.5085608959197998
0.429560124874115,0.5941450595855713,-0.3171137571334839,1.3731588125228882,0.0253305546939373,0.9659432768821716,2.2318880558013916
1.7242954969406128,3.8028268814086914,0.20309145748615265,0.8162035942077637,0.04421069100499153,-0.707614541053772,1.1786317825317383
0.2006397694349289,0.2198556512594223,-1.7096221446990967,5.526872634887695,0.00039784115506336093,1.528616189956665,2.1787097454071045
2.299727439880371,4.231379508972168,-0.6263749599456787,1.8708164691925049,0.01539978850632906,-0.2755926847457886,-0.3296024799346924
-0.05855446681380272,0.2610437870025635,1.5221335887908936,0.2182457447052002,0.08039278537034988,0.9879457354545593,2.089282512664795
0.04131007939577103,1.434436321258545,1.0423256158828735,0.35263365507125854,0.07028345763683319,0.1712011992931366,2.6006269454956055
0.9898568391799927,0.3348022699356079,1.7868847846984863,0.16748109459877014,0.08457925915718079,0.9612234234809875,1.171303629875183
-0.2510581314563751,-0.5317090153694153,0.45790550112724304,0.6326072216033936,0.05312050133943558,0.9252026081085205,1.2025928497314453
-1.0456587076187134,0.820353627204895,0.32909059524536133,0.7195777893066406,0.04869578033685684,0.7539203763008118,1.4102680683135986
0.7316824793815613,1.1530022621154785,1.1212416887283325,0.325874924659729,0.07218954712152481,0.438332736492157,2.039469003677368
-1.2670471668243408,2.619933605194092,-0.05605173856019974,1.0576523542404175,0.03472701460123062,-0.7612284421920776,1.324110984802246
-0.22453956305980682,-0.5636435747146606,-0.6163785457611084,1.852208137512207,0.015689034014940262,1.0305348634719849,1.24338960647583
-0.35859742760658264,0.9152012467384338,-0.4565858244895935,1.5786749124526978,0.02062482200562954,0.7674985527992249,2.480733633041382
-1.264401912689209,0.03891003131866455,1.2294965982437134,0.2924397587776184,0.07464401423931122,1.0284870862960815,0.29393231868743896
-0.40757447481155396,0.37544068694114685,1.1804442405700684,0.3071422576904297,0.07355459779500961,0.9610603451728821,2.026418924331665
0.3847000002861023,0.24740538001060486,-0.12161257117986679,1.1293164491653442,0.03232541307806969,1.0824826955795288,1.9820140600204468
-0.33822768926620483,2.391878604888916,-0.2402665913105011,1.2715880870819092,0.028038600459694862,-0.6047249436378479,2.7085518836975098
0.8285508155822754,0.8953837752342224,-0.5774330496788025,1.7814595699310303,0.016839217394590378,0.8033652901649475,1.9284422397613525
-0.7686002850532532,0.06420755386352539,-1.8566654920578003,6.402352333068848,0.00016576533380430192,1.6381746530532837,1.4711921215057373
-2.0802366733551025,3.4695444107055664,0.6546347141265869,0.5196318626403809,0.05947394296526909,-0.894740879535675,-0.6396549940109253
-0.5314626097679138,-0.6146347522735596,-0.4568626880645752,1.5791120529174805,0.02061580680310726,0.9748953580856323,0.930343508720398
0.5032039880752563,-0.07991236448287964,-0.6612831354141235,1.9372764825820923,0.014409586787223816,1.190536379814148,1.5953378677368164
-0.37578949332237244,0.14146530628204346,0.21598601341247559,0.8057465553283691,0.04467542842030525,1.0705851316452026,1.876731038093567
-1.1014386415481567,1.4684901237487793,1.173943042755127,0.30914556980133057,0.07340738922357559,0.1330423802137375,1.3852801322937012
-0.031491439789533615,-0.367906779050827,0.1458761841058731,0.864264726638794,0.04213612526655197,1.019508719444275,1.4820647239685059
0.981447696685791,0.4263269901275635,-2.3216676712036133,10.192658424377441,3.7444210647663567e-06,1.9297566413879395,1.3993499279022217
-2.1940555572509766,3.6514716148376465,0.2319973111152649,0.7929482460021973,0.045250870287418365,-0.793508768081665,-0.8762503862380981
-1.685019850730896,1.9951119422912598,-1.3484405279159546,3.851414680480957,0.002124965423718095,-0.02655571699142456,0.12926530838012695
1.4753754138946533,3.573366165161133,0.32729536294937134,0.7208707928657532,0.04863285645842552,-0.8361378908157349,1.6533915996551514
-0.8913518190383911,1.6996582746505737,-1.0991483926773071,3.0016088485717773,0.004970703274011612,0.17165528237819672,2.075951337814331
2.277825355529785,4.777101516723633,-0.42510420083999634,1.529749870300293,0.02165898308157921,0.21764236688613892,0.8043069839477539
0.2783895432949066,1.8618286848068237,-0.4782063961029053,1.6131783723831177,0.019925329834222794,-0.12562347948551178,2.6588361263275146
-1.188179850578308,1.260307788848877,0.7020598649978638,0.49556344747543335,0.06092275306582451,0.35508018732070923,1.1943469047546387
0.2253919392824173,0.15633390843868256,2.1211047172546387,0.11989910155534744,0.08870099484920502,0.999794602394104,1.9429609775543213
-1.3852649927139282,0.8837591409683228,1.7742456197738647,0.1696113497018814,0.0843992754817009,0.6512104868888855,0.5673900842666626
-0.6809623837471008,-0.8248472809791565,-1.116217851638794,3.0532844066619873,0.004720363300293684,0.9839975833892822,0.5441492795944214
0.9810431599617004,-0.539280116558075,-1.551330804824829,4.71774435043335,0.0008935310761444271,1.3298530578613281,0.4693871736526489
0.43743106722831726,0.9994935989379883,-0.4188990890979767,1.5202869176864624,0.021864915266633034,0.6927570700645447,2.4465699195861816
-1.0198414325714111,0.16496002674102783,-1.0432860851287842,2.838529348373413,0.0058511653915047646,1.2702778577804565,1.0800496339797974
1.5517635345458984,1.8389770984649658,-0.27675914764404297,1.318848729133606,0.026744302362203598,-0.13309279084205627,0.29794925451278687
1.3569166660308838,2.2641890048980713,-0.28263360261917114,1.326619029045105,0.026537295430898666,-0.5064882040023804,0.9375046491622925
-1.413131594657898,2.670992136001587,-0.43504512310028076,1.5450327396392822,0.021330488845705986,-0.7367928624153137,1.0019078254699707
0.21460449695587158,0.6694214940071106,-0.21159225702285767,1.235643982887268,0.029064754024147987,0.9077451825141907,2.4110617637634277
-0.03224426880478859,-1.1902438402175903,0.1338471621274948,0.8747237324714661,0.04169771820306778,0.4589058756828308,0.25081467628479004
0.7468810081481934,-1.3370921611785889,-0.861862063407898,2.367565155029297,0.009370861575007439,0.46833908557891846,-0.443562388420105
0.10764669626951218,-0.26288890838623047,0.5673931837081909,0.5670015811920166,0.05672236531972885,1.022343397140503,1.577247142791748
-1.2955886125564575,2.9293384552001953,-1.3638869524002075,3.911367177963257,0.002001312095671892,-0.5864217877388,1.6974024772644043
-0.3183596730232239,-0.3469468653202057,0.4946184754371643,0.6098034977912903,0.054345764219760895,1.001395583152771,1.3924480676651
1.015904188156128,0.8339841365814209,0.4625294506549835,0.6296888589859009,0.05327575281262398,0.7348992824554443,1.4710164070129395
-0.3337422013282776,1.4413096904754639,0.18944112956523895,0.8274214267730713,0.043717510998249054,0.21186722815036774,2.5392560958862305
-0.9036087989807129,1.1091042757034302,0.10553485155105591,0.8998430967330933,0.04066334664821625,0.5354479551315308,1.801995038986206
-0.9160876870155334,0.027713000774383545,0.6570693850517273,0.5183682441711426,0.05954914540052414,1.051452875137329,1.0548690557479858
-1.5649936199188232,2.992652416229248,0.4441620111465454,0.6413614749908447,0.05265750363469124,-0.9247927665710449,0.7435652613639832
-0.1937589794397354,-0.4811059534549713,0.6887732744216919,0.5021917223930359,0.06052028015255928,0.9367028474807739,1.2851297855377197
-0.3203997015953064,-0.19605112075805664,0.09682100266218185,0.9077184796333313,0.04034436494112015,1.0716153383255005,1.5784541368484497
1.3414522409439087,1.549889326095581,1.664986491203308,0.1891932189464569,0.08276265859603882,0.039824798703193665,0.7867865562438965
0.07471495866775513,0.08614498376846313,-1.6216825246810913,5.061599254608154,0.0006335419602692127,1.5024516582489014,2.0782277584075928
0.905982494354248,0.3938990533351898,1.7374038696289062,0.17597666382789612,0.0838637575507164,0.9410173296928406,1.3777378797531128
2.656954288482666,8.534878730773926,0.3503108620643616,0.7044690847396851,0.04943709820508957,-0.5590434074401855,1.9438753128051758
-0.00609518401324749,0.5287684202194214,-0.053774360567331314,1.0552464723587036,0.034810662269592285,0.9689536690711975,2.352419376373291
0.06532356142997742,-0.2353653758764267,-0.2366195023059845,1.2669589519500732,0.0281686931848526,1.0991251468658447,1.6507809162139893
1.3093150854110718,0.7430683374404907,-1.2393513917922974,3.4533729553222656,0.0031638741493225098,1.0817334651947021,0.9115308523178101
0.8488956093788147,0.9155454635620117,1.1087721586227417,0.3299638628959656,0.07189496606588364,0.6423546075820923,1.791420817375183
-0.10847927629947662,0.3869768977165222,-0.012374172918498516,1.0124510526657104,0.03633273392915726,1.0272992849349976,2.230454683303833
1.1680541038513184,3.015146255493164,1.6606355905532837,0.1900181770324707,0.082694411277771,-0.9730144739151001,1.8207924365997314
-2.5176842212677,6.780789375305176,0.19085296988487244,0.8262540698051453,0.04376857727766037,0.9613540768623352,2.2610654830932617
-0.200135737657547,1.5548920631408691,0.12956634163856506,0.8784763216972351,0.04154153913259506,0.10375122725963593,2.6175403594970703
0.05731866881251335,-0.4389984607696533,-1.511705756187439,4.534459114074707,0.0010732711525633931,1.358623743057251,1.535291314125061
0.49969857931137085,1.0912669897079468,-0.47908276319503784,1.6145927906036377,0.01989716663956642,0.6228209137916565,2.424699306488037
-0.33593276143074036,-2.0005850791931152,-0.40006595849990845,1.4919230937957764,0.022493965923786163,-0.26748648285865784,-1.3779971599578857
0.2155754119157791,1.9531099796295166,-1.1251966953277588,3.080822706222534,0.0045921457931399345,-0.06498581171035767,2.841686487197876
0.8008865714073181,2.072246551513672,1.1222076416015625,0.3255602717399597,0.07221226394176483,-0.4481416940689087,1.994929552078247
2.2327823638916016,5.646792888641357,-0.8607034087181091,2.364823579788208,0.009396587498486042,1.0407272577285767,2.5242040157318115
0.4304531514644623,-0.24596133828163147,-0.5147789120674133,1.6732685565948486,0.018763277679681778,1.1372305154800415,1.4760462045669556
0.2857130765914917,-1.9234819412231445,0.7870061993598938,0.4552055597305298,0.0634317547082901,-0.29989883303642273,-1.3025485277175903
-0.24855272471904755,2.247044086456299,-0.33971095085144043,1.4045414924621582,0.024547958746552467,-0.48541679978370667,2.7183871269226074
0.7448027729988098,1.0286349058151245,-1.4845600128173828,4.413023471832275,0.0012118483427911997,0.9572910070419312,2.2915377616882324
-1.4732093811035156,2.7418267726898193,0.6367509961128235,0.5290083885192871,0.058918893337249756,-0.8682512640953064,0.8065455555915833
0.5612821578979492,-0.12392434477806091,0.018156500533223152,0.9820073246955872,0.03745584934949875,1.0905319452285767,1.4472094774246216
0.8761693835258484,-1.1546777486801147,-0.09938424825668335,1.1044906377792358,0.033137962222099304,0.5146623849868774,-0.43065857887268066
-1.4217005968093872,0.9931647777557373,-0.8619030714035034,2.367662191390991,0.009369952604174614,0.7828075289726257,0.6771608591079712
-0.5684438347816467,0.1818419098854065,1.412765383720398,0.24346905946731567,0.07839037477970123,1.007859230041504,1.7013338804244995
0.3041161000728607,0.7667486071586609,0.1813214123249054,0.8341671824455261,0.043423596769571304,0.8035869598388672,2.39316987991333
-0.4064030647277832,-0.9276341795921326,-1.2594420909881592,3.5234551429748535,0.002949734218418598,0.9520743489265442,0.7218183279037476
1.1235160827636719,2.388115882873535,2.1020803451538086,0.12220194190740585,0.08849696815013885,-0.717094361782074,1.4647166728973389
-0.829356849193573,1.9645824432373047,-0.5329946279525757,1.7040276527404785,0.01819492317736149,-0.21328473091125488,2.064912796020508
0.8271169066429138,0.1385272741317749,0.0394824743270874,0.9612867832183838,0.03824005275964737,1.0865490436553955,1.3386993408203125
1.3806604146957397,1.6075952053070068,-0.5681229829788208,1.7649511098861694,0.01711951568722725,0.13970452547073364,0.8404760956764221
-1.2736639976501465,2.7448782920837402,-0.5128965377807617,1.6701217889785767,0.018822412937879562,-0.7553232908248901,1.4369571208953857
1.531548023223877,1.6781980991363525,0.622817873954773,0.5364307165145874,0.058483194559812546,-0.05355233699083328,0.2773224115371704
-0.750027596950531,0.6667386889457703,-1.1027315855026245,3.012383460998535,0.004917433485388756,1.0870810747146606,1.9894583225250244
0.552505612373352,-1.0886874198913574,-1.0607562065124512,2.888554573059082,0.005565660074353218,0.7525042295455933,0.2895035743713379
-1.475912094116211,1.3039504289627075,1.3290539979934692,0.26472756266593933,0.07674150168895721,0.2901630401611328,0.4087991714477539
0.19817304611206055,0.3515450656414032,-0.3280555009841919,1.3882660865783691,0.024950755760073662,1.0776684284210205,2.1928176879882812
1.0814875364303589,0.32258325815200806,-0.11854534596204758,1.125857949256897,0.03243740648031235,1.0610054731369019,1.0252885818481445
-2.073490619659424,5.1991777420043945,1.3182860612869263,0.2675935626029968,0.0765218734741211,0.4945494532585144,2.37152361869812
0.8966116905212402,1.5140185356140137,-0.907279372215271,2.4775729179382324,0.00839467253535986,0.3045045733451843,2.0098915100097656
-1.1559970378875732,1.1295603513717651,1.0394127368927002,0.35366231203079224,0.07021120190620422,0.4624236226081848,1.236885905265808
-1.7480825185775757,2.8318355083465576,0.2790442705154419,0.7565064430236816,0.046930309385061264,-0.876757025718689,0.006273314356803894
2.6101233959198,7.6609110832214355,-0.040613703429698944,1.0414496660232544,0.03529426455497742,0.2960182726383209,2.1392579078674316
0.3818986713886261,-1.8195849657058716,-1.354877233505249,3.8762850761413574,0.0020727685187011957,0.14139841496944427,-0.8245060443878174
-0.5086530447006226,0.10391424596309662,-0.26390543580055237,1.3020050525665283,0.027198588475584984,1.12480628490448,1.7470005750656128
-2.408277988433838,7.957657814025879,-0.6669222712516785,1.9482319355010986,0.014252585358917713,0.09133264422416687,3.2489590644836426
-2.0438458919525146,4.5589728355407715,1.183083176612854,0.3063327968120575,0.07361415773630142,-0.12218176573514938,1.257080078125
-0.2704029083251953,-0.9000954031944275,-2.291161060333252,9.886409759521484,5.086122200737009e-06,1.6101762056350708,1.0260114669799805
-0.1172366589307785,0.9723004698753357,0.5166847705841064,0.5964947938919067,0.05507386848330498,0.6230498552322388,2.5405545234680176
0.3059443533420563,1.263081669807434,0.3840580880641937,0.681091845035553,0.050606418401002884,0.3709906041622162,2.530738353729248
-0.42558541893959045,0.19163019955158234,-1.1650540828704834,3.2060961723327637,0.004051446449011564,1.302304744720459,1.9746711254119873
0.04963386803865433,2.2766692638397217,-0.0032084377016872168,1.00321364402771,0.036669909954071045,-0.5483770966529846,2.752230405807495
-0.20860062539577484,1.368456482887268,-0.2597499489784241,1.2966058254241943,0.027345839887857437,0.3306225538253784,2.649200439453125
0.9614975452423096,1.1883201599121094,1.8165793418884277,0.1625809371471405,0.08499472588300705,0.3894769549369812,1.6399372816085815
1.2243452072143555,1.6459214687347412,-1.3168275356292725,3.7315642833709717,0.0023955334909260273,0.29810193181037903,1.4406038522720337
1.3679680824279785,2.654390811920166,-0.15420033037662506,1.1667245626449585,0.031138518825173378,-0.7669738531112671,1.0886096954345703
1.1053367853164673,0.8576458692550659,-0.4901500940322876,1.632561206817627,0.019542839378118515,0.8174758553504944,1.3651069402694702
-1.2381181716918945,0.26607072353363037,-0.350919246673584,1.4203726053237915,0.024162396788597107,1.1068487167358398,0.6271352767944336
1.737768530845642,2.286848783493042,2.0129446983337402,0.13359469175338745,0.08749446272850037,-0.6430522799491882,-0.3364567756652832
0.5530287027359009,-1.5456795692443848,1.2130903005599976,0.29727718234062195,0.07428380846977234,0.05484183505177498,-0.7994637489318848
-2.0825517177581787,5.517026424407959,-1.284472942352295,3.6127634048461914,0.002697719493880868,1.0818556547164917,3.0628318786621094
0.7612745761871338,-0.887125551700592,1.4776901006698608,0.22816412150859833,0.07959936559200287,0.6544594764709473,0.138899564743042
0.19347243010997772,0.3840329647064209,-0.8502221703529358,2.3401668071746826,0.009631156921386719,1.1611778736114502,2.2638280391693115
-0.6357792615890503,1.1705858707427979,-0.26982977986335754,1.309741497039795,0.026988979429006577,0.5205863118171692,2.263395309448242
1.0367618799209595,0.9134645462036133,2.473867177963257,0.08425838500261307,0.09191937744617462,0.6194326281547546,1.4149409532546997
-0.28361210227012634,-0.8873865604400635,1.1469252109527588,0.3176118731498718,0.07278852164745331,0.6632018685340881,0.6451727747917175
-2.2758710384368896,5.423497676849365,1.7662917375564575,0.17096580564975739,0.08428503572940826,0.6697707176208496,1.861165165901184
1.5096713304519653,2.4348373413085938,1.7250810861587524,0.17815861105918884,0.08368097245693207,-0.7426570057868958,0.47598278522491455
0.9145233631134033,0.45880088210105896,0.5605155229568481,0.5709146857261658,0.056500840932130814,0.9536756873130798,1.4364001750946045
1.0794140100479126,1.288705587387085,-1.0113543272018433,2.749321937561035,0.006397122051566839,0.5532965660095215,1.649045467376709
-0.8281826972961426,-0.37551265954971313,0.46740588545799255,0.6266257166862488,0.0534391924738884,0.9929822683334351,0.7748317718505859
-0.06422562897205353,1.2216583490371704,0.009733396582305431,0.9903138279914856,0.037146009504795074,0.44111931324005127,2.6437954902648926
-0.8312103152275085,0.4676262140274048,0.022708464413881302,0.9775474071502686,0.037623271346092224,0.9903955459594727,1.6122509241104126
-0.5670739412307739,-0.7419683337211609,-0.2733393609523773,1.314346194267273,0.02686499059200287,0.8685745000839233,0.6995069980621338
-0.6329438090324402,0.9491943120956421,-0.44447827339172363,1.5596762895584106,0.02102041058242321,0.738305926322937,2.221391439437866
-1.9371719360351562,4.580199718475342,0.9158605337142944,0.4001721143722534,0.0670204684138298,-0.09178740531206131,1.7336610555648804
1.164726972579956,0.6703522801399231,0.3597046136856079,0.6978824138641357,0.04976379871368408,0.8533910512924194,1.0660395622253418
0.052092209458351135,-0.3958006203174591,0.6384548544883728,0.5281078219413757,0.05897197872400284,0.9754989743232727,1.4277291297912598
-1.0506432056427002,0.9119032621383667,-1.6912821531295776,5.426433563232422,0.00043987558456137776,1.1548852920532227,1.722800612449646
0.9041789174079895,0.5225824117660522,0.9486461877822876,0.3872649669647217,0.06789112091064453,0.9052596688270569,1.4893245697021484
-0.04553644359111786,0.825820803642273,0.6086257696151733,0.5440980792045593,0.058036498725414276,0.7323636412620544,2.490692615509033
-0.4665169417858124,-0.6746206879615784,-2.4294095039367676,11.352176666259766,1.1743899221983156e-06,1.9161615371704102,1.048693060874939
0.2902607023715973,1.032199740409851,-1.4840190410614014,4.410636901855469,0.001214743941091001,0.9539954662322998,2.763680934906006
0.002258316148072481,0.3569352626800537,-0.7401908040046692,2.0963354110717773,0.012290600687265396,1.1466056108474731,2.2682268619537354
-0.32143816351890564,-1.2862727642059326,-0.6350768208503723,1.8871670961380005,0.01515003852546215,0.46941691637039185,0.06265640258789062
0.15557383000850677,0.28189778327941895,-1.6372958421707153,5.141247749328613,0.0005850385641679168,1.474653959274292,2.2530763149261475
-1.7843395471572876,2.700582981109619,0.12480940669775009,0.8826650977134705,0.041367895901203156,-0.81605464220047,-0.2125888466835022
1.3051927089691162,4.072525978088379,1.06943941116333,0.3432008624076843,0.07094956934452057,-0.5627654790878296,2.8329548835754395
0.692340075969696,0.0010698437690734863,1.7641634941101074,0.1713300496339798,0.08425434678792953,1.0171325206756592,1.3687914609909058
-0.35175228118896484,1.6392698287963867,-0.24998866021633148,1.284010887145996,0.027692437171936035,0.059981077909469604,2.575101852416992
1.736390233039856,4.373637676239014,0.9783322215080261,0.3759375512599945,0.06866452097892761,-0.29471588134765625,2.0657620429992676
-1.620553970336914,2.9425456523895264,-0.050402168184518814,1.0516939163208008,0.034934550523757935,-0.8750860691070557,0.5481417179107666
-1.597776174545288,3.4915952682495117,-0.10629041492938995,1.1121448278427124,0.03288528695702553,-0.828157365322113,1.201479196548462
0.5567539930343628,0.2181042581796646,0.42674699425697327,0.6526286602020264,0.052067529410123825,1.0415723323822021,1.7699730396270752
0.06705795973539352,-0.3241683840751648,-1.1445978879928589,3.1411781311035156,0.004323183558881283,1.2620338201522827,1.6240358352661133
-0.292520135641098,-1.8819983005523682,0.20786252617835999,0.8123186826705933,0.04438277706503868,-0.2249712347984314,-1.191629409790039
1.1596935987472534,3.0412774085998535,-1.2903945446014404,3.6342201232910156,0.0026404517702758312,-0.631550669670105,2.105987787246704
-1.2474831342697144,2.60721492767334,-0.36157429218292236,1.4355876445770264,0.023797547444701195,-0.717026948928833,1.393571138381958
0.7021324634552002,-0.5799099206924438,-0.4538334012031555,1.5743356943130493,0.02071451209485531,0.9939455986022949,0.765069842338562
-0.5994267463684082,-1.5575944185256958,-0.23290309309959412,1.2622591257095337,0.02830139361321926,0.13942743837833405,-0.7783311605453491
-1.2116976976394653,0.7338666319847107,-0.3500339388847351,1.4191157817840576,0.02419278398156166,0.8845018744468689,1.0389621257781982
-0.8015653491020203,1.267501950263977,-0.1487802416086197,1.160417914390564,0.03133552148938179,0.41470766067504883,2.0274264812469482
-0.5710688829421997,-0.06713584065437317,0.6729910373687744,0.5101803541183472,0.0600387267768383,1.0487653017044067,1.4717509746551514
0.8028002381324768,1.5437414646148682,-1.1286283731460571,3.0914132595062256,0.004543769173324108,0.33619290590286255,2.2291386127471924
-1.395106315612793,2.0024874210357666,1.260948657989502,0.2833850681781769,0.07532297074794769,-0.39006882905960083,0.6730783581733704
0.965778648853302,1.343872308731079,-0.7003098726272583,2.0143768787384033,0.013340351171791553,0.42641913890838623,1.8246681690216064
-0.09771570563316345,0.41123053431510925,0.08478780835866928,0.9187071919441223,0.03990345820784569,1.008500337600708,2.2469193935394287
-1.7570757865905762,2.2565956115722656,0.8588043451309204,0.4236683249473572,0.0654640942811966,-0.5909249782562256,-0.38999122381210327
1.6671178340911865,2.266695737838745,0.7040045857429504,0.49460065364837646,0.06098144128918648,-0.5916159152984619,-0.0721479058265686
-0.5506227016448975,-0.4007321298122406,-0.4260610342025757,1.5312142372131348,0.021627290174365044,1.073897123336792,1.1749136447906494
2.359943151473999,4.668888092041016,-0.31207290291786194,1.3662543296813965,0.02550605498254299,0.09313827008008957,0.1922348141670227
1.128874659538269,1.3892333507537842,-0.1450210064649582,1.1560637950897217,0.031472258269786835,0.29617345333099365,1.4062426090240479
-0.0312875397503376,-0.54429692029953,-0.21335665881633759,1.2378261089324951,0.029001399874687195,0.9792742133140564,1.2843965291976929
1.0875747203826904,2.2373151779174805,0.7392502427101135,0.4774717688560486,0.062034983187913895,-0.5705064535140991,1.512514591217041
-0.5964298844337463,-0.060096144676208496,0.24856702983379364,0.7799175977706909,0.04584437981247902,1.0761865377426147,1.4632786512374878
0.22296151518821716,-1.0069317817687988,0.07960110157728195,0.9234846830368042,0.03971327468752861,0.6268049478530884,0.5291279554367065
0.7205280065536499,0.13155189156532288,-0.45136556029319763,1.5704553127288818,0.020795047283172607,1.1484050750732422,1.5242862701416016
1.1423251628875732,2.068343162536621,-1.635712742805481,5.133115291595459,0.0005898157833144069,0.03604024648666382,1.7994686365127563
-1.3869826793670654,2.9425535202026367,-0.8066279888153076,2.2403407096862793,0.010642223991453648,-0.7562229633331299,1.3325971364974976
0.19878999888896942,-0.28317856788635254,0.3156178891658783,0.7293380498886108,0.04822281002998352,1.0331059694290161,1.5350353717803955
0.7717978954315186,-0.3265113830566406,0.09114667773246765,0.9128838181495667,0.04013650864362717,1.0384553670883179,0.9386324882507324
-1.2159751653671265,0.28637802600860596,-1.8324579000473022,6.249227523803711,0.00019319458806421608,1.5841960906982422,0.8076926469802856
0.12306343764066696,-0.6847478151321411,-1.2831653356552124,3.6080422401428223,0.002710486063733697,1.1353827714920044,1.2067996263504028
-1.3305630683898926,1.0777671337127686,-0.69227135181427,1.9982490539550781,0.013557245954871178,0.6731213927268982,0.9307069182395935
-1.219133973121643,-0.28632473945617676,-0.46259307861328125,1.5881869792938232,0.020429566502571106,1.1181070804595947,0.12645316123962402
0.6003240942955017,0.13363681733608246,-0.10984129458665848,1.1161009073257446,0.032755445688962936,1.1026939153671265,1.6651374101638794
0.3995739221572876,0.22745893895626068,-0.38878121972084045,1.4751818180084229,0.022873712703585625,1.1217607259750366,1.9684040546417236
-0.32556602358818054,0.028648361563682556,0.5748498439788818,0.5627893805503845,0.056961797177791595,1.0558686256408691,1.7913615703582764
-1.3302417993545532,2.4180636405944824,-1.5079189538955688,4.517320156097412,0.0010918243788182735,-0.2977420389652252,1.3551573753356934
-1.1301262378692627,1.3118207454681396,-0.30061811208724976,1.3506934642791748,0.02590605616569519,0.3911597728729248,1.4155607223510742
-0.34558674693107605,-1.893069863319397,-0.23094873130321503,1.2597947120666504,0.02837122604250908,-0.19074441492557526,-1.202492356300354
-0.10865531116724014,0.49067822098731995,-0.15633518993854523,1.1692180633544922,0.031060973182320595,0.9989352226257324,2.3192851543426514
0.5930929183959961,-0.6074775457382202,-0.9743291139602661,2.6493892669677734,0.007069437298923731,1.0860294103622437,0.9255218505859375
-1.2920547723770142,1.1803462505340576,-0.9615793824195862,2.6158246994018555,0.007310747168958187,0.6421871185302734,1.109862208366394
1.0700477361679077,0.6662343144416809,-0.16845080256462097,1.1834700107574463,0.03062143363058567,0.9045014977455139,1.3068804740905762
0.24851712584495544,1.1299941539764404,-0.45054417848587036,1.569165825843811,0.02082188054919243,0.5835816860198975,2.619032859802246
-0.8488215804100037,1.651606559753418,-1.5257025957107544,4.5983734130859375,0.0010068200062960386,0.3791150450706482,2.301206588745117
0.04592970758676529,-1.5412448644638062,0.23845121264457703,0.787847101688385,0.045482292771339417,0.10833187401294708,-0.4362684488296509
0.35130590200424194,-0.38559067249298096,0.7231877446174622,0.4852030873298645,0.061557214707136154,0.9750967621803284,1.3168556690216064
1.4119188785552979,1.3230633735656738,0.05733645707368851,0.9442763328552246,0.038896095007658005,0.33963438868522644,0.6619344353675842
-1.3369783163070679,2.377678871154785,-0.1916799545288086,1.211282730102539,0.02978150174021721,-0.6010059118270874,1.024251937866211
-0.3063284456729889,0.5998114347457886,0.2816140651702881,0.7545648217201233,0.047021519392728806,0.9008985757827759,2.2887542247772217
0.14008429646492004,-1.261950135231018,-0.9375530481338501,2.553725004196167,0.007779134903103113,0.5593321323394775,0.24901628494262695
-0.05433044210076332,-1.2058647871017456,-0.3599116802215576,1.4332027435302734,0.023854371160268784,0.5002056360244751,0.2705049514770508
0.4573030173778534,1.2883343696594238,0.19268926978111267,0.8247382044792175,0.04383497312664986,0.3611947000026703,2.4316399097442627
0.47599008679389954,0.4767748713493347,1.6084082126617432,0.20020604133605957,0.08185620605945587,0.9085001945495605,2.035442352294922
0.08848022669553757,-0.6455569863319397,0.5721824765205383,0.5642925500869751,0.05687623471021652,0.8551940321922302,1.0996954441070557
-0.6825646162033081,-0.6219272613525391,0.23039589822292328,0.7942191362380981,0.045193400233983994,0.8921790719032288,0.6895986795425415
-2.545397996902466,7.029191970825195,0.3595576584339142,0.6979849934577942,0.04975869506597519,0.8042035102844238,2.269181251525879
-0.2563936710357666,-1.112106204032898,0.7074677348136902,0.49289074540138245,0.06108580157160759,0.49206307530403137,0.2927361726760864
0.2964170277118683,-0.7791292667388916,2.7430622577667236,0.06437291949987411,0.09376552700996399,0.717962920665741,0.7864667177200317
-0.4415697455406189,-0.5513080358505249,0.7087822556495667,0.4922432601451874,0.061125367879867554,0.901064395904541,1.0358285903930664
1.3688685894012451,1.1148067712783813,-1.5764439105987549,4.837721824645996,0.0007925088284537196,0.9241231679916382,1.0390979051589966
0.05166754499077797,0.5571060180664062,-0.29636403918266296,1.3449597358703613,0.026055019348859787,0.9832847714424133,2.3864197731018066
-0.7988128662109375,1.0877479314804077,-0.12873204052448273,1.137385368347168,0.032065633684396744,0.578219473361969,1.9956655502319336
0.29916831851005554,1.2169697284698486,2.9108192920684814,0.054431118071079254,0.09470237791538239,0.3519330322742462,2.4677000045776367
0.947663426399231,0.7860605120658875,1.2669131755828857,0.2816998362541199,0.07545001804828644,0.7348082661628723,1.5555944442749023
-1.8996284008026123,3.0619986057281494,-0.3443607985973358,1.4110876321792603,0.024387788027524948,-0.8557252883911133,-0.3019334673881531
-0.4702983498573303,-0.6835609078407288,1.2654988765716553,0.28209853172302246,0.07541994005441666,0.8035385608673096,0.8122327923774719
-0.4495164453983307,1.2849528789520264,0.5517889261245728,0.5759186148643494,0.05621882155537605,0.3395586311817169,2.414379119873047
0.17552092671394348,0.0974399596452713,0.1364022195339203,0.8724915981292725,0.04179089888930321,1.082505702972412,1.9488953351974487
-0.3055000305175781,-1.4488072395324707,-0.19096994400024414,1.2104231119155884,0.029807114973664284,0.2427290678024292,-0.30222904682159424
-0.1430116444826126,-1.03668212890625,-0.07838904112577438,1.0815433263778687,0.03390718251466751,0.617233157157898,0.5210717916488647
-0.9694439768791199,-0.6006247997283936,-0.25575965642929077,1.2914422750473022,0.027487406507134438,0.9541268348693848,0.2749849557876587
2.3761837482452393,4.930500030517578,-0.136837437748909,1.146641731262207,0.031770192086696625,0.33104997873306274,0.6087824106216431
0.6512435078620911,0.6566868424415588,0.9617253541946411,0.3822328448295593,0.06823361665010452,0.8302425146102905,1.9683367013931274
0.30658337473869324,0.9957717657089233,-1.9345135688781738,6.9206767082214355,9.871616202872247e-05,1.2359230518341064,2.8462305068969727
-1.279735803604126,0.8421728014945984,1.6983294486999512,0.1829889714717865,0.08327773213386536,0.6841422319412231,0.8329920172691345
-0.6517046689987183,1.7629746198654175,-1.386649250984192,4.001420021057129,0.0018289647996425629,0.2091444730758667,2.545876979827881
0.514704167842865,1.197772741317749,-0.52056485414505,1.6829780340194702,0.018581977114081383,0.5327305793762207,2.4405670166015625
0.39980536699295044,1.7697274684906006,2.3852803707122803,0.09206315875053406,0.09120475500822067,-0.18841534852981567,2.418424129486084
0.8784245848655701,1.372499704360962,-1.1989349126815796,3.316582679748535,0.0036276590544730425,0.5286579132080078,2.105238199234009
-0.6593983769416809,0.053791433572769165,0.001693332102149725,0.9983081221580505,0.03685023635625839,1.0983843803405762,1.5087796449661255
-0.46434056758880615,-0.4440290331840515,2.685697078704834,0.06817365437746048,0.09340982139110565,0.9098455309867859,1.1254081726074219
1.4521288871765137,2.488369941711426,0.2791685163974762,0.7564124464988708,0.04693472012877464,-0.7184880971908569,0.7203431129455566
0.40330639481544495,-0.057585954666137695,-0.3941122889518738,1.4830670356750488,0.02269405871629715,1.1466491222381592,1.6908905506134033
0.678875744342804,-0.3477560579776764,-2.1445086002349854,8.53784465789795,1.9591205273172818e-05,1.7939242124557495,1.1665817499160767
-0.9867167472839355,-1.1676137447357178,-0.16366954147815704,1.1778249740600586,0.03079478070139885,0.5101302266120911,-0.6534068584442139
-0.23856821656227112,0.44161665439605713,0.16086649894714355,0.8514057397842407,0.04268145188689232,0.9892024993896484,2.219379425048828
0.9924304485321045,2.234893321990967,-0.9830803275108337,2.6726763248443604,0.006906713359057903,-0.3490806221961975,1.9079173803329468
0.22680093348026276,0.04506354033946991,-1.6894060373306274,5.416262626647949,0.0004443723591975868,1.5406110286712646,1.9931693077087402
-0.4359179139137268,1.067917823791504,-0.05620734766125679,1.057816982269287,0.03472129628062248,0.5877313613891602,2.431765079498291
-0.17729441821575165,0.4521685540676117,-0.6096140146255493,1.8397212028503418,0.01588617078959942,1.0834739208221436,2.304198741912842
-1.1838018894195557,2.1996676921844482,-0.28285515308380127,1.3269128799438477,0.026529500260949135,-0.45554110407829285,1.357980728149414
0.8432040214538574,0.15690267086029053,0.02733706310391426,0.9730331897735596,0.03779349476099014,1.0850193500518799,1.3295079469680786
0.2525944709777832,-0.7706214189529419,0.888536810874939,0.4112570583820343,0.06628165394067764,0.7586036324501038,0.8512874245643616
0.42918527126312256,0.9780073165893555,-1.5545713901519775,4.733057498931885,0.0008799525094218552,1.031982183456421,2.6521246433258057
0.778205931186676,0.20762962102890015,-0.3597855567932129,1.4330220222473145,0.023858681321144104,1.1218245029449463,1.5026344060897827
-0.8360065817832947,1.1598610877990723,1.5434222221374512,0.2136486917734146,0.08076320588588715,0.42083173990249634,1.8662142753601074
-0.05951188877224922,-0.3732515275478363,1.9135856628417969,0.14755037426948547,0.08628189563751221,0.94590163230896,1.430511474609375
-1.7249740362167358,2.551265001296997,-0.5780311226844788,1.7825254201889038,0.016821280121803284,-0.6525057554244995,-0.031591057777404785
-0.32828909158706665,-0.48937952518463135,-1.0823745727539062,2.9516801834106445,0.00522518390789628,1.1777926683425903,1.3265960216522217
-0.7111893892288208,0.31443285942077637,-0.1615094095468521,1.1752835512161255,0.030873144045472145,1.068500280380249,1.684645414352417
-1.1436700820922852,1.7885255813598633,-1.2377434968948364,3.447824716567993,0.0031814768444746733,0.1287694275379181,1.6089531183242798
-1.2958424091339111,0.17573297023773193,1.1215171813964844,0.32578516006469727,0.07219602912664413,1.0171771049499512,0.3445476293563843
1.520671010017395,2.0664825439453125,1.4699487686157227,0.22993727028369904,0.0794583410024643,-0.45264166593551636,0.3135441541671753
0.14541669189929962,1.4094915390014648,0.5182719230651855,0.5955488085746765,0.055125992745161057,0.2201610803604126,2.605213165283203
-0.9990158081054688,1.9485812187194824,0.2928774058818817,0.7461135983467102,0.04742059484124184,-0.29425111413002014,1.659401297569275
1.1066603660583496,0.025945186614990234,-1.7184295654296875,5.575765132904053,0.0003788575704675168,1.5572400093078613,0.8011560440063477
-1.6999133825302124,2.704221487045288,0.7807302474975586,0.45807138085365295,0.06325022876262665,-0.8600611090660095,0.0546339750289917
0.23711608350276947,0.8254767060279846,-0.7406743764877319,2.0973494052886963,0.012278144247829914,0.8879417181015015,2.544951915740967
0.8621137738227844,1.7341227531433105,-0.2994532287120819,1.3491209745407104,0.02594682201743126,-0.02768915891647339,1.962860345840454
0.3514848053455353,-0.47204938530921936,1.0122002363204956,0.36341848969459534,0.06952954083681107,0.9269801378250122,1.2018038034439087
0.0378790944814682,0.5198847651481628,0.24570202827453613,0.7821552753448486,0.04574190825223923,0.9460919499397278,2.328540086746216
0.6315163373947144,0.898513674736023,-1.067847728729248,2.909111499786377,0.005452415440231562,0.9136847257614136,2.291445732116699
0.7366511821746826,-1.7258498668670654,1.9249255657196045,0.1458866149187088,0.08642556518316269,-0.13984432816505432,-1.4116262197494507
-1.1909364461898804,2.472113847732544,-0.7288715839385986,2.072740316390991,0.012584047392010689,-0.5768712162971497,1.508301019668579
1.3251622915267944,0.8028678894042969,2.1593844890594482,0.11539612710475922,0.08910131454467773,0.7061861753463745,0.6917827129364014
-0.5005512237548828,0.2057504951953888,0.010386434383690357,0.9896672964096069,0.037170033901929855,1.0778746604919434,1.8354623317718506
0.7138713598251343,-0.3409940004348755,-1.6555591821670532,5.236006736755371,0.0005321464268490672,1.4660234451293945,1.1439098119735718
0.2807333469390869,1.3507006168365479,-1.1132787466049194,3.044323682785034,0.004762851633131504,0.5227553844451904,2.7711474895477295
0.4972609281539917,-0.02540607750415802,-1.756608486175537,5.792757987976074,0.00030495598912239075,1.5789530277252197,1.7272920608520508
-1.0763500928878784,-0.2737593650817871,0.5074790120124817,0.6020113229751587,0.05477089434862137,1.0229624509811401,0.41986632347106934
1.0893524885177612,0.7264541387557983,0.12896503508090973,0.879004716873169,0.04151959344744682,0.8354347944259644,1.2804917097091675
0.5090659260749817,1.3998807668685913,0.9154415726661682,0.400339812040329,0.06700922548770905,0.2101186215877533,2.347064256668091
-0.8103504776954651,2.3282597064971924,1.2901902198791504,0.2752184271812439,0.07594062387943268,-0.6595587730407715,2.055941581726074
-0.4441508650779724,-0.7933022379875183,-0.7675796151161194,2.1545450687408447,0.011595593765377998,0.9169502258300781,0.8031108379364014
-0.35193806886672974,-0.9385625720024109,-0.7988137602806091,2.222902536392212,0.010829431936144829,0.8132385015487671,0.6640346050262451
0.8080127835273743,0.03400313854217529,1.6119023561477661,0.1995077133178711,0.08191338926553726,1.0193727016448975,1.2295448780059814
-0.12965090572834015,-0.634793221950531,0.1437152624130249,0.8661343455314636,0.04205741733312607,0.8918077349662781,1.1257214546203613
1.3034402132034302,3.18574595451355,-0.753141462802887,2.1236610412597656,0.011959299445152283,-0.786659300327301,1.7787201404571533
-0.4940509498119354,1.599230408668518,0.9260018467903137,0.3961343467235565,0.06729163229465485,0.011183181777596474,2.3640637397766113
-0.703832745552063,1.5416510105133057,-1.683251142501831,5.383028507232666,0.000459388829767704,0.5674440264701843,2.5837488174438477
-1.409866452217102,1.700977087020874,1.3882348537445068,0.2495153546333313,0.07791782915592194,-0.10486184060573578,0.6055498123168945
-0.6715973019599915,2.089561700820923,-1.1357463598251343,3.1134963035583496,0.004444529302418232,-0.18445870280265808,2.455094575881958
-1.1420058012008667,0.9024524092674255,-1.4427430629730225,4.2322893142700195,0.0014519114047288895,1.0429160594940186,1.4621508121490479
-0.8303292393684387,0.6876154541969299,0.5658493638038635,0.5678775906562805,0.05667269974946976,0.8295494318008423,1.734190583229065
0.17394371330738068,-2.4051806926727295,0.3867032825946808,0.679292619228363,0.05069754645228386,-0.6729539036750793,-2.060020685195923
-0.35218146443367004,0.40098220109939575,0.2190680056810379,0.8032671213150024,0.04478633403778076,1.0010048151016235,2.1179611682891846
-0.18091325461864471,-0.7119104266166687,0.0005427329451777041,0.9994574189186096,0.03680790960788727,0.8570609092712402,1.0106043815612793
0.5459388494491577,0.5599340796470642,0.888236403465271,0.4113806188106537,0.06627346575260162,0.8884281516075134,2.035771131515503
-1.3229691982269287,1.8199373483657837,-1.2852089405059814,3.6154232025146484,0.002690553665161133,0.11497071385383606,1.1844037771224976
0.6247550249099731,-1.6894018650054932,0.047627177089452744,0.9534891843795776,0.038539398461580276,-0.022978737950325012,-1.1034400463104248
-1.8487824201583862,4.886110782623291,0.03390742465853691,0.9666609764099121,0.03803509101271629,0.26951542496681213,2.7336554527282715
0.6983257532119751,-1.649276614189148,0.4126459062099457,0.6618965864181519,0.05158720165491104,-0.012210085988044739,-1.1504755020141602
0.7114232778549194,0.1759529709815979,-0.6327306032180786,1.882744550704956,0.01521718967705965,1.1728346347808838,1.591567039489746
2.185101270675659,5.404229164123535,0.19318827986717224,0.824326753616333,0.04385301470756531,0.7203880548477173,2.288276195526123
0.5060704946517944,-0.6827579736709595,-0.038009751588106155,1.0387413501739502,0.0353899821639061,0.8797097206115723,0.8310624361038208
-1.022864580154419,3.14810848236084,-0.31813082098960876,1.374556064605713,0.025295186787843704,-0.8625231981277466,2.342050552368164
-0.7312303781509399,1.8024274110794067,0.3471783399581909,0.7066792845726013,0.049327950924634933,-0.15889742970466614,2.108283519744873
0.5044671893119812,0.9986739158630371,1.6114405393600464,0.19959987699985504,0.08190584182739258,0.5613777041435242,2.2731871604919434
-0.09462157636880875,0.5381243824958801,-0.4583476483821869,1.5814586877822876,0.020567486062645912,1.016817331314087,2.3793976306915283
0.9914020895957947,0.3577834367752075,-0.0397101454436779,1.0405091047286987,0.0353274792432785,1.0407263040542603,1.2370531558990479
-0.34399399161338806,0.25471946597099304,-2.435312509536743,11.419386863708496,1.0980529623338953e-06,2.109672784805298,1.9946733713150024
1.332589864730835,1.975582242012024,0.08330024033784866,0.9200748801231384,0.039848919957876205,-0.3018144965171814,0.9017395377159119
1.2743077278137207,3.17979097366333,-0.6311774849891663,1.8798227310180664,0.015261715278029442,-0.8112882971763611,1.8306396007537842
0.18524056673049927,-0.23312482237815857,-0.2637762725353241,1.3018369674682617,0.027203161269426346,1.103132963180542,1.6248152256011963
-0.6797292828559875,2.036288261413574,1.0984565019607544,0.33338525891304016,0.07164940983057022,-0.4155239462852478,2.1680212020874023
-1.8077458143234253,4.555025100708008,0.18977443873882294,0.8271456956863403,0.04372956603765488,-0.07400062680244446,2.212190866470337
-0.03302433714270592,0.0345747247338295,0.7042491436004639,0.4944797158241272,0.060988813638687134,1.0488502979278564,1.8984755277633667
0.5766900777816772,0.9000511169433594,-0.8337467312812805,2.301927328109741,0.01000657957047224,0.8517626523971558,2.3198721408843994
0.7027828097343445,0.8585359454154968,-0.31622573733329773,1.3719398975372314,0.025361448526382446,0.7907402515411377,2.0751848220825195
0.9808406233787537,1.6153371334075928,1.2395390272140503,0.2895176410675049,0.07486245781183243,-0.015574317425489426,1.6349141597747803
0.03788628429174423,0.6058439612388611,1.4211515188217163,0.24143584072589874,0.07854992151260376,0.8461653590202332,2.350069046020508
0.16973984241485596,0.5866829752922058,1.0515698194503784,0.34938883781433105,0.07051189243793488,0.8677204251289368,2.3182435035705566
-2.386472463607788,5.075605392456055,-2.190173864364624,8.936766624450684,1.3146544006303884e-05,1.2489593029022217,1.3290104866027832
-0.2466578185558319,0.7553259134292603,1.451836347579956,0.23413993418216705,0.07912510633468628,0.7514621615409851,2.3740649223327637
1.0282814502716064,1.8050509691238403,-0.3240189552307129,1.3826735019683838,0.025090685114264488,-0.09385070204734802,1.6536604166030884
1.1450841426849365,2.414119005203247,0.6852138042449951,0.5039824843406677,0.06041199713945389,-0.6964585185050964,1.4595720767974854
-0.5116530656814575,1.7050446271896362,-1.9275628328323364,6.872739791870117,0.00010356357233831659,0.5534285306930542,2.968863010406494
-0.48610177636146545,-0.3793014883995056,0.5516363382339478,0.5760064721107483,0.056213878095149994,0.9865241050720215,1.2169376611709595
0.24122104048728943,-2.4951400756835938,-1.1694351434707642,3.2201731204986572,0.003994814120233059,-0.47620832920074463,-2.0117483139038086
-1.8863120079040527,1.0841326713562012,0.8643670082092285,0.4213181734085083,0.0656181275844574,0.5098113417625427,-0.9881798028945923
-0.25078800320625305,-0.7417089939117432,-0.4748342037200928,1.6077475547790527,0.020033836364746094,0.8980898857116699,0.9773337244987488
-1.5443130731582642,4.012184143066406,-0.8451749086380005,2.3283851146698,0.009745299816131592,-0.4115358591079712,2.2272162437438965
-0.6634142994880676,0.10937470197677612,0.17341409623622894,0.8407893776893616,0.04313698783516884,1.0781034231185913,1.5493882894515991
-0.14176802337169647,0.28240516781806946,-0.13242147862911224,1.1415894031524658,0.031931109726428986,1.0745469331741333,2.14117169380188
-0.8246984481811523,0.5905790328979492,0.8964093327522278,0.4080321490764618,0.06649575382471085,0.8714215755462646,1.673486351966858
-0.16482704877853394,-1.6293857097625732,-2.1964051723480225,8.99262809753418,1.2432293260644656e-05,0.8407069444656372,0.08856117725372314
1.0508761405944824,1.4591220617294312,0.9209750890731812,0.3981306552886963,0.06715743243694305,0.15125535428524017,1.503206491470337
0.9829405546188354,1.910995602607727,-1.0709832906723022,2.918247699737549,0.005402828101068735,-0.04185020923614502,1.902970790863037
-0.3318530321121216,0.05764099210500717,1.4529638290405273,0.2338760942220688,0.07914598286151886,1.0217268466949463,1.7973946332931519
0.47180959582328796,-0.31559520959854126,-0.4328192174434662,1.5415974855422974,0.02140389010310173,1.104771614074707,1.3549330234527588
0.6255982518196106,0.678941547870636,-0.6184349656105042,1.8560210466384888,0.015629326924681664,0.9638398885726929,2.1088340282440186
1.5075657367706299,0.42935633659362793,-1.6345549821853638,5.127175807952881,0.0005933293723501265,1.4219515323638916,0.14554476737976074
-0.8031752109527588,1.1872673034667969,-0.569936990737915,1.768155574798584,0.017064744606614113,0.5510109663009644,2.065580129623413
-0.16996191442012787,2.0282816886901855,-1.396077275276184,4.039323806762695,0.0017609376227483153,-0.03776106238365173,2.9616408348083496
-1.4474189281463623,2.3281195163726807,0.7563714981079102,0.4693664312362671,0.06253983825445175,-0.6400421261787415,0.6339137554168701
0.05776071548461914,-1.0380836725234985,0.7847251892089844,0.4562450647354126,0.06336585432291031,0.5534964799880981,0.48223793506622314
1.77293062210083,4.175323486328125,-0.40913552045822144,1.505515694618225,0.022190283983945847,-0.3610652685165405,1.6785234212875366
0.21305176615715027,0.5396191477775574,0.09777206927537918,0.906855583190918,0.04037918895483017,0.9485899806022644,2.3060073852539062
-1.1939303874969482,1.926738977432251,0.4702318608760834,0.6248573660850525,0.053533781319856644,-0.28598836064338684,1.2177308797836304
1.3537449836730957,1.2414878606796265,0.8259953260421753,0.43779903650283813,0.06454554945230484,0.3671686351299286,0.765754222869873
0.5958920121192932,0.32446473836898804,0.532294750213623,0.5872558355331421,0.05558505654335022,1.0065470933914185,1.8128232955932617
-0.7896072268486023,0.19230550527572632,0.09558295458555222,0.9088429808616638,0.04029902070760727,1.0724505186080933,1.4463884830474854
0.7724170684814453,-0.3187241554260254,1.215438723564148,0.29657986760139465,0.07433561980724335,0.979293942451477,0.9119899868965149
-1.7368550300598145,2.871016025543213,1.0294517278671265,0.35720276832580566,0.06996306031942368,-0.9278966188430786,0.051543548703193665
0.3848489224910736,-0.22582417726516724,-1.0633866786956787,2.896162748336792,0.005523476283997297,1.2642261981964111,1.5794261693954468
1.8409079313278198,3.8638784885406494,0.5697273015975952,0.565679669380188,0.05679739639163017,-0.6937285661697388,0.8339154720306396
-1.2734438180923462,0.7539157271385193,1.1292940378189087,0.3232613801956177,0.07237847149372101,0.761340320110321,0.8195307850837708
0.07441482692956924,-2.1123909950256348,0.5615555047988892,0.570321261882782,0.056534379720687866,-0.4584709703922272,-1.5621036291122437
-1.0419185161590576,1.1295489072799683,-0.9307896494865417,2.5365114212036133,0.007914201356470585,0.6807188987731934,1.673275351524353
0.6675022840499878,0.8222112059593201,1.021715760231018,0.35997676849365234,0.0697692483663559,0.7166005373001099,2.0310442447662354
-0.4678823947906494,-1.2040536403656006,1.0259383916854858,0.3584599494934082,0.06987516582012177,0.39442262053489685,-0.041132569313049316
-0.7291076183319092,1.664473533630371,0.20839977264404297,0.8118823766708374,0.044402144849300385,-0.012352019548416138,2.1195383071899414
-2.0121538639068604,3.1652848720550537,-1.528223991394043,4.609982013702393,0.0009951997781172395,-0.5387210845947266,-0.39651745557785034
-0.014085463248193264,1.4330490827560425,0.5204575657844543,0.5942485928535461,0.055197715759277344,0.1967369168996811,2.626797914505005
0.8666485548019409,1.6618778705596924,0.503746509552002,0.6042625308036804,0.05464773252606392,-0.030529405921697617,1.878780722618103
-0.03177962079644203,-0.2469388246536255,-1.3230117559432983,3.7547125816345215,0.0023407177068293095,1.3451365232467651,1.72669517993927
0.13820722699165344,-0.26306387782096863,0.9867041707038879,0.37280336022377014,0.06888006627559662,1.002878189086914,1.5584862232208252
0.4731403887271881,0.9631356000900269,-0.1934712678194046,1.2134544849395752,0.029716894030570984,0.6922940015792847,2.3771371841430664
-0.1661832183599472,0.2658694088459015,-0.22437132894992828,1.2515356540679932,0.028606515377759933,1.0900180339813232,2.124478816986084
-0.8537893891334534,-0.11714369058609009,0.8639736175537109,0.42148393392562866,0.06560724973678589,1.0352948904037476,1.0117614269256592
-1.0294215679168701,2.420731544494629,1.881276249885559,0.15239548683166504,0.08586486428976059,-0.7359980940818787,1.6860113143920898
1.3397504091262817,-0.30675816535949707,-0.357816219329834,1.4302027225494385,0.023926042020320892,1.0963377952575684,-0.21243524551391602
0.6276763677597046,0.028442174196243286,-0.5192977786064148,1.680846929550171,0.018621619790792465,1.167680263519287,1.5541341304779053
0.9689627289772034,1.669333577156067,0.3638957738876343,0.6949636340141296,0.049909260123968124,-0.028881505131721497,1.700322151184082
1.2341331243515015,0.5517677664756775,-0.8412558436393738,2.319277763366699,0.00983445905148983,1.0835269689559937,0.9122496247291565
1.3166155815124512,1.9046294689178467,1.3583287000656128,0.25709009170532227,0.0773298591375351,-0.30195796489715576,0.8707742691040039
0.6097460985183716,0.9726774096488953,0.23785443603992462,0.7883174419403076,0.04546090587973595,0.6419206857681274,2.1985888481140137
-0.24802935123443604,-1.1577764749526978,1.1503711938858032,0.31651926040649414,0.07286809384822845,0.4330289959907532,0.19767343997955322
1.1292603015899658,1.0525813102722168,1.9216413497924805,0.14636652171611786,0.08638410270214081,0.5099669694900513,1.2617720365524292
0.6246235966682434,0.14364050328731537,1.342793345451355,0.26111525297164917,0.07701921463012695,1.0158129930496216,1.6004307270050049
0.7542816400527954,-0.11761492490768433,0.5165473818778992,0.5965767502784729,0.05506935715675354,1.0527490377426147,1.1807161569595337
-0.9259134531021118,3.9811007976531982,0.14380164444446564,0.8660595417022705,0.04206056520342827,-0.5812230110168457,3.5738539695739746
-1.5010998249053955,1.7786387205123901,0.9831048846244812,0.37414759397506714,0.06878753751516342,-0.16893444955348969,0.35484108328819275
0.5141478776931763,-0.606869101524353,0.8062828779220581,0.44651472568511963,0.0639854297041893,0.8660890460014343,0.8885377645492554
0.9174410104751587,0.40866366028785706,0.857553243637085,0.424198716878891,0.06542938202619553,0.9600725173950195,1.3840590715408325
-1.634450912475586,2.341020107269287,0.23903948068618774,0.7873837947845459,0.045503370463848114,-0.6175574660301208,0.08950963616371155
0.05092352256178856,-0.9349446296691895,0.19764703512191772,0.8206594586372375,0.044014133512973785,0.6759288907051086,0.6871159672737122
-0.45313116908073425,-0.1131465882062912,-0.08527255058288574,1.0890138149261475,0.033654823899269104,1.1025071144104004,1.5733011960983276
-2.148193120956421,4.106872081756592,-0.7291463613510132,2.073309898376465,0.012576880864799023,-0.3618561625480652,0.13804841041564941
-0.12488818913698196,-0.3670652508735657,0.5583484768867493,0.5721532106399536,0.05643090605735779,0.9905999302864075,1.4521009922027588
0.7609385848045349,-2.192133903503418,0.12274271994829178,0.8844912052154541,0.04129242151975632,-0.4936741590499878,-2.245878219604492
-2.09433650970459,3.8749732971191406,1.3751380443572998,0.252804696559906,0.07766195386648178,-0.7176352143287659,-0.17189109325408936
1.8617284297943115,3.0990467071533203,-1.1963341236114502,3.3079681396484375,0.003659044625237584,-0.6682982444763184,0.01335597038269043
-0.4106690585613251,1.6403108835220337,-1.1012660264968872,3.00797176361084,0.004939175210893154,0.23133859038352966,2.700930118560791
-0.2161361575126648,-1.1387662887573242,3.2985005378723145,0.036938514560461044,0.0963735431432724,0.4224090278148651,0.21983754634857178
0.004164396785199642,-0.03179698437452316,0.39682716131210327,0.6724502444267273,0.05104563385248184,1.066739559173584,1.8425135612487793
0.6786291599273682,1.4296926259994507,-2.3345999717712402,10.325328826904297,3.279190877947258e-06,1.1731688976287842,2.8911373615264893
-1.2128909826278687,1.3719384670257568,3.2162137031555176,0.040106624364852905,0.09606869518756866,0.20156049728393555,1.0964213609695435
2.4309403896331787,4.628347396850586,-0.6998603940010071,2.0134716033935547,0.01335243321955204,0.11740446835756302,-0.16407787799835205
-1.537948727607727,3.794034481048584,-1.0663397312164307,2.9047279357910156,0.0054763685911893845,-0.5041308403015137,1.9456866979599
-0.2726106345653534,-1.640545129776001,0.9978378415107727,0.36867570877075195,0.06916496902704239,-0.032824691385030746,-0.7500714659690857
-0.6802622675895691,0.9035499691963196,-1.4753421545028687,4.372531414031982,0.001261925557628274,1.0560784339904785,2.3112242221832275
0.3245749771595001,1.536802053451538,1.4850549697875977,0.22648988664150238,0.0797327384352684,0.056636713445186615,2.4848825931549072
1.446539282798767,2.7221224308013916,1.212828516960144,0.2973550260066986,0.07427802681922913,-0.8835693597793579,0.8538810014724731
-0.9285531044006348,-0.2138216495513916,1.1423994302749634,0.3190525770187378,0.07268373668193817,1.0091323852539062,0.7676972150802612
1.328579306602478,1.2725708484649658,-0.4311355650424957,1.5390042066574097,0.021459469571709633,0.4477248787879944,0.9401333928108215
0.7138155102729797,1.2604246139526367,1.2003991603851318,0.3010740280151367,0.07400230318307877,0.33552002906799316,2.0774154663085938
0.2981734275817871,-0.010016553103923798,-1.430862307548523,4.1823039054870605,0.001526330248452723,1.418180227279663,1.8894517421722412
-0.6936667561531067,0.549057126045227,-0.458426833152771,1.5815839767456055,0.020564910024404526,1.0111753940582275,1.915128469467163
1.9938700199127197,4.978010177612305,0.46143925189971924,0.6303757429122925,0.05323917418718338,0.3255462944507599,2.3209023475646973
0.5928736329078674,1.3432976007461548,1.4570446014404297,0.23292364180088043,0.07922140508890152,0.2488337755203247,2.234935760498047
1.4410655498504639,3.174194812774658,-0.5465196371078491,1.7272311449050903,0.017777595669031143,-0.8267455101013184,1.361635684967041
-0.009844918735325336,-1.3169801235198975,0.9614555835723877,0.38233596086502075,0.06822658330202103,0.289333313703537,-0.034090280532836914
1.8630949258804321,4.536000728607178,-0.4328038692474365,1.5415737628936768,0.02140439674258232,-0.02131764590740204,2.043332815170288
-0.4912225902080536,0.4035017490386963,1.282545566558838,0.2773304283618927,0.07578040659427643,0.9474247097969055,1.9712469577789307
-0.2306940108537674,0.9417235255241394,-1.46004056930542,4.306134223937988,0.0013485581148415804,1.019008755683899,2.7400918006896973
1.9094767570495605,2.562370777130127,-0.12167347967624664,1.129385232925415,0.032323189079761505,-0.7239503264427185,-0.7466023564338684
-2.0156049728393555,3.6079957485198975,0.7868591547012329,0.45527249574661255,0.06342750787734985,-0.8476642370223999,-0.2064153254032135
-0.11857447028160095,-1.2332507371902466,-0.3400154709815979,1.404969334602356,0.024537457153201103,0.47166913747787476,0.2067621946334839
0.6482434272766113,0.5619511008262634,1.2805373668670654,0.2778879404067993,0.07573816925287247,0.874005913734436,1.9057706594467163
0.15031640231609344,-0.5266947150230408,0.6396273374557495,0.5274889469146729,0.059008486568927765,0.9172222018241882,1.2428853511810303
0.7320808172225952,-0.12192881107330322,1.1376253366470337,0.3205793797969818,0.07257284224033356,1.024633765220642,1.1940206289291382
1.0976691246032715,-0.12331175804138184,1.5273523330688477,0.21710973978042603,0.08048416674137115,1.01411771774292,0.5175882577896118
-0.470249742269516,1.9307178258895874,-1.672093391418457,5.323299884796143,0.00048766349209472537,0.18012920022010803,2.888739585876465
-0.580875813961029,-1.433753252029419,-0.2543315887451172,1.2895994186401367,0.027538109570741653,0.26557445526123047,-0.5090854167938232
0.4099157750606537,-0.9489177465438843,0.31980329751968384,0.7262918949127197,0.04836992546916008,0.6551922559738159,0.49119341373443604
0.006668075453490019,0.9092455506324768,-0.07740452885627747,1.0804790258407593,0.033943288028240204,0.7223891019821167,2.5698039531707764
-0.2881249487400055,0.4682707190513611,-0.7899293303489685,2.2032406330108643,0.011044466868042946,1.1126742362976074,2.282078266143799
1.193191647529602,-0.019565701484680176,-0.26916828751564026,1.308875322341919,0.02701236866414547,1.130696177482605,0.4610722064971924
-0.7824406027793884,1.6213018894195557,2.009044885635376,0.13411670923233032,0.08744879812002182,-0.037072423845529556,1.9682035446166992
-0.06587275862693787,-0.5057479739189148,-0.023766541853547096,1.0240511894226074,0.035913705825805664,0.9772174954414368,1.3182122707366943
-0.11094342172145844,-0.4770926535129547,-1.05118727684021,2.8610458374023438,0.005720889661461115,1.1744383573532104,1.4330556392669678
0.12621434032917023,-1.1162630319595337,0.11823525279760361,0.8884869813919067,0.041127756237983704,0.5278917551040649,0.3706744909286499
-0.8468237519264221,-2.140047788619995,0.18097510933876038,0.8344561457633972,0.04341105371713638,-0.45555609464645386,-2.2980620861053467
-1.3698886632919312,1.1269299983978271,-1.2279361486434937,3.4141759872436523,0.0032903507817536592,0.7708519697189331,0.9470764994621277
2.4332995414733887,6.065535068511963,0.44175857305526733,0.6429048180580139,0.05257629603147507,1.0406980514526367,2.0059640407562256
-1.7364240884780884,2.6534600257873535,0.8938480615615845,0.40907856822013855,0.06642620265483856,-0.8423023223876953,-0.11009180545806885
-1.6539243459701538,1.7404563426971436,0.047060783952474594,0.954029381275177,0.03851858526468277,-0.07344432175159454,-0.06912946701049805
1.700102686882019,2.5553295612335205,1.128570795059204,0.3234952688217163,0.0723615437746048,-0.8006644248962402,-0.05545544624328613
0.4075692892074585,-2.2392966747283936,-0.27778738737106323,1.3202054500579834,0.02670804224908352,-0.4877892732620239,-1.87444007396698
0.8231409788131714,-0.232349693775177,1.2609907388687134,0.2833731472492218,0.07532386481761932,1.0014653205871582,0.929515540599823
0.5348012447357178,0.8353447914123535,0.2090703696012497,0.8113381266593933,0.044426318258047104,0.7520558834075928,2.231487274169922
0.5418355464935303,0.6455036401748657,1.7339893579483032,0.1765785664319992,0.08381329476833344,0.8164547681808472,2.0771303176879883
0.11218631267547607,-0.25742021203041077,0.4007096588611603,0.6698445081710815,0.051178812980651855,1.0340343713760376,1.5880537033081055
0.3608463406562805,1.1525781154632568,-0.47416308522224426,1.6066689491271973,0.020055456086993217,0.5667997598648071,2.5591020584106445
0.1349874883890152,0.5058180689811707,-0.31219953298568726,1.3664273023605347,0.025501642376184464,1.0114210844039917,2.3348581790924072
0.6614977717399597,0.7168726921081543,0.9033597707748413,0.40520596504211426,0.06668394804000854,0.794384777545929,1.9905033111572266
0.6289361715316772,-0.07763451337814331,1.0207558870315552,0.3603224754333496,0.06974513828754425,1.0330201387405396,1.3832234144210815
-0.00467818696051836,0.5344735980033875,0.6805501580238342,0.506338357925415,0.06026984006166458,0.9111707210540771,2.3228578567504883
0.6591801643371582,1.7119749784469604,-0.7714088559150696,2.162811279296875,0.01150013692677021,0.07557100057601929,2.3528895378112793
0.2487538605928421,-0.9584452509880066,0.309041291475296,0.7341504096984863,0.047991301864385605,0.64820796251297,0.5822837352752686
-0.10145770758390427,-0.21389062702655792,-0.121577188372612,1.1292765140533447,0.03232670575380325,1.0901401042938232,1.661984920501709
2.0180532932281494,3.6509311199188232,0.3077920377254486,0.7350682020187378,0.04794727638363838,-0.7995604276657104,-0.13980728387832642
-0.5814793705940247,-0.0657394528388977,1.8058665990829468,0.16433198750019073,0.08484603464603424,1.0142731666564941,1.4416418075561523
-1.7792305946350098,2.957766056060791,0.08259131759405136,0.9207273721694946,0.03982292860746384,-0.8910787105560303,0.013561397790908813
0.12771694362163544,0.7621525526046753,-0.5416702032089233,1.7188754081726074,0.017926763743162155,0.895238995552063,2.526038646697998
-0.850155234336853,-0.1961979866027832,1.6647616624832153,0.18923574686050415,0.08275913447141647,0.9997383952140808,0.9189451932907104
-0.4132150709629059,-0.16428221762180328,-1.5386779308319092,4.6584272384643555,0.0009481363231316209,1.452378749847412,1.6579675674438477
2.8392629623413086,7.449321746826172,-0.8160887360572815,2.261636734008789,0.010417982935905457,0.6198698282241821,0.9687830209732056
0.27202308177948,-0.5438088774681091,-0.35888829827308655,1.431736946105957,0.023889360949397087,0.9989178776741028,1.222795009613037
0.10061194747686386,-0.438524454832077,0.8828982710838318,0.4135825037956238,0.0661277025938034,0.9467374086380005,1.3606804609298706
-1.3958402872085571,1.0826611518859863,-1.1859430074691772,3.2737724781036377,0.0037863317411392927,0.7963569164276123,0.8490970730781555
0.4426049590110779,-0.993207573890686,-0.797730565071106,2.2204959392547607,0.010855525732040405,0.7680550217628479,0.5055720806121826
-0.5797309875488281,1.3531712293624878,1.3776521682739258,0.2521699070930481,0.07771126925945282,0.2411283403635025,2.252863645553589
-0.5448126792907715,0.4139343500137329,-0.9836493134498596,2.6741974353790283,0.00689621502533555,1.1829652786254883,2.042821168899536
-0.7080850601196289,1.9476776123046875,0.8275790214538574,0.4371062219142914,0.06459028273820877,-0.3243118226528168,2.125551223754883
-1.7491623163223267,1.258392572402954,1.3708127737045288,0.2539004981517792,0.0775768980383873,0.332736998796463,-0.47755277156829834
-0.25478875637054443,1.1276179552078247,1.8170169591903687,0.16250979900360107,0.08500077575445175,0.44506391882896423,2.4896059036254883
0.5409566760063171,-0.35763704776763916,-0.45694518089294434,1.5792423486709595,0.02061312273144722,1.0946508646011353,1.2382845878601074
1.8041038513183594,3.212357521057129,-1.3109934329986572,3.70985746383667,0.002448101295158267,-0.6265114545822144,0.37124133110046387
0.38947322964668274,0.6124233603477478,0.7898352742195129,0.45391955971717834,0.06351338326931,0.863649308681488,2.218935966491699
0.9285449385643005,-0.7197985649108887,-0.6075535416603088,1.8359344005584717,0.015946444123983383,0.9355319738388062,0.2227933406829834
2.08303165435791,5.180349826812744,-1.5893937349319458,4.9007768630981445,0.0007440800545737147,0.9411449432373047,2.649561643600464
1.4649369716644287,2.4355177879333496,1.600182056427002,0.20185977220535278,0.08172094821929932,-0.7407286167144775,0.6113142967224121
0.8531156182289124,-0.15799307823181152,1.0852378606796265,0.33782142400741577,0.07133226096630096,1.0213271379470825,0.9644594788551331
-1.4891968965530396,2.0050551891326904,0.26668232679367065,0.7659163475036621,0.04649076983332634,-0.3441465198993683,0.4488738775253296
1.7675310373306274,2.8634376525878906,-1.0138828754425049,2.7562825679779053,0.0063527487218379974,-0.6859354376792908,0.10585424304008484
-0.9456609487533569,1.4561522006988525,0.46087148785591125,0.6307337284088135,0.05322011560201645,0.17746654152870178,1.736998200416565
0.5674192309379578,0.6594262719154358,0.24512572586536407,0.7826061248779297,0.04572128877043724,0.8686044812202454,2.0998449325561523
-0.18230904638767242,-0.21603864431381226,-0.07797366380691528,1.0810941457748413,0.03392241522669792,1.0848636627197266,1.6343891620635986
-0.12964916229248047,2.269397020339966,-0.9509616494178772,2.5881974697113037,0.0075155384838581085,-0.3843270540237427,2.87762451171875
-0.29167497158050537,-0.22276176512241364,0.006516000721603632,0.9935051798820496,0.03702764958143234,1.0746415853500366,1.5708980560302734
-0.8494552373886108,0.053220510482788086,0.5124683976173401,0.5990151166915894,0.054935239255428314,1.0584856271743774,1.201751947402954
-1.6794135570526123,3.089506149291992,1.1239911317825317,0.3249801695346832,0.07225416600704193,-0.9661458134651184,0.44376641511917114
0.826964259147644,-0.10735982656478882,-0.030628185719251633,1.0311020612716675,0.035661377012729645,1.0973527431488037,1.0981378555297852
-0.5314414501190186,-0.5736881494522095,0.5826515555381775,0.5584157109260559,0.05721147730946541,0.8957465887069702,0.9229215979576111
-1.1008176803588867,2.2506895065307617,0.28220197558403015,0.7541213631629944,0.047042377293109894,-0.5532978177070618,1.5122877359390259
-1.7072222232818604,1.564403772354126,-0.35525304079055786,1.4265415668487549,0.02401379868388176,0.1490466594696045,-0.2019968032836914
1.3108235597610474,2.035600423812866,-0.48036983609199524,1.616672158241272,0.019855838268995285,-0.28658050298690796,1.034471035003662
0.3291742205619812,-1.2644388675689697,0.2285686731338501,0.7956716418266296,0.04512780159711838,0.381154865026474,-0.0018199682235717773
-0.23475219309329987,-0.6181355118751526,1.6509735584259033,0.1918630301952362,0.08254198729991913,0.8341466784477234,1.0640746355056763
-1.8346103429794312,4.2538299560546875,1.471703052520752,0.22953423857688904,0.07949037849903107,-0.41970303654670715,1.4773879051208496
0.11482975631952286,0.48076170682907104,-0.14509166777133942,1.1561455726623535,0.0314696803689003,1.0022574663162231,2.3097691535949707
1.4194682836532593,0.8247460126876831,0.43220531940460205,0.6490761041641235,0.05225282907485962,0.7436510920524597,0.4854705333709717
-0.12320686876773834,-2.1307406425476074,0.4509212076663971,0.6370410323143005,0.052885495126247406,-0.46743491291999817,-1.5979164838790894
-1.514804720878601,3.20245361328125,-0.9041851758956909,2.4699184894561768,0.008459175005555153,-0.7511566877365112,1.2252998352050781
-1.462483286857605,2.401092052459717,-0.7898346781730652,2.2030322551727295,0.011046769097447395,-0.5178276896476746,0.7671798467636108
-0.038047000765800476,1.0370843410491943,-0.8356515765190125,2.306316375732422,0.009962757118046284,0.7393642067909241,2.7094054222106934
-1.0198086500167847,1.905651569366455,0.04568247124552727,0.9553452730178833,0.03846793249249458,-0.23309791088104248,1.6339092254638672
-1.1148144006729126,1.2783671617507935,-1.0667705535888672,2.905979633331299,0.0054695182479918,0.5788770914077759,1.5826252698898315
0.3808229863643646,-0.906599223613739,1.2080198526382446,0.2987883388996124,0.07417163997888565,0.6463059782981873,0.547866702079773
-2.433060646057129,6.54608678817749,-0.362093448638916,1.436333179473877,0.023779813200235367,1.1092733144760132,2.521395444869995
-0.5020844340324402,0.29885464906692505,-1.2667491436004639,3.549295425415039,0.002874488476663828,1.3106038570404053,2.0131022930145264
0.1075819581747055,1.946335792541504,-2.1818063259124756,8.862299919128418,1.4162896150082815e-05,0.5194555521011353,3.4311695098876953
0.018359007313847542,-1.8020672798156738,0.9888877868652344,0.3719902038574219,0.06893609464168549,-0.19201579689979553,-0.9956174492835999
-1.0952340364456177,2.22819185256958,-1.0873545408248901,2.966416120529175,0.005148750729858875,-0.31441566348075867,1.7193801403045654
0.2700205445289612,-0.19691017270088196,-0.23625591397285461,1.266498327255249,0.02818167209625244,1.107325553894043,1.6242879629135132
-0.9637393951416016,0.45246991515159607,-2.236992835998535,9.365126609802246,8.565983080188744e-06,1.8358826637268066,1.488746166229248
0.958718478679657,1.3897653818130493,0.04986177012324333,0.9513609409332275,0.038621507585048676,0.2751798629760742,1.7415986061096191
-0.8737537860870361,0.9737019538879395,-2.667732000350952,14.407256126403809,5.5336052184884466e-08,2.002967596054077,2.118314743041992
-0.42766618728637695,-0.38955286145210266,1.0457972288131714,0.3514115512371063,0.0703694075345993,0.9602201581001282,1.244391679763794
0.25840333104133606,-0.6062839031219482,1.0833070278167725,0.3384743332862854,0.07128570973873138,0.8556186556816101,1.079380750656128
0.37629345059394836,-0.8023053407669067,-1.072323203086853,2.9221603870391846,0.005381729453802109,0.9872671365737915,0.8906067609786987
-0.26634007692337036,-0.1979641616344452,-0.6735708713531494,1.9612281322479248,0.01406855322420597,1.1765917539596558,1.6543022394180298
0.5551503300666809,-1.2868801355361938,0.3127021789550781,0.7314677238464355,0.04812021926045418,0.3532639741897583,-0.25026750564575195
-1.2661147117614746,2.411491870880127,-0.463487446308136,1.5896079540252686,0.020400557667016983,-0.586146354675293,1.255082607269287
-1.5241496562957764,0.957101583480835,0.12350001186132431,0.8838216066360474,0.0413200780749321,0.6642740964889526,0.24970364570617676
1.0168368816375732,1.6720998287200928,-0.025628218427300453,1.0259594917297363,0.03584523871541023,0.001465626060962677,1.6389658451080322
0.8391984105110168,0.589093804359436,0.5716376900672913,0.5646000504493713,0.05685875564813614,0.8879045248031616,1.6589750051498413
-0.6707175374031067,1.2229055166244507,-0.7373435497283936,2.0903751850128174,0.012364073656499386,0.5499532222747803,2.29561448097229
-0.0649217739701271,0.5573424696922302,0.869329571723938,0.4192325174808502,0.06575512886047363,0.8905869722366333,2.3284077644348145
-1.5485872030258179,2.0575451850891113,0.6701416373252869,0.5116360783576965,0.05995139479637146,-0.41659119725227356,0.2529807686805725
0.2764642536640167,-2.310537815093994,0.5664554834365845,0.5675334930419922,0.056692201644182205,-0.6173436641693115,-1.9674479961395264
0.8267908692359924,0.27094462513923645,-0.2538272440433502,1.2889491319656372,0.02755602076649666,1.0924134254455566,1.4747222661972046
1.096846103668213,2.343527317047119,0.34299352765083313,0.709642767906189,0.0491819866001606,-0.6271289587020874,1.552424430847168
-0.14011260867118835,-1.9063111543655396,-0.379890114068985,1.4621238708496094,0.023174356669187546,-0.1830429583787918,-1.1082336902618408
0.3204774260520935,1.3037859201431274,0.15336859226226807,0.8578134775161743,0.042408835142850876,0.34963029623031616,2.542731285095215
0.16937032341957092,0.10540139675140381,-0.5205532312393188,1.6829584836959839,0.018582340329885483,1.1627461910247803,1.9944387674331665
-0.5301880240440369,2.7175376415252686,-1.1143957376480103,3.0477259159088135,0.004746674560010433,-0.6066553592681885,2.8663041591644287
0.12493984401226044,0.39714670181274414,-0.6364319324493408,1.889726161956787,0.015111317858099937,1.1111409664154053,2.277627944946289
0.754776656627655,1.0807225704193115,-0.8067599534988403,2.2406363487243652,0.010639077983796597,0.6947546005249023,2.151175022125244
-0.22490297257900238,0.5266953706741333,0.5041157007217407,0.6040394902229309,0.054659921675920486,0.9248769283294678,2.273167133331299
0.3337404429912567,2.5365312099456787,1.426864504814148,0.2400604486465454,0.07865802943706512,-0.7984610795974731,2.70577335357666
-1.1286940574645996,1.482857346534729,-0.47499746084213257,1.6080100536346436,0.020028578117489815,0.2486266791820526,1.4547796249389648
0.8839767575263977,0.8969338536262512,-0.3509373962879181,1.420398473739624,0.024161772802472115,0.7660486698150635,1.8085201978683472
0.5968654751777649,1.9260492324829102,-1.595563530921936,4.931107044219971,0.0007218507817015052,0.14528322219848633,2.714573383331299
0.691993772983551,-0.08812856674194336,-0.7041049599647522,2.022036075592041,0.013238564133644104,1.1983227729797363,1.3643584251403809
-0.5056427717208862,0.19827747344970703,1.550398349761963,0.21216344833374023,0.08088324964046478,1.0016237497329712,1.7816808223724365
0.46925944089889526,-0.5821428894996643,-0.1878644973039627,1.2066700458526611,0.02991919219493866,0.9559533596038818,1.0140691995620728
-0.15430372953414917,2.096132755279541,-0.3233499825000763,1.381748914718628,0.025113895535469055,-0.3633292317390442,2.7166197299957275
0.42779263854026794,-0.8019073605537415,0.6457458734512329,0.5242713689804077,0.05919865518808365,0.7477642893791199,0.6933355927467346
0.5448922514915466,0.2724590599536896,1.1702450513839722,0.3102909028530121,0.07332336157560349,0.994141161441803,1.8111554384231567
-1.7150561809539795,3.594510078430176,1.0618237257003784,0.34582453966140747,0.07076366245746613,-0.8645918369293213,0.8897592425346375
0.27725091576576233,-2.498342990875244,-1.0347723960876465,2.8144655227661133,0.005993674509227276,-0.5187042951583862,-2.070984363555908
-1.1289896965026855,-0.960952877998352,-0.6518696546554565,1.9191255569458008,0.014673521742224693,0.7646516561508179,-0.5433926582336426
-0.1846104860305786,-0.3943539559841156,0.738644003868103,0.47776132822036743,0.06201701611280441,0.9710210561752319,1.395105004310608
-0.7763181328773499,0.4823882281780243,-0.11575950682163239,1.1227258443832397,0.032539162784814835,0.9981620907783508,1.7196656465530396
-0.2695885896682739,-0.7050541043281555,-0.4723755419254303,1.60379958152771,0.020113084465265274,0.9219564199447632,1.0188510417938232
0.9938258528709412,0.9148015975952148,0.4577175974845886,0.6327261328697205,0.053114186972379684,0.6732203960418701,1.5492085218429565
-0.016901733353734016,-0.9709433913230896,0.08699492365121841,0.9166817665100098,0.039984364062547684,0.6561892628669739,0.6380736827850342
0.7908210158348083,1.9688868522644043,1.1813832521438599,0.3068539798259735,0.07357580959796906,-0.3569734990596771,1.9913432598114014
0.6153036952018738,-0.3975498080253601,-2.325136423110962,10.22807502746582,3.6141275359113934e-06,1.9448199272155762,1.1547163724899292
-0.12677934765815735,-0.5043598413467407,0.8067942261695862,0.44628646969795227,0.06400004029273987,0.9201126098632812,1.273189663887024
0.2752264142036438,-0.13287097215652466,-0.19366605579853058,1.2136908769607544,0.029709869995713234,1.1125547885894775,1.687769889831543
-1.729415774345398,2.512025833129883,0.20873187482357025,0.8116128444671631,0.04441411420702934,-0.7271213531494141,-0.1445610225200653
0.6715098023414612,0.32059264183044434,-0.34553882479667664,1.4127509593963623,0.024347256869077682,1.0903239250183105,1.7561475038528442
0.6174900531768799,0.7103780508041382,-0.3638828992843628,1.4389057159423828,0.023718716576695442,0.9020059704780579,2.113375186920166
2.2325918674468994,4.268974304199219,-0.7556256651878357,2.1289432048797607,0.011896294541656971,-0.21613210439682007,0.06998366117477417
-0.6205187439918518,0.7257310152053833,0.4867516756057739,0.6146196126937866,0.0540846586227417,0.8094764351844788,2.0631513595581055
-0.5814864039421082,1.3428798913955688,0.3649695813655853,0.6942178010940552,0.04994649812579155,0.29537010192871094,2.294600486755371
-0.6438483595848083,1.1094945669174194,-0.6011009216308594,1.82412588596344,0.016135862097144127,0.6275267601013184,2.281968116760254
-1.0388187170028687,2.2279868125915527,-1.0138012170791626,2.7560575008392334,0.006354178301990032,-0.3352891802787781,1.8197801113128662
1.5648038387298584,1.3035889863967896,-1.4833394289016724,4.407639980316162,0.0012183899525552988,0.704802930355072,0.5028609037399292
-0.8061062693595886,1.043626070022583,1.6335982084274292,0.19522584974765778,0.08226488530635834,0.5226123929023743,1.8895823955535889
-1.5220472812652588,2.9888925552368164,-1.382896900177002,3.986433267593384,0.0018565815407782793,-0.5897206664085388,1.1161340475082397
1.8047162294387817,2.8794400691986084,-0.9378233551979065,2.554415225982666,0.007773767225444317,-0.7103928327560425,-0.029722481966018677
0.4965863525867462,-0.8298490047454834,0.24231739342212677,0.784807026386261,0.04562077298760414,0.7534679174423218,0.606684684753418
-0.11696015298366547,0.9917073249816895,-1.7179147005081177,5.572895050048828,0.00037994649028405547,1.1045511960983276,2.8712899684906006
-0.459732323884964,1.5572830438613892,2.873763084411621,0.056485965847969055,0.09450797736644745,0.019161468371748924,2.3606271743774414
-0.3164706528186798,-0.8027361035346985,0.9069992303848267,0.40373390913009644,0.06678217649459839,0.7351147532463074,0.7655534148216248
-0.20340482890605927,-1.061223030090332,-0.9891968965530396,2.6890740394592285,0.006794382818043232,0.7567121982574463,0.5839149951934814
0.277192085981369,0.27589356899261475,1.3767145872116089,0.25240644812583923,0.07769288867712021,0.9874228239059448,2.0306506156921387
-0.5925624370574951,0.7069460153579712,-0.1441306620836258,1.1550350189208984,0.03150464966893196,0.8758525252342224,2.1234092712402344
0.22662469744682312,-1.8540141582489014,-1.7298941612243652,5.64005708694458,0.0003552665584720671,0.2845590114593506,-0.6246386766433716
0.9209848046302795,1.72960364818573,0.84364914894104,0.4301380217075348,0.0650419369339943,-0.1151268407702446,1.7644034624099731
0.9775611758232117,2.3364932537078857,-1.5565094947814941,4.742239475250244,0.0008719097822904587,-0.2188156545162201,2.1637935638427734
0.1648823767900467,0.7610108256340027,0.09453388303518295,0.9097968935966492,0.04026059806346893,0.8151189684867859,2.4608216285705566
-0.6994650959968567,0.9033937454223633,0.14915874600410461,0.8614323735237122,0.04225564002990723,0.7050912380218506,2.0613529682159424
0.24173474311828613,1.837112545967102,-1.5539963245391846,4.7303361892700195,0.0008823504904285073,0.20985430479049683,2.9869937896728516
1.766255497932434,1.90822172164917,1.482505202293396,0.22706812620162964,0.07968664914369583,-0.30835196375846863,-0.518098771572113
1.0594274997711182,0.9961436986923218,1.5390831232070923,0.21457774937152863,0.08068820834159851,0.5650010108947754,1.4059202671051025
-0.5195910930633545,-1.6791998147964478,-0.8617156147956848,2.367218494415283,0.009374110028147697,0.12853054702281952,-0.8210417032241821
1.566370964050293,1.7959978580474854,0.3171704411506653,0.7282066345214844,0.04827740043401718,-0.1504821479320526,0.1913999319076538
-0.3573504090309143,-0.06874646246433258,1.3520210981369019,0.2587168514728546,0.0772041529417038,1.0235095024108887,1.6545149087905884
-0.8271751999855042,0.2900138795375824,0.9977192878723145,0.3687194287776947,0.06916194409132004,0.995111882686615,1.442224144935608
0.02815662883222103,0.8072906732559204,-0.20118586719036102,1.2228519916534424,0.029438937082886696,0.8137434124946594,2.5329277515411377
1.0204848051071167,0.9546745419502258,-0.4197298586368561,1.5215504169464111,0.021837305277585983,0.7300294637680054,1.579938530921936
0.9863262176513672,1.0192008018493652,-0.6306935548782349,1.8789132833480835,0.015275602228939533,0.7119381427764893,1.6995470523834229
0.6045042872428894,-0.09783834218978882,0.44743162393569946,0.6392679214477539,0.052767861634492874,1.059144377708435,1.4072811603546143
1.7941133975982666,3.0489680767059326,-0.13655687868595123,1.146320104598999,0.031780410557985306,-0.8810814023017883,0.05819271504878998
0.45177966356277466,0.00609220564365387,1.1531339883804321,0.3156459927558899,0.07293175160884857,1.0315461158752441,1.6574229001998901
0.9508583545684814,-0.9602238535881042,-1.3802528381347656,3.9759068489074707,0.0018762279069051147,0.9709272980690002,-0.0389477014541626
1.0993223190307617,-0.3035702705383301,0.1793256551027298,0.8358336687088013,0.04335129261016846,1.0378587245941162,0.34829890727996826
0.8857517838478088,1.4412119388580322,0.025499794632196426,0.9748225808143616,0.03772592917084694,0.22670426964759827,1.880711555480957
-1.2246692180633545,1.1126666069030762,-0.828540027141571,2.289973020553589,0.010126919485628605,0.6712687611579895,1.2347805500030518
-1.3579951524734497,0.7585016489028931,-0.43254774808883667,1.5411790609359741,0.021412847563624382,0.8799853324890137,0.6848511695861816
-1.4230940341949463,2.0169291496276855,-0.39268168807029724,1.4809468984603882,0.022742222994565964,-0.28338542580604553,0.7118663787841797
1.3262922763824463,1.2050801515579224,-2.3795278072357178,10.79980182647705,2.0403545022418257e-06,1.4375983476638794,1.437171220779419
-0.09230519086122513,2.1067416667938232,1.2958515882492065,0.2736647129058838,0.07605870068073273,-0.4832875728607178,2.6306376457214355
-1.2146224975585938,1.0196523666381836,-1.0541739463806152,2.8696036338806152,0.005672140512615442,0.81062251329422,1.2690447568893433
1.145492434501648,0.850567102432251,0.34282979369163513,0.709758996963501,0.04917626827955246,0.7305328845977783,1.2044719457626343
0.7201162576675415,-0.8045517206192017,-0.5325090885162354,1.7032004594802856,0.018209978938102722,0.8637543320655823,0.43700170516967773
-0.8647055625915527,1.6401898860931396,1.1347854137420654,0.3214910924434662,0.07250671088695526,-0.03718877211213112,1.8526666164398193
-0.9408637881278992,1.0614110231399536,-1.784871220588684,5.958812713623047,0.00025829768856056035,1.0835219621658325,2.0597987174987793
-0.5071853995323181,1.2105900049209595,1.1974709033966064,0.3019569218158722,0.07393699139356613,0.3826630115509033,2.3240129947662354
-0.26819634437561035,0.662436842918396,-0.008864871226251125,1.0089043378829956,0.03646182268857956,0.8893862962722778,2.366528272628784
-0.5634365677833557,0.12886326014995575,0.7621940970420837,0.46664145588874817,0.0627104863524437,1.0383727550506592,1.6710160970687866
-0.7269479632377625,0.8684738278388977,0.4577438533306122,0.6327095031738281,0.05311506986618042,0.7092632055282593,1.9898850917816162
-0.3794328272342682,0.18239165842533112,0.4746238887310028,0.6221190094947815,0.053680576384067535,1.0456246137619019,1.9022197723388672
1.2730121612548828,2.5595297813415527,-1.1955270767211914,3.3052995204925537,0.003668821882456541,-0.5048004388809204,1.455330491065979
1.5281625986099243,1.6640923023223877,0.5506260395050049,0.5765887498855591,0.056181155145168304,-0.035501815378665924,0.291739284992218
0.5911775231361389,0.7407169342041016,-0.11645534634590149,1.1235073804855347,0.03251374140381813,0.8503357172012329,2.1421995162963867
0.2796534597873688,-0.17524239420890808,0.22998230159282684,0.7945476770401001,0.04517855495214462,1.0641390085220337,1.6199026107788086
-1.2762150764465332,2.004485607147217,0.01981675811111927,0.9803783297538757,0.037516914308071136,-0.3221835494041443,1.0584185123443604
0.16011962294578552,-0.07815425097942352,1.9285848140716553,0.145353764295578,0.08647163212299347,1.0114829540252686,1.7400907278060913
-0.5308459401130676,1.084059476852417,1.0880681276321411,0.3368666470050812,0.07140040397644043,0.501430869102478,2.280395030975342
0.47009795904159546,0.9460721015930176,0.2488844245672226,0.7796700596809387,0.045855727046728134,0.6628406047821045,2.3393871784210205
-1.052807092666626,-0.9814982414245605,1.601288080215454,0.20163662731647491,0.08173918724060059,0.575941264629364,-0.5486153364181519
-0.25321194529533386,2.1989505290985107,-1.0654481649398804,2.902139186859131,0.005490564275532961,-0.2974384129047394,2.841747283935547
1.3949167728424072,3.5924081802368164,-0.9217377305030823,2.5136547088623047,0.008097177371382713,-0.6487265825271606,2.0424106121063232
-0.5142703056335449,-0.577100396156311,-0.47046342492103577,1.6007359027862549,0.020174799486994743,0.9981217384338379,0.9986768364906311
-0.2803856134414673,-1.2117996215820312,-0.33641114830970764,1.3999145030975342,0.024661805480718613,0.4913265109062195,0.1810760498046875
1.8368275165557861,3.0938620567321777,-0.9974538683891296,2.711369514465332,0.006644574459642172,-0.7277241349220276,0.0547327995300293
-0.7589125633239746,0.06622481346130371,0.5095873475074768,0.6007434129714966,0.05484037846326828,1.057882308959961,1.3600914478302002
0.4691597819328308,0.3450275659561157,-1.0347281694412231,2.8143410682678223,0.005994420498609543,1.2225003242492676,2.064854383468628
0.08896496146917343,0.47121497988700867,-0.25490039587020874,1.2903330326080322,0.027517911046743393,1.0200506448745728,2.315056085586548
-1.6045993566513062,3.4872589111328125,0.9048507809638977,0.4046022593975067,0.06672421842813492,-0.9003896713256836,1.126725673675537
-0.41787436604499817,-0.5560197830200195,0.07231652736663818,0.9302363991737366,0.03944604471325874,0.942386269569397,1.0775465965270996
-0.4894501268863678,1.0625879764556885,-0.1900932937860489,1.2093623876571655,0.029838746413588524,0.6075490713119507,2.3934383392333984
-1.7786601781845093,2.332803726196289,-0.17422418296337128,1.1903223991394043,0.03041232004761696,-0.5713428258895874,-0.3720526695251465
-0.07240834087133408,0.9770494699478149,0.664868950843811,0.5143409371376038,0.05978945642709732,0.6109046339988708,2.543628454208374
-0.2594659626483917,2.378375768661499,-1.0305038690567017,2.8024775981903076,0.006065958645194769,-0.4423683285713196,2.8829538822174072
-1.19179368019104,3.4683518409729004,0.4946306347846985,0.6097961068153381,0.05434616655111313,-0.8861079216003418,2.2718870639801025
0.8778379559516907,0.7616655826568604,-0.028650395572185516,1.0290647745132446,0.03573409840464592,0.8265939950942993,1.7260562181472778
-0.047576870769262314,1.1159782409667969,-0.20431436598300934,1.2266837358474731,0.02932634949684143,0.5619672536849976,2.64613676071167
-1.5067014694213867,2.5116138458251953,2.42859148979187,0.0881609171628952,0.09156135469675064,-0.7992238998413086,0.5204604864120483
-0.02969076856970787,-1.171962022781372,2.039339780807495,0.1301145851612091,0.08779948204755783,0.4013558626174927,0.21397137641906738
-0.4608290195465088,1.7167088985443115,-0.08993899822235107,1.0941075086593628,0.0334838330745697,-0.035984620451927185,2.467808246612549
-0.7999326586723328,-0.45438820123672485,-2.505891799926758,12.25448226928711,4.763717242894927e-07,2.1239778995513916,0.7565767765045166
0.9030640721321106,0.5816934704780579,-0.07275743037462234,1.0754696130752563,0.03411375358700752,0.9430803656578064,1.574958086013794
0.8807379603385925,-1.068284034729004,0.9241124391555786,0.3968835175037384,0.06724123656749725,0.5213171243667603,-0.3482205867767334
-0.9528809785842896,0.31028223037719727,-1.1193938255310059,3.0629968643188477,0.004674739204347134,1.258547067642212,1.3539342880249023
0.7499700784683228,2.93237042427063,-0.4149393141269684,1.5142788887023926,0.021996675059199333,-0.8267648220062256,2.6339292526245117
1.648134469985962,2.499296188354492,-0.1777430921792984,1.1945184469223022,0.030284976586699486,-0.6812703609466553,0.15271015465259552
-1.2482324838638306,1.0662107467651367,-0.5512998104095459,1.7355073690414429,0.01763107255101204,0.6569954752922058,1.1187115907669067
0.3130545914173126,1.2923450469970703,0.3910200893878937,0.6763665676116943,0.05084611102938652,0.34250354766845703,2.528895854949951
1.362742304801941,1.1248908042907715,-0.688358724117279,1.9904459714889526,0.01366344653069973,0.6303196549415588,0.8571338653564453
-0.7296879887580872,1.8999319076538086,0.6704986691474915,0.5114534497261047,0.05996234342455864,-0.27207979559898376,2.096954822540283
0.2262350618839264,0.03171592205762863,-1.8415822982788086,6.306509017944336,0.00018243910744786263,1.630147933959961,1.9787728786468506
0.1271117925643921,-1.5008447170257568,1.0077121257781982,0.3650532364845276,0.06941597163677216,0.10639989376068115,-0.41321122646331787
-1.11027193069458,0.8023957014083862,0.9718788266181946,0.3783714771270752,0.06849759817123413,0.7328233122825623,1.2363176345825195
0.693042516708374,1.4821808338165283,-1.71951162815094,5.581801891326904,0.0003765774017665535,0.6466797590255737,2.60441255569458
0.10034443438053131,0.17195367813110352,-3.0023903846740723,20.13360595703125,1.803374949371772e-10,2.998612880706787,1.304377794265747
0.6828323006629944,-0.7540323734283447,-0.11964362859725952,1.127095103263855,0.032397300004959106,0.8416438102722168,0.5249221324920654
-0.7883488535881042,0.1736406683921814,-0.9165909290313721,2.5007505416870117,0.008202341385185719,1.2350373268127441,1.4962735176086426
-1.204964518547058,1.849779725074768,1.1272680759429932,0.3239169716835022,0.0723310261964798,-0.242986798286438,1.1546227931976318
-0.1047367975115776,-0.7842439413070679,-0.2607477307319641,1.2979001998901367,0.027310466393828392,0.8377124667167664,0.9475277066230774
-1.2467018365859985,2.403937578201294,0.7016956210136414,0.495743989944458,0.06091175600886345,-0.6904733180999756,1.2109153270721436
-1.8510870933532715,2.025453805923462,-0.9088654518127441,2.4815056324005127,0.008361723273992538,-0.19100406765937805,-0.5909493565559387
0.39926591515541077,0.57279372215271,1.649227261543274,0.19219836592674255,0.08251431584358215,0.8596099019050598,2.1675660610198975
0.013677437789738178,-0.2216985523700714,-1.2204927206039429,3.388857126235962,0.003374722320586443,1.3144111633300781,1.7454216480255127
-0.33808204531669617,-1.019044041633606,0.3485463261604309,0.7057132124900818,0.04937563091516495,0.5947515964508057,0.4257408380508423
-0.4698069393634796,-0.9681406617164612,-0.8764108419418335,2.4022622108459473,0.009051295928657055,0.8070585131645203,0.533355712890625
-1.2178643941879272,1.761864423751831,0.23615209758281708,0.7896605730056763,0.04539988562464714,-0.11094161123037338,1.1669262647628784
0.4334506094455719,-0.21499036252498627,1.6581885814666748,0.1904837191104889,0.08265592157840729,0.996026873588562,1.43303382396698
-0.7658925652503967,0.18723064661026,0.9074850082397461,0.4035378396511078,0.06679527461528778,1.0228773355484009,1.4520195722579956
-1.0922143459320068,2.8935866355895996,-0.4664522111415863,1.5943278074264526,0.020304497331380844,-0.809971034526825,1.9761812686920166
-1.287426233291626,1.9481778144836426,0.7125357985496521,0.4903990626335144,0.06123819202184677,-0.3194475769996643,0.9747949838638306
-0.4044966995716095,1.5915889739990234,0.7577881217002869,0.4687019884586334,0.06258140504360199,0.026079049333930016,2.452089786529541
0.5908771753311157,2.062134265899658,2.0653083324432373,0.1267791986465454,0.08809281885623932,-0.45912808179855347,2.26595401763916
0.6809964776039124,0.9463142156600952,0.6787396669387817,0.5072559118270874,0.0602145679295063,0.6354027986526489,2.074247360229492
0.7220447659492493,0.2635592818260193,1.4214253425598145,0.24136973917484283,0.07855511456727982,0.9896057844161987,1.5749363899230957
-1.0055017471313477,2.1476962566375732,-0.8097913861274719,2.24743914604187,0.010566947981715202,-0.3206843137741089,1.8213906288146973
-0.6063981652259827,0.37838149070739746,0.37740573287010193,0.6856378316879272,0.050376880913972855,0.9978275299072266,1.8496893644332886
-0.08222335577011108,0.9806808233261108,0.8105176687240601,0.4446278214454651,0.064106285572052,0.600919783115387,2.5372674465179443
-0.3866966664791107,0.26840856671333313,0.17075215280056,0.8430305123329163,0.04304041713476181,1.048497200012207,1.9846227169036865
0.9802806973457336,-0.6559288501739502,1.6298080682754517,0.1959671825170517,0.0822039246559143,0.8120784759521484,0.10546278953552246
0.7208548188209534,0.33843994140625,0.20917873084545135,0.8112502098083496,0.04443022608757019,1.0243988037109375,1.6722233295440674
1.2173269987106323,0.932123601436615,0.4725792109966278,0.6233923435211182,0.05361226201057434,0.658469557762146,1.06070876121521
1.7839747667312622,3.979557752609253,0.11486691981554031,0.891484797000885,0.04100464656949043,-0.5798282623291016,1.248270869255066
0.9928255081176758,1.1022725105285645,0.299752414226532,0.7410016655921936,0.047663621604442596,0.5256698131561279,1.6172268390655518
-0.2602551579475403,0.6236496567726135,-1.0229071378707886,2.78126859664917,0.006195985712110996,1.0898792743682861,2.4424686431884766
0.20252996683120728,1.2039114236831665,-0.6149164438247681,1.8495020866394043,0.01573154702782631,0.5436595678329468,2.6800408363342285
-0.9444257020950317,0.567663311958313,-1.378666639328003,3.9696052074432373,0.0018880885327234864,1.2401201725006104,1.6215447187423706
-1.2499239444732666,1.7922886610031128,1.4224205017089844,0.24112965166568756,0.07857397943735123,-0.19557277858257294,1.0325649976730347
-0.09740151464939117,0.4072434902191162,1.7559728622436523,0.17273911833763123,0.08413571119308472,0.9354900121688843,2.1991090774536133
-0.053319696336984634,1.465519666671753,-1.5191285610198975,4.56824254989624,0.0010376179125159979,0.5619065761566162,2.995476722717285
-1.1515313386917114,1.8486037254333496,-0.8939715623855591,2.4448201656341553,0.008674172684550285,-0.02976575493812561,1.4927802085876465
0.6092798709869385,1.614548921585083,-1.3070714473724365,3.695335865020752,0.002483910880982876,0.3257949650287628,2.5633859634399414
1.241410732269287,2.230454444885254,-1.4523289203643799,4.273054599761963,0.0013939139898866415,-0.1855412721633911,1.5048742294311523
1.0275700092315674,0.607768714427948,-1.0341907739639282,2.81282901763916,0.00600349111482501,1.1022071838378906,1.4440569877624512
-1.6458154916763306,2.2176830768585205,0.733110785484314,0.48041221499443054,0.0618528351187706,-0.5546638369560242,-0.019595354795455933
-0.2827894687652588,-0.8867734670639038,0.06199723482131958,0.9398854970932007,0.039067257195711136,0.7259045243263245,0.6963058710098267
0.2668561637401581,-0.6852405667304993,-0.15364424884319305,1.1660759449005127,0.031158724799752235,0.890874445438385,1.0206835269927979
-1.0820388793945312,1.2250635623931885,-0.13549239933490753,1.145100474357605,0.03181919455528259,0.453396201133728,1.4917703866958618
0.8283937573432922,0.4776645600795746,1.0381250381469727,0.3541180193424225,0.07017920911312103,0.9234827160835266,1.5866734981536865
-0.10353060811758041,2.0609331130981445,-1.2833490371704102,3.6087052822113037,0.0027086895424872637,-0.10987603664398193,2.9405558109283447
1.5336648225784302,1.2832410335540771,0.9690986275672913,0.3794248700141907,0.0684254840016365,0.32155123353004456,0.2448117733001709
-0.30849337577819824,-0.3244773745536804,0.6198476552963257,0.5380263924598694,0.058389950543642044,1.0016201734542847,1.4209954738616943
-0.05157717689871788,-0.19804714620113373,0.04350750148296356,0.9574253559112549,0.03838799521327019,1.076195240020752,1.6787141561508179
0.20873643457889557,-0.6732711791992188,-0.5371498465538025,1.711122989654541,0.018066279590129852,0.9528984427452087,1.098092794418335
-0.911461591720581,-0.7571254372596741,-0.4247993230819702,1.5292835235595703,0.021669086068868637,0.8797417283058167,0.18245184421539307
-2.7275540828704834,5.743320465087891,0.6328252553939819,0.531089186668396,0.05879642441868782,0.9108871221542358,0.09208893775939941
-0.41473034024238586,0.7868773341178894,-1.3632559776306152,3.9088997840881348,0.002006256254389882,1.0969500541687012,2.5046937465667725
0.9372822046279907,2.612501621246338,2.172778844833374,0.11386077105998993,0.08923821896314621,-0.8518801331520081,1.9775047302246094
0.12006738036870956,-0.8888282179832458,-1.1434378623962402,3.1375362873077393,0.0043389564380049706,0.9440758228302002,0.9067014455795288
1.1903043985366821,0.5320612788200378,0.9242572784423828,0.39682602882385254,0.06724510341882706,0.9014458060264587,0.8972014784812927
-1.4163918495178223,-0.04307365417480469,0.12879908084869385,0.8791505694389343,0.04151353985071182,1.0869874954223633,-0.16487157344818115
-0.8460692167282104,-0.4472270607948303,0.6428279876708984,0.5258033275604248,0.05910803750157356,0.9542301297187805,0.6510622501373291
0.452426940202713,0.48330819606781006,-2.1702237129211426,8.76024341583252,1.5684641766711138e-05,1.7614867687225342,2.2604916095733643
1.4956520795822144,2.086893081665039,0.24155020713806152,0.7854093909263611,0.045593298971652985,-0.41494810581207275,0.4457361102104187
1.963499903678894,4.020846366882324,0.5158318877220154,0.5970037579536438,0.055045850574970245,-0.5780258178710938,0.6176281571388245
-0.18731474876403809,0.26060232520103455,0.6374164819717407,0.5286564826965332,0.058939628303050995,1.0191006660461426,2.075416088104248
1.1220297813415527,2.061737060546875,1.3085192441940308,0.2702198922634125,0.07632116973400116,-0.4444337487220764,1.3699285984039307
0.7237265110015869,0.09261995553970337,0.0031551970168948174,0.996849775314331,0.03690401837229729,1.0953987836837769,1.4572699069976807
1.3646537065505981,2.0479133129119873,1.080704689025879,0.33935630321502686,0.07122286409139633,-0.42528441548347473,0.77051842212677
-0.47617825865745544,0.86423659324646,1.1537877321243286,0.31543970108032227,0.07294680178165436,0.68076491355896,2.264219045639038
0.24947483837604523,1.3634729385375977,-0.8644005656242371,2.3735828399658203,0.009314639493823051,0.44319963455200195,2.7300238609313965
0.11388681828975677,-0.2350185662508011,-0.3473677635192871,1.415337085723877,0.024284373968839645,1.1140437126159668,1.6492058038711548
0.09501394629478455,0.8685664534568787,-0.489313542842865,1.6311960220336914,0.019569536671042442,0.8090412020683289,2.582973003387451
0.5902432799339294,0.38000234961509705,0.8403136730194092,0.43157511949539185,0.06494852900505066,0.9718213081359863,1.8554208278656006
-0.14000339806079865,-1.6009474992752075,-1.0009676218032837,2.7209134101867676,0.006581461522728205,0.24194473028182983,-0.38097894191741943
-0.6352221369743347,0.7579349875450134,-1.3082013130187988,3.6995134353637695,0.0024735559709370136,1.0962084531784058,2.243906021118164
-0.014539945870637894,2.3128204345703125,-0.584896981716156,1.7948061227798462,0.016615966334939003,-0.4963006377220154,2.8362951278686523
-1.6236937046051025,2.459200859069824,-1.102043867111206,3.01031231880188,0.0049276286736130714,-0.47503530979156494,0.36543765664100647
-0.6027371883392334,0.355047345161438,0.9647642374038696,0.3810730278491974,0.06831280142068863,0.9757373332977295,1.8175382614135742
-0.6911672353744507,1.4319329261779785,0.6091035604476929,0.5438381433486938,0.05805158615112305,0.1928013563156128,2.1441452503204346
0.7299253940582275,-0.3520982265472412,0.5069716572761536,0.6023168563842773,0.05475416034460068,0.9988828897476196,0.954478919506073
0.18035483360290527,1.2747085094451904,1.7952368259429932,0.16608811914920807,0.0846971645951271,0.3083893060684204,2.5421202182769775
0.5291354656219482,-0.9919670820236206,-0.931065559387207,2.5372114181518555,0.007908662781119347,0.8007653951644897,0.445906400680542
0.8820070028305054,-1.644065499305725,0.09192847460508347,0.91217041015625,0.04016515240073204,0.01801341027021408,-1.4047958850860596
0.24400849640369415,0.8055350184440613,2.732106924057007,0.06508202105760574,0.09369906038045883,0.6992337107658386,2.385239601135254
0.519220769405365,-0.6554298996925354,-0.3791855275630951,1.4610941410064697,0.023198232054710388,0.9388954043388367,0.8816169500350952
1.363102912902832,1.6874356269836426,0.1088809221982956,0.8968372344970703,0.040785759687423706,-0.02669128030538559,0.8018664717674255
-0.1410452425479889,1.6525144577026367,-1.3049023151397705,3.687328815460205,0.00250387960113585,0.28710564970970154,2.915795087814331
0.24331368505954742,0.4220476448535919,-1.7577569484710693,5.79941463470459,0.00030293274903669953,1.4921934604644775,2.3597583770751953
1.0492241382598877,1.423642873764038,0.2211470752954483,0.8015987873077393,0.044861115515232086,0.22678282856941223,1.5466094017028809
-0.26616621017456055,0.13236300647258759,-2.2392024993896484,9.385843276977539,8.390349648834672e-06,1.9298371076583862,1.9977527856826782
-1.5312455892562866,2.2787532806396484,0.8023654222488403,0.4482673704624176,0.06387338787317276,-0.6054562926292419,0.3628638684749603
0.05799446627497673,0.0622062161564827,-1.1432011127471924,3.136793613433838,0.004342180211097002,1.3117451667785645,2.0254669189453125
0.6518800854682922,0.8784126043319702,-3.4252889156341553,30.731521606445312,4.502666211343882e-15,3.7115259170532227,0.9138891100883484
-1.4280073642730713,2.3464694023132324,-1.0758352279663086,2.932441234588623,0.005326684098690748,-0.4069526791572571,0.9114375114440918
-0.6702204346656799,0.7274377346038818,0.2771115005016327,0.7579699754714966,0.0468616746366024,0.8226776719093323,2.0101144313812256
0.2406269758939743,-0.009871531277894974,0.6822157502174377,0.5054957270622253,0.060320645570755005,1.0505008697509766,1.7980806827545166
-2.4182069301605225,5.229259490966797,-1.6141737699508667,5.023735523223877,0.0006579901091754436,0.9965354204177856,1.2211284637451172
-0.36827588081359863,0.01957397162914276,0.7889499068260193,0.45432162284851074,0.06348785012960434,1.0452406406402588,1.7469775676727295
-1.7864512205123901,3.0339646339416504,0.3642207682132721,0.6947377920150757,0.04992053285241127,-0.9247398972511292,0.0428466796875
0.5188679099082947,-3.202056884765625,0.8434288501739502,0.43023279309272766,0.06503576785326004,-0.9551492929458618,-3.289794921875
-0.3012652099132538,0.6252692341804504,-0.08424274623394012,1.0878928899765015,0.03369256854057312,0.9195948243141174,2.3292970657348633
0.19754277169704437,0.2690266966819763,-0.8423658013343811,2.3218536376953125,0.009809158742427826,1.1962153911590576,2.160616397857666
1.6454730033874512,2.4737589359283447,0.3159681558609009,0.7290827035903931,0.048235125839710236,-0.7122567892074585,0.11147059500217438
0.2618708908557892,-0.4223457872867584,-0.611162006855011,1.8425712585449219,0.015840958803892136,1.0963870286941528,1.398514986038208
1.1585248708724976,0.285190224647522,0.42692530155181885,0.6525123119354248,0.052073586732149124,1.0248594284057617,0.7962960004806519
0.71418297290802,0.09544417262077332,-0.6048423647880554,1.8309636116027832,0.016025906428694725,1.1785449981689453,1.5093092918395996
2.39829158782959,6.150398254394531,-1.5549378395080566,4.734792232513428,0.0008784273522906005,1.4646759033203125,2.392969846725464
-1.158686876296997,1.3172178268432617,0.6178263425827026,0.5391150116920471,0.05832642316818237,0.30478113889694214,1.2730464935302734
-1.5917742252349854,3.691222667694092,-0.19209107756614685,1.2117809057235718,0.029766669496893883,-0.731539785861969,1.489018201828003
-0.6569859385490417,2.1253724098205566,-0.1863987147808075,1.2049025297164917,0.029972121119499207,-0.40609270334243774,2.2982699871063232
-0.5107339024543762,-0.7239400148391724,-1.3508541584014893,3.8607218265533447,0.002105279825627804,1.135274052619934,0.921858549118042
-0.7590041756629944,-1.401790738105774,-0.762060284614563,2.142686128616333,0.011733923107385635,0.3824707865715027,-0.6047331094741821
0.10731122642755508,0.7208874225616455,0.7595922350883484,0.46785715222358704,0.06263430416584015,0.798005998134613,2.4233763217926025
0.9589636325836182,1.2607245445251465,0.8164350986480713,0.44200456142425537,0.06427466869354248,0.3493274450302124,1.681314468383789
1.0182623863220215,-0.26224350929260254,1.4742106199264526,0.22895939648151398,0.0795360803604126,0.9887067079544067,0.5330524444580078
2.1707067489624023,5.964877128601074,-1.0137420892715454,2.755894660949707,0.006355213467031717,1.2253557443618774,3.1938154697418213
-1.1578710079193115,0.7786029577255249,1.4544378519058228,0.23353160917758942,0.0791732519865036,0.7352485060691833,1.1055766344070435
-0.7364860773086548,0.9238967895507812,0.0774097666144371,0.9255105257034302,0.03963290527462959,0.6952663064002991,2.021289587020874
-0.26029419898986816,-1.022104263305664,-0.057825472205877304,1.0595300197601318,0.03466186672449112,0.627524733543396,0.4966849088668823
1.1751797199249268,2.291524887084961,-0.08446330577135086,1.0881328582763672,0.03368448466062546,-0.5511189699172974,1.3862693309783936
-1.064505696296692,2.831359624862671,0.5243596434593201,0.591934323310852,0.05532560870051384,-0.8930690288543701,1.9176573753356934
0.26355960965156555,0.3711276352405548,-0.8623065948486328,2.3686177730560303,0.00936100259423256,1.16878080368042,2.2218942642211914
0.1492459923028946,-1.2479352951049805,-0.6965497732162476,2.006816864013672,0.01344158686697483,0.5179627537727356,0.22481119632720947
-0.8842756152153015,1.1059596538543701,0.8005532622337341,0.4490804374217987,0.06382147967815399,0.4931848645210266,1.7954139709472656
0.1994948536157608,1.2275415658950806,-0.576824426651001,1.7803757190704346,0.016857478767633438,0.5145913362503052,2.6797804832458496
0.9005782008171082,-0.2699928283691406,0.8404954671859741,0.43149667978286743,0.06495362520217896,1.0069224834442139,0.7620482444763184
0.6411952376365662,-0.04742872714996338,-1.8772145509719849,6.535275936126709,0.00014513284259010106,1.6524031162261963,1.538111925125122
0.43046805262565613,-0.31737226247787476,-1.0201947689056396,2.7737350463867188,0.006242839619517326,1.2274322509765625,1.4389328956604004
-0.7166601419448853,1.7095412015914917,-0.8667296767234802,2.379117727279663,0.009263226762413979,0.09961161017417908,2.2953433990478516
-0.28224265575408936,1.614739179611206,-1.2450892925262451,3.4732449054718018,0.0031016222201287746,0.3033957779407501,2.833836078643799
0.36823397874832153,-0.11013631522655487,-0.19830505549907684,1.219334363937378,0.029542675241827965,1.1158745288848877,1.6521265506744385
0.9352460503578186,0.6145116090774536,0.36026573181152344,0.697490930557251,0.04978328198194504,0.8868042230606079,1.513643741607666
0.9055014252662659,-1.6560441255569458,0.6073349714279175,0.544800877571106,0.05799572542309761,-0.03066449984908104,-1.5083179473876953
-0.4107011556625366,1.1512491703033447,0.5124912261962891,0.5990014672279358,0.054935991764068604,0.4672470688819885,2.431495189666748
0.632557213306427,-1.608940839767456,-0.6735387444496155,1.9611650705337524,0.01406944077461958,0.1579812467098236,-0.8518434762954712
-0.2938023507595062,-2.969698667526245,0.6344077587127686,0.5302494168281555,0.05884581804275513,-0.9322376251220703,-2.8607051372528076
-0.4053923487663269,0.6620340943336487,-0.8545836806297302,2.350395679473877,0.009533142670989037,1.0237829685211182,2.3517274856567383
0.751388669013977,0.9707489013671875,-0.9739879369735718,2.6484854221343994,0.0070758298970758915,0.8295301198959351,2.1437530517578125
-0.3152070939540863,0.8971867561340332,-1.6907330751419067,5.423455238342285,0.0004411876143421978,1.1661567687988281,2.7170755863189697
0.17846456170082092,-0.11137203127145767,-1.0652762651443481,2.9016404151916504,0.005493303295224905,1.2839686870574951,1.815909504890442
1.5652621984481812,1.4185229539871216,-0.5131663680076599,1.6705725193023682,0.018813932314515114,0.3187428414821625,0.2816730737686157
-1.3703290224075317,2.074045419692993,-0.6245997548103333,1.8674983978271484,0.015450969338417053,-0.2955245077610016,0.9048827886581421
-1.437685489654541,1.7308595180511475,-0.33671343326568604,1.4003376960754395,0.02465137094259262,-0.019346818327903748,0.6442705988883972
-0.1553138941526413,0.6836420297622681,-0.8255943059921265,2.2832372188568115,0.010195362381637096,1.0036011934280396,2.5028789043426514
-1.759083867073059,3.510570764541626,-0.33693087100982666,1.4006422758102417,0.02464386448264122,-0.7926321625709534,0.7036875486373901
-0.5521856546401978,0.2284107208251953,-1.1265554428100586,3.0850117206573486,0.00457294937223196,1.2825286388397217,1.8822290897369385
-0.21966172754764557,-1.2159559726715088,-0.13863353431224823,1.1487030982971191,0.03170476853847504,0.4623109698295593,0.18130791187286377
-2.883570671081543,7.374122142791748,1.5556786060333252,0.21104611456394196,0.08097366988658905,0.48275914788246155,0.5200909972190857
0.9823081493377686,1.3003743886947632,0.3862382471561432,0.6796085834503174,0.05068153142929077,0.33509892225265503,1.6630237102508545
0.1366526037454605,0.2860703468322754,1.1467280387878418,0.3176744878292084,0.07278396934270859,0.991127610206604,2.101392984390259
-1.4629244804382324,2.5088553428649902,-0.8305717706680298,2.294630289077759,0.010079865343868732,-0.5769487619400024,0.823187530040741
-0.10168340802192688,0.7274110317230225,1.7760616540908813,0.16930361092090607,0.08442525565624237,0.7638287544250488,2.4052014350891113
-1.0124812126159668,0.928567111492157,0.4229050576686859,0.6551408171653748,0.05193689465522766,0.6644960641860962,1.5187628269195557
-0.849009096622467,1.341785192489624,0.03765059635043144,0.9630493521690369,0.03817271068692207,0.32331952452659607,1.9379560947418213
-1.9133309125900269,3.574981451034546,0.5487920045852661,0.5776472091674805,0.05612172558903694,-0.8497831225395203,0.1614345759153366
-0.6142544746398926,1.063727617263794,2.536381483078003,0.07915229350328445,0.09238992631435394,0.49353212118148804,2.155893564224243
1.0243752002716064,2.288686752319336,1.4597498178482056,0.23229438066482544,0.07927127182483673,-0.6345677971839905,1.6433722972869873
1.307847499847412,1.1807140111923218,1.1300122737884521,0.3230292797088623,0.07239526510238647,0.41256746649742126,0.8685922622680664
0.40880322456359863,-0.39199480414390564,0.9144319295883179,0.4007441997528076,0.06698213517665863,0.9642232060432434,1.2602488994598389
0.8022474646568298,0.7467117309570312,-0.606765866279602,1.834488868713379,0.01596951112151146,0.9173752069473267,1.8969919681549072
-1.043069839477539,2.0029070377349854,-1.2250865697860718,3.404460906982422,0.003322472795844078,-0.07834234833717346,1.8366446495056152
0.6643432378768921,0.8329622745513916,-0.319878488779068,1.3769603967666626,0.025234442204236984,0.8103829026222229,2.1158430576324463
0.34113267064094543,0.595553994178772,-0.5675202012062073,1.7638875246047974,0.017137732356786728,1.004226565361023,2.3227827548980713
-0.5375957489013672,-0.8663122653961182,0.22211094200611115,0.8008265495300293,0.044895775616168976,0.7277234792709351,0.5088423490524292
-0.5168539881706238,2.2235660552978516,-0.04425208643078804,1.0452457666397095,0.03516054153442383,-0.5028644800186157,2.473872661590576
-0.6271637678146362,-1.6653645038604736,-0.027266347780823708,1.0276415348052979,0.035784997045993805,0.008336864411830902,-1.0510023832321167
-0.24904310703277588,0.6328171491622925,-2.498114824295044,12.159549713134766,5.238110816208064e-07,2.0223195552825928,2.470578193664551
0.04055032134056091,-0.6761859059333801,-0.5071579217910767,1.6605650186538696,0.019003158435225487,0.9460218548774719,1.1330842971801758
-0.04575251415371895,1.1813303232192993,0.9980876445770264,0.368583619594574,0.06917133182287216,0.4165528118610382,2.581456184387207
2.913485050201416,9.51541805267334,-0.5730276703834534,1.7736289501190186,0.01697159744799137,-0.8185321092605591,1.2967357635498047
-2.0977375507354736,3.7946715354919434,0.2618168592453003,0.7696519494056702,0.04631742462515831,-0.7172515392303467,-0.2642195224761963
-1.067069172859192,-0.6652995347976685,-1.5103636980056763,4.528377532958984,0.0010798181174322963,1.2395696640014648,0.1417074203491211
-0.6942359209060669,0.4803098440170288,-0.03457651659846306,1.0351812839508057,0.035516198724508286,0.9903699159622192,1.83394455909729
1.6005773544311523,2.3858556747436523,-0.5415440797805786,1.7186585664749146,0.0179306510835886,-0.5559004545211792,0.29613858461380005
-1.3548005819320679,1.2123491764068604,0.007557334844022989,0.9924711585044861,0.037065960466861725,0.4500676393508911,0.8112040758132935
0.11914671212434769,1.8156646490097046,-1.1532878875732422,3.1685938835144043,0.004206269979476929,0.07443082332611084,2.875822067260742
0.8931173086166382,1.044129729270935,-2.061521530151367,7.857916831970215,3.8667854823870584e-05,1.2884461879730225,2.2068746089935303
-0.4538745582103729,-0.5090068578720093,0.36839717626571655,0.6918423175811768,0.050065286457538605,0.9424131512641907,1.092716932296753
0.5617620944976807,0.09759481251239777,0.6463595628738403,0.5239497423171997,0.059217698872089386,1.0476363897323608,1.646510124206543
-1.1894758939743042,2.809619665145874,0.42487406730651855,0.653852105140686,0.05200386792421341,-0.8800159692764282,1.6226658821105957
1.3408660888671875,2.809964656829834,-0.6889446973800659,1.9916126728057861,0.013647516258060932,-0.7463523149490356,1.332984447479248
-0.3343956470489502,0.05672161653637886,-0.8435267806053162,2.3245506286621094,0.009782739914953709,1.2308467626571655,1.887624740600586
0.8809405565261841,0.8403708934783936,-0.06040366366505623,1.0622652769088745,0.03456718847155571,0.7734131217002869,1.7622987031936646
-1.3493638038635254,0.9130337834358215,0.11874158680438995,0.8880372643470764,0.041146256029605865,0.7001514434814453,0.735738217830658
-2.739807367324829,6.577713489532471,-1.2037854194641113,3.3327088356018066,0.0035696278791874647,1.2902101278305054,1.0320557355880737
1.1275520324707031,2.9952495098114014,-0.8083596229553223,2.2442235946655273,0.010600981302559376,-0.7648885250091553,2.031363010406494
-0.12829655408859253,0.3274722099304199,-0.0041462695226073265,1.004154920578003,0.03663541004061699,1.0472739934921265,2.1764047145843506
-0.2785612642765045,-1.292487382888794,-0.4156000316143036,1.5152796506881714,0.021974671632051468,0.42625802755355835,0.04314136505126953
0.08043847978115082,-0.6000092625617981,0.5692145228385925,0.5659698247909546,0.056780923157930374,0.8819273710250854,1.1638741493225098
0.36216288805007935,-0.34351998567581177,-0.07922028750181198,1.0824427604675293,0.0338766984641552,1.0498192310333252,1.3920775651931763
-1.0576287508010864,1.1889585256576538,1.3275120258331299,0.26513609290122986,0.07671014964580536,0.3991401493549347,1.4560654163360596
0.5414331555366516,-0.5148305892944336,-0.1925239861011505,1.2123055458068848,0.02975105680525303,0.9916067123413086,1.0284833908081055
-0.39109644293785095,-0.11064010858535767,-0.8998238444328308,2.459169864654541,0.00855058990418911,1.239802598953247,1.6820868253707886
-1.6934661865234375,3.138258934020996,-1.0386658906936646,2.8254451751708984,0.005928225815296173,-0.7174499034881592,0.6129484176635742
1.5646883249282837,3.0723214149475098,-0.07520768791437149,1.0781080722808838,0.03402386233210564,-0.8897908926010132,0.8465530276298523
2.2028939723968506,5.572225093841553,-2.0289785861968994,7.606313228607178,4.973019167664461e-05,1.5183669328689575,2.718109130859375
-1.8366094827651978,3.770791530609131,0.12800700962543488,0.8798472285270691,0.04148463159799576,-0.7205144762992859,0.7370254993438721
-1.409561038017273,3.6225714683532715,-1.2300338745117188,3.4213454723358154,0.0032668448984622955,-0.5444079637527466,2.1177921295166016
1.3700892925262451,3.8675990104675293,0.3247630298137665,0.7226985692977905,0.04854404926300049,-0.6755618453025818,2.3639402389526367
-1.00259268283844,1.544825792312622,-0.817270040512085,2.264309883117676,0.010390171781182289,0.25239861011505127,1.7893071174621582
-0.5812001824378967,-0.04799753427505493,-0.5960217118263245,1.8148843050003052,0.016285676509141922,1.1803367137908936,1.5388103723526
-0.5163155198097229,0.514873206615448,0.24938440322875977,0.7792803645133972,0.045873600989580154,0.9482831954956055,2.05965518951416
-0.37079399824142456,0.5283094048500061,-0.5834938883781433,1.7922894954681396,0.016657834872603416,1.0428894758224487,2.2545459270477295
0.14853045344352722,1.0078284740447998,-0.8584227561950684,2.359436273574829,0.009447346441447735,0.7696419954299927,2.681600570678711
0.9943910241127014,1.1227694749832153,-0.40980541706085205,1.5065245628356934,0.022167908027768135,0.5838404297828674,1.6849424839019775
-1.9837299585342407,3.4995310306549072,1.8528584241867065,0.15678834915161133,0.08548849821090698,-0.9209422469139099,-0.2354775369167328
-0.9771877527236938,1.9664943218231201,-1.3416481018066406,3.825342893600464,0.0021810955367982388,-0.002918034791946411,2.0086779594421387
-0.5681443810462952,0.9911586046218872,-0.1660958081483841,1.1806862354278564,0.030706793069839478,0.6657894849777222,2.285579204559326
-1.6233866214752197,2.191443920135498,-0.16499552130699158,1.1793878078460693,0.030746692791581154,-0.4636233150959015,0.10839545726776123
-1.0670857429504395,3.337337017059326,1.3550881147384644,0.25792455673217773,0.07726535201072693,-0.9551106691360474,2.3793036937713623
-0.08801817893981934,-1.3563483953475952,0.29930225014686584,0.7413352727890015,0.04764772579073906,0.2869415879249573,-0.08221030235290527
-1.1031711101531982,-0.07658243179321289,-0.8348174095153809,2.3043932914733887,0.009981934912502766,1.227508306503296,0.6480342149734497
-0.1883440762758255,0.4785965383052826,0.4991287887096405,0.6070592999458313,0.054495107382535934,0.9483480453491211,2.25409197807312
-0.981199324131012,1.8141446113586426,-1.5481168031692505,4.702605724334717,0.0009071608074009418,0.22930695116519928,2.0786948204040527
0.504656195640564,1.3134406805038452,0.16388645768165588,0.8488383889198303,0.04279116913676262,0.3394080102443695,2.3907761573791504
0.5179041028022766,-0.030109643936157227,1.1600542068481445,0.31346917152404785,0.07309068739414215,1.0308936834335327,1.5567543506622314
0.5676001310348511,0.09337933361530304,0.4155086576938629,0.6600044965744019,0.051684897392988205,1.0616437196731567,1.6430319547653198
0.7663472890853882,1.3183600902557373,-0.04253598675131798,1.043453574180603,0.03522361069917679,0.3541090786457062,2.0772063732147217
-0.7114217877388,0.6667280793190002,-0.23213616013526917,1.26129150390625,0.0283287912607193,0.9119784235954285,1.9509222507476807
-0.2741471827030182,-0.8693432211875916,-1.322718620300293,3.7536122798919678,0.0023432946763932705,1.020689606666565,0.9079660773277283
-0.5873603820800781,1.1329706907272339,0.029544824734330177,0.9708873629570007,0.03787468001246452,0.5210599303245544,2.2850608825683594
-0.3969607949256897,-0.6468227505683899,0.2725978195667267,0.7613989114761353,0.04670126736164093,0.8741424679756165,0.9615026116371155
0.45666342973709106,0.5741661190986633,0.667505145072937,0.5129868388175964,0.05987047031521797,0.8909441828727722,2.141498565673828
-0.38770660758018494,0.17209729552268982,-0.3882291615009308,1.474367618560791,0.022892344743013382,1.1326645612716675,1.9270646572113037
-1.2407609224319458,1.6152563095092773,1.4802978038787842,0.22756990790367126,0.07964666932821274,-0.021688345819711685,1.050911784172058
-0.4072621464729309,0.8170925974845886,-0.1513439565896988,1.1633967161178589,0.031242316588759422,0.8006837368011475,2.368574380874634
1.3874030113220215,2.230771541595459,-2.0560142993927,7.814760208129883,4.037316102767363e-05,0.1683787703514099,1.4734686613082886
-1.5275624990463257,2.97794771194458,0.23736411333084106,0.7887040376663208,0.0454433336853981,-0.9077696204185486,0.8553353548049927
-0.10886190086603165,0.0053282068111002445,-0.48697200417518616,1.6273810863494873,0.01964433863759041,1.1627238988876343,1.9111719131469727
-0.764173150062561,0.728534996509552,0.36123523116111755,0.6968150734901428,0.04981694370508194,0.8158320784568787,1.8716298341751099
-0.6484199166297913,0.9513218402862549,-0.34589454531669617,1.4132535457611084,0.024335023015737534,0.7219327092170715,2.1914138793945312
0.5593435764312744,0.7720906734466553,-0.049917422235012054,1.0511842966079712,0.03495235741138458,0.8215721845626831,2.1908321380615234
1.4962756633758545,4.226085662841797,0.9318786859512329,0.3938131630420685,0.06744800508022308,-0.42797964811325073,2.5699377059936523
-0.05494648590683937,-0.23036742210388184,-0.48620688915252686,1.6261364221572876,0.019668802618980408,1.136196255683899,1.6734585762023926
-1.3461509943008423,0.08019113540649414,0.7395027279853821,0.47735121846199036,0.06204245612025261,1.0445215702056885,0.13082897663116455
-0.5310722589492798,1.2029087543487549,0.3695366382598877,0.6910544633865356,0.05010474473237991,0.428750604391098,2.33535099029541
0.20738640427589417,0.6157550811767578,-1.1996281147003174,3.318882465362549,0.003619325580075383,1.1482257843017578,2.4847772121429443
-0.2710263133049011,1.004939079284668,1.8529256582260132,0.15677781403064728,0.08548939973115921,0.5518174767494202,2.4520678520202637
0.2760275900363922,0.0015387237071990967,-1.7523443698883057,5.768109321594238,0.00031256614602170885,1.5768097639083862,1.925329327583313
0.8873759508132935,2.112736701965332,-0.7866148352622986,2.1959502696990967,0.01112527959048748,-0.29620426893234253,2.0333468914031982
0.7636987566947937,-0.6624467968940735,1.1549274921417236,0.3150803744792938,0.07297302782535553,0.8199977278709412,0.48280036449432373
-0.7756103873252869,-0.47281426191329956,0.8473688960075378,0.42854100465774536,0.06514588743448257,0.9331443309783936,0.726988673210144
-1.962998628616333,2.490183115005493,1.870150089263916,0.15410053730010986,0.08571858704090118,-0.779819905757904,-1.0700033903121948
0.06177857890725136,0.30840784311294556,0.8594165444374084,0.42340904474258423,0.06548107415437698,0.9951590299606323,2.141293525695801
0.6904811263084412,0.3948460519313812,-0.9306415915489197,2.536135673522949,0.007917175069451332,1.1766693592071533,1.841382622718811
0.8707254528999329,0.4852644205093384,0.6723012328147888,0.5105323791503906,0.06001759693026543,0.9356048703193665,1.530259132385254
0.609163761138916,-1.080194115638733,0.2949507236480713,0.7445682883262634,0.04749392718076706,0.5456140041351318,0.06654083728790283
0.5723423957824707,1.5596898794174194,0.2104421705007553,0.8102259039878845,0.04447575658559799,0.09212881326675415,2.3231236934661865
-0.8576380610466003,2.6499545574188232,-0.6715115308761597,1.9571934938430786,0.014125429093837738,-0.6858413815498352,2.28098726272583
-1.7206836938858032,3.351524591445923,0.5843143463134766,0.557487964630127,0.057264577597379684,-0.9222962856292725,0.5921423435211182
1.3058513402938843,3.97900390625,0.9652988910675049,0.3808693289756775,0.06832671910524368,-0.6313013434410095,2.681226968765259
0.18786944448947906,-0.8822789788246155,-2.634772777557373,13.940144538879395,8.82819932712664e-08,2.029407501220703,0.9790942668914795
0.8369271159172058,0.10118430852890015,0.2936783730983734,0.7455162405967712,0.04744892567396164,1.06943678855896,1.2765417098999023
1.229472041130066,-0.975731372833252,-0.12215561419725418,1.1299299001693726,0.03230559080839157,0.6735555529594421,-0.8640856742858887
0.20097436010837555,0.14166924357414246,1.0503125190734863,0.34982842206954956,0.07048089802265167,1.0249645709991455,1.9534915685653687
1.554184079170227,2.130777359008789,0.6975842118263245,0.49778640270233154,0.06078747659921646,-0.4813914895057678,0.2504291534423828
-1.7181581258773804,3.267589569091797,2.0634357929229736,0.1270168125629425,0.08807189017534256,-0.979371190071106,0.4814993739128113
-1.7230148315429688,2.20054030418396,-1.0072910785675049,2.738173484802246,0.0064688390120863914,-0.31512051820755005,-0.07819169759750366
0.5613048672676086,0.9252966642379761,1.2730239629745483,0.27998366951942444,0.07557960599660873,0.6295960545539856,2.196197032928467
0.30638736486434937,-1.584275722503662,2.3558952808380127,0.09480859339237213,0.09095470607280731,-0.003998128697276115,-0.6862806081771851
0.15652313828468323,-1.0598804950714111,-0.7863227725028992,2.1953089237213135,0.011132416315376759,0.708507239818573,0.5662590265274048
0.6951389908790588,0.011395514011383057,-0.696250319480896,2.006215810775757,0.013449667021632195,1.2005566358566284,1.4603275060653687
-0.012939974665641785,0.7885500192642212,-0.3674761950969696,1.4440853595733643,0.023596178740262985,0.8492830991744995,2.5389113426208496
-0.9096167087554932,2.361689567565918,0.20085617899894714,0.818030059337616,0.04413001239299774,-0.6291786432266235,1.9448325634002686
0.17636756598949432,-0.2698924243450165,1.511669397354126,0.22054150700569153,0.0802084356546402,0.9858537316322327,1.5295308828353882
2.1402785778045654,5.513605117797852,0.06658407300710678,0.9355842471122742,0.03923565894365311,0.8117612600326538,2.657543182373047
0.16859856247901917,-1.608016014099121,-0.3913315534591675,1.4789488315582275,0.022787708789110184,0.11068379878997803,-0.5262432098388672
-0.017702734097838402,1.312241554260254,-0.5983942747116089,1.81919527053833,0.016215618699789047,0.4376031756401062,2.7355666160583496
0.9808184504508972,1.3115791082382202,1.455121397972107,0.2333720326423645,0.07918588817119598,0.2796612083911896,1.6224708557128906
-0.22955413162708282,1.1617062091827393,-1.130549430847168,3.097357749938965,0.004516839049756527,0.7075104713439941,2.758944511413574
0.19802547991275787,1.0524888038635254,-0.215452179312706,1.2404227256774902,0.028926189988851547,0.619452953338623,2.5934462547302246
0.217097669839859,0.7646869421005249,1.205886960029602,0.2994263172149658,0.07412433624267578,0.7515417337417603,2.397575616836548
-0.6607857942581177,-0.07295644283294678,0.7785587310791016,0.459067165851593,0.06318727880716324,1.0432465076446533,1.3524531126022339
1.8332067728042603,2.254739284515381,-0.325767457485199,1.3850932121276855,0.025030046701431274,-0.4933447241783142,-0.5797953009605408
-1.8243927955627441,1.739923357963562,-0.7951022982597351,2.214667558670044,0.010918980464339256,0.05314484238624573,-0.5354254245758057
-0.5517849922180176,1.1408034563064575,0.30989235639572144,0.7335258722305298,0.048021283000707626,0.4902169108390808,2.3060011863708496
-0.7072516083717346,-0.06622046232223511,1.2721577882766724,0.28022629022598267,0.0755612701177597,1.025830864906311,1.2858664989471436
-0.6441090703010559,1.6918854713439941,1.4274908304214478,0.23991014063358307,0.07866986095905304,-0.09680242836475372,2.17726469039917
-0.02739344909787178,0.7862671613693237,0.3410676419734955,0.7110108137130737,0.04911474883556366,0.7775931358337402,2.485877275466919
-0.5139508843421936,-0.061678022146224976,-0.9030531644821167,2.4671242237091064,0.00848284550011158,1.244810938835144,1.6214760541915894
0.42720428109169006,-0.7906972169876099,0.5236588716506958,0.5923492312431335,0.055302657186985016,0.7625848054885864,0.7160630822181702
1.0544705390930176,1.8688278198242188,1.9208393096923828,0.14648395776748657,0.0863739624619484,-0.27899065613746643,1.4778063297271729
1.1742995977401733,1.794487476348877,0.3284550905227661,0.7200352549552917,0.04867351055145264,-0.149826779961586,1.2650566101074219
1.1774086952209473,1.918928861618042,-1.7861658334732056,5.966531753540039,0.00025631155585870147,0.25551021099090576,1.7853766679763794
-0.29055383801460266,0.9466318488121033,0.018056079745292664,0.9821059703826904,0.037452153861522675,0.6826300621032715,2.492344856262207
-0.0786261260509491,-0.6435610055923462,0.3124192953109741,0.7316746711730957,0.04811026155948639,0.873131513595581,1.115444302558899
-2.39547061920166,5.211207389831543,-0.9753652811050415,2.6521358489990234,0.007050047162920237,0.7436017990112305,1.1498465538024902
0.6055091023445129,0.7237147688865662,-1.078688383102417,2.94081974029541,0.00528224091976881,1.0434330701828003,2.2211966514587402
0.20942626893520355,1.3679389953613281,0.346285879611969,0.7073102593421936,0.04929683730006218,0.27219992876052856,2.5917158126831055
-0.7015939950942993,1.0258516073226929,-1.3746867179870605,3.9538378715515137,0.0019180945819243789,0.9137545824050903,2.32541823387146
1.1729791164398193,1.9400169849395752,0.13398508727550507,0.8746030926704407,0.041702751070261,-0.27342841029167175,1.2932333946228027
-0.8757076859474182,0.783247709274292,0.6013566255569458,0.5480676293373108,0.05780657380819321,0.763432502746582,1.7061187028884888
1.036852478981018,1.880112886428833,-2.9111173152923584,18.377321243286133,1.0443133025006546e-09,1.5333243608474731,2.8043477535247803
1.5122696161270142,2.8142247200012207,0.030571894720196724,0.9698907136917114,0.03791244700551033,-0.849902868270874,0.7753304839134216
1.8398537635803223,3.6166045665740967,0.33939167857170105,0.7122034430503845,0.04905620962381363,-0.8180669546127319,0.5005138516426086
1.8358334302902222,3.63957142829895,-0.07088028639554977,1.0734527111053467,0.034182626754045486,-0.7712045311927795,0.5717034339904785
-1.732089638710022,4.220244407653809,3.093554735183716,0.04534049332141876,0.09556720405817032,-0.4679830074310303,1.7644598484039307
0.7110715508460999,-0.2532968521118164,-0.07377181947231293,1.0765610933303833,0.03407653421163559,1.0757476091384888,1.1204453706741333
-0.5002595782279968,0.1323734074831009,-1.0165847539901733,2.763739824295044,0.006305550690740347,1.267625331878662,1.8364886045455933
0.8780977129936218,-0.09235382080078125,1.8990334272384644,0.14971326291561127,0.08609548211097717,1.0107097625732422,0.9800957441329956
1.579936146736145,1.8177121877670288,-0.010437640361487865,1.0104923248291016,0.036403972655534744,-0.1433652937412262,0.17797672748565674
1.3925914764404297,2.1828246116638184,-1.4360257387161255,4.203955173492432,0.0014936383813619614,-0.15413323044776917,1.0899888277053833
-0.33083102107048035,0.802716851234436,2.741826057434082,0.06445254385471344,0.09375806152820587,0.7012004256248474,2.3340110778808594
0.4831986725330353,-0.028274208307266235,1.475831389427185,0.22858859598636627,0.07956557720899582,1.0224591493606567,1.5884735584259033
-0.20344771444797516,-0.15176527202129364,-0.6174072623252869,1.8541145324707031,0.0156591534614563,1.1739171743392944,1.7289929389953613
1.0096471309661865,1.9639521837234497,-1.3885380029678345,4.008984565734863,0.001815181807614863,0.01779305934906006,1.962355375289917
0.9474707841873169,-0.6297584772109985,-0.23175151646137238,1.2608064413070679,0.028342535719275475,0.9342504143714905,0.2762928009033203
-0.25892743468284607,-1.0797723531723022,-0.45507365465164185,1.576289415359497,0.0206740815192461,0.629158079624176,0.4414348602294922
-0.8722842931747437,1.4209338426589966,0.7237592339515686,0.48492586612701416,0.061574287712574005,0.19779473543167114,1.8546664714813232
0.29165127873420715,-0.2791112959384918,1.310611605644226,0.2696550786495209,0.07636428624391556,0.9882661700248718,1.467987298965454
0.3828822076320648,-1.2699285745620728,-0.12402026355266571,1.1320388317108154,0.03223753347992897,0.4095529615879059,-0.01884770393371582
1.1415297985076904,1.3753312826156616,2.1781413555145264,0.11325182765722275,0.08929257094860077,0.20554792881011963,1.2723606824874878
-0.4420118033885956,2.1920368671417236,0.23312389850616455,0.7920554280281067,0.04529128968715668,-0.5028388500213623,2.5137219429016113
1.7289786338806152,2.439344644546509,0.686640739440918,0.5032638311386108,0.060455430299043655,-0.7130656242370605,-0.206004798412323
-0.2660480737686157,0.3856029510498047,-0.2624931335449219,1.3001675605773926,0.02724861167371273,1.0565886497497559,2.1851329803466797
0.47030454874038696,0.25847285985946655,-1.1145497560501099,3.0481953620910645,0.004744446836411953,1.2716009616851807,1.9928492307662964
0.6889691948890686,0.8784622550010681,-0.9517109394073486,2.590137481689453,0.0075009725987911224,0.8973493576049805,2.185432195663452
0.8467430472373962,0.3884105086326599,1.0606226921081543,0.3462401330471039,0.07073426246643066,0.9601362347602844,1.488205909729004
0.8396380543708801,-0.07144850492477417,-0.5000858902931213,1.6488628387451172,0.019226843491196632,1.16233491897583,1.1411075592041016
0.4421616792678833,-0.3762507438659668,0.13912539184093475,0.8701189160346985,0.04189017415046692,1.01706063747406,1.2779310941696167
-1.037000060081482,0.274544358253479,-0.6321268677711487,1.881608247756958,0.015234489925205708,1.150709629058838,1.1121127605438232
-2.143404245376587,5.147823810577393,1.2131370306015015,0.2972632944583893,0.07428483664989471,0.4515310227870941,1.9872281551361084
1.318392276763916,0.7033078670501709,-0.4866175353527069,1.6268043518066406,0.01965567097067833,0.925387442111969,0.763810396194458
-0.6940152645111084,-1.0825706720352173,-0.549084484577179,1.731666922569275,0.01769891381263733,0.6422262787818909,0.03459525108337402
0.5454367995262146,0.7766174077987671,-1.1538128852844238,3.170257568359375,0.004199278075248003,1.0303140878677368,2.3365678787231445
-0.2466694861650467,-0.14962553977966309,0.939151406288147,0.3909594714641571,0.0676407590508461,1.0279229879379272,1.6434696912765503
0.5434153079986572,2.9183504581451416,-0.2888554036617279,1.3348987102508545,0.026318484917283058,-0.8416949510574341,2.8769304752349854
2.1959726810455322,4.0171918869018555,-0.17644385993480682,1.192967414855957,0.030331984162330627,-0.5212400555610657,-0.3035200238227844
-0.716456413269043,1.5418810844421387,-1.0703808069229126,2.916490077972412,0.005412332247942686,0.3205602169036865,2.3436551094055176
1.5041325092315674,3.4723079204559326,-0.42059531807899475,1.5228679180145264,0.021808553487062454,-0.7935235500335693,1.4968266487121582
1.059417963027954,1.0340605974197388,0.6196730732917786,0.5381203293800354,0.05838446691632271,0.5651454925537109,1.4455289840698242
1.2124462127685547,1.0250576734542847,-1.2015446424484253,3.325249195098877,0.003596355440095067,0.8515745401382446,1.3073440790176392
1.6717424392700195,2.5295658111572266,0.35673242807388306,0.6999597549438477,0.04966052621603012,-0.7484892010688782,0.053077518939971924
-1.8469337224960327,4.022114276885986,0.6118313074111938,0.5423567295074463,0.058137647807598114,-0.5825133323669434,1.059135913848877
0.6123531460762024,2.064594268798828,-0.8165141940116882,2.262598991394043,0.010407963767647743,-0.24771364033222198,2.444375514984131
-1.1360467672348022,0.545615553855896,-0.4416230022907257,1.5552293062210083,0.02111409604549408,1.0103309154510498,1.101798176765442
1.2196425199508667,1.9396387338638306,0.0008241983596235514,0.9991761445999146,0.03681826591491699,-0.26061832904815674,1.1937551498413086
1.4730521440505981,1.9240837097167969,0.400125116109848,0.6702361702919006,0.05115877464413643,-0.2789604067802429,0.47753649950027466
-2.195030450820923,3.9461090564727783,0.1803784817457199,0.8349541425704956,0.04338943958282471,-0.6099643111228943,-0.4458288550376892
-0.04396035894751549,-0.8163577914237976,-0.11043041944503784,1.1167585849761963,0.03273390978574753,0.7965555191040039,0.8961259722709656
0.2123616486787796,0.4404979348182678,-1.5475531816482544,4.699955940246582,0.0009095678105950356,1.374535083770752,2.3762025833129883
0.07157134264707565,0.8799400925636292,-0.2651539742946625,1.3036316633224487,0.027154382318258286,0.7675604820251465,2.568830728530884
0.20465131103992462,-0.6890444755554199,0.9704433679580688,0.378915011882782,0.0684603825211525,0.8097453713417053,0.9908424615859985
1.4367189407348633,0.18170011043548584,-0.4095801115036011,1.5061852931976318,0.02217542938888073,1.1341564655303955,0.023470759391784668
-0.5949998497962952,-1.9049241542816162,-1.800640344619751,6.05352258682251,0.00023495708592236042,0.2774069309234619,-0.9850864410400391
-1.8344806432724,3.3878982067108154,-0.26714760065078735,1.3062331676483154,0.027083834633231163,-0.8391965627670288,0.27810555696487427
-0.8605851531028748,1.8350592851638794,0.21232913434505463,0.8086984753608704,0.04454374313354492,-0.18032804131507874,1.9141082763671875
-0.4978022575378418,-0.009923934936523438,-0.9020236134529114,2.464585304260254,0.008504410274326801,1.246409296989441,1.6900792121887207
1.1193677186965942,-0.20917272567749023,0.1130765751004219,0.8930822610855103,0.04093919321894646,1.0675113201141357,0.4130082130432129
1.224571704864502,2.913560390472412,-0.7673566341400146,2.154064655303955,0.011601164937019348,-0.7587066292762756,1.7259337902069092
-0.17193785309791565,-0.38719335198402405,-1.2507363557815552,3.4929139614105225,0.0030412122141569853,1.275263786315918,1.539886474609375
-0.10166779905557632,0.3956092298030853,-0.27255433797836304,1.3133147954940796,0.026892712339758873,1.0540934801101685,2.254364252090454
-0.26481759548187256,-1.1887482404708862,-0.898345410823822,2.4555368423461914,0.00858171097934246,0.6183753609657288,0.32079875469207764
1.8769416809082031,3.2162117958068848,2.3501486778259277,0.09535498917102814,0.09090501815080643,-0.9876818060874939,-0.14557921886444092
0.4967239499092102,-0.39276009798049927,1.9612995386123657,0.14067548513412476,0.08687712252140045,0.9379237294197083,1.1630655527114868
0.8686681985855103,1.16590416431427,-0.4776311218738556,1.6122506856918335,0.019943824037909508,0.555144727230072,1.9381871223449707
-0.6352798342704773,-0.7507790327072144,-1.7303110361099243,5.64240837097168,0.0003544322098605335,1.295398473739624,0.8079575300216675
-0.10412361472845078,-1.6520705223083496,1.2327969074249268,0.29147619009017944,0.0747159868478775,-0.052037134766578674,-0.717715859413147
0.42605894804000854,-0.13200132548809052,-0.31017130613327026,1.3636586666107178,0.025572344660758972,1.1276663541793823,1.589559555053711
-0.19464033842086792,-2.092714309692383,-0.24138331413269043,1.273008942604065,0.02799878641963005,-0.37124279141426086,-1.493765115737915
-0.43556204438209534,-0.33012211322784424,1.5469536781311035,0.21289554238319397,0.08082405477762222,0.967292308807373,1.3002511262893677
0.0952785313129425,-1.4416067600250244,-0.7845183610916138,2.1913511753082275,0.011176562868058681,0.34796562790870667,-0.10976123809814453
1.8009499311447144,2.892270088195801,-2.1315340995788574,8.427785873413086,2.1870520868105814e-05,-0.12630122900009155,0.5228838920593262
-2.4832162857055664,5.293553829193115,-2.0369505882263184,7.6671929359436035,4.679294943343848e-05,1.3157172203063965,1.0948338508605957
-0.25341272354125977,1.174726128578186,-0.20569966733455658,1.228384256362915,0.029276523739099503,0.5086342096328735,2.59706449508667
-0.5368356704711914,-1.0392545461654663,0.3379475474357605,0.713232696056366,0.049005743116140366,0.5781862735748291,0.21785831451416016
-1.3062175512313843,1.0101141929626465,-0.10384326428174973,1.109426498413086,0.03297480195760727,0.6427066922187805,0.9027305841445923
0.4812277555465698,0.7889118790626526,-1.5084577798843384,4.519754886627197,0.0010891692945733666,1.1565933227539062,2.472768545150757
2.430346965789795,5.3677167892456055,0.4317381978034973,0.6493793725967407,0.05223698541522026,0.6743571162223816,1.0841619968414307
-0.6189018487930298,1.339409589767456,-1.4481606483459473,4.255280494689941,0.0014189110370352864,0.6548556089401245,2.5654137134552
0.3408845365047455,0.516471266746521,0.5483251810073853,0.5779169201850891,0.05610658973455429,0.927358865737915,2.1987335681915283
-0.20570571720600128,0.14166897535324097,1.2342580556869507,0.29105061292648315,0.07474778592586517,1.0190867185592651,1.948191523551941
-1.3293867111206055,0.7098549604415894,3.4366304874420166,0.03217291086912155,0.09683391451835632,0.7616736888885498,0.6280348300933838
0.6066194772720337,-0.6634864807128906,0.5228288173675537,0.5928411483764648,0.055275458842515945,0.8471338748931885,0.716384768486023
-0.2449330985546112,1.5837304592132568,-0.05430511757731438,1.0558066368103027,0.034791167825460434,0.09264689683914185,2.615647554397583
0.8335374593734741,1.1417484283447266,-0.300980806350708,1.3511834144592285,0.02589336596429348,0.5511234998703003,1.9702732563018799
-1.1921563148498535,1.5192158222198486,0.7769832611083984,0.45979100465774536,0.06314156204462051,0.09753673523664474,1.1933685541152954
0.5263653993606567,0.3398948311805725,0.02454562671482563,0.9757531881332397,0.03769083693623543,1.0403650999069214,1.924713134765625
0.4491609036922455,-0.0318274199962616,-1.232653021812439,3.4303181171417236,0.0032376640010625124,1.3425253629684448,1.740480899810791
1.7378252744674683,2.8480074405670166,-1.441703200340271,4.227890491485596,0.001458312151953578,-0.5344234704971313,0.31862467527389526
0.5885905623435974,1.4604448080062866,0.5322877764701843,0.5872598886489868,0.055584829300642014,0.16885367035865784,2.2805137634277344
-0.6086025834083557,-0.7808750867843628,0.16232049465179443,0.8501687049865723,0.042734283953905106,0.7953146696090698,0.5618988275527954
0.9415128231048584,-0.9355904459953308,-0.6260637044906616,1.8702342510223389,0.015408756211400032,0.7803666591644287,-0.11861550807952881
1.4483510255813599,4.052818298339844,1.6948437690734863,0.1836279183626175,0.08322454243898392,-0.5944148302078247,2.3916122913360596
-1.2885631322860718,1.4499067068099976,1.250319480895996,0.2864132821559906,0.07509522140026093,0.14923670887947083,0.935376763343811
0.09410091489553452,-1.341776728630066,0.43432629108428955,0.6477009057998657,0.05232473462820053,0.29179292917251587,-0.0643305778503418
-1.1613173484802246,2.2573611736297607,-1.2102375030517578,3.354281187057495,0.003493447322398424,-0.29845595359802246,1.614652395248413
-0.17025679349899292,2.2376902103424072,-1.4680092334747314,4.340585708618164,0.0013028894318267703,-0.18448975682258606,3.025257110595703
-0.7614962458610535,1.284828543663025,1.7037678956985474,0.18199649453163147,0.08336042612791061,0.3002857267856598,1.9972727298736572
-0.4078969657421112,0.4748035967350006,-0.2107103019952774,1.234554648399353,0.02909643016755581,1.0128380060195923,2.1563382148742676
-0.10171771049499512,0.8588595390319824,-2.057337760925293,7.825109958648682,3.995746374130249e-05,1.4358123540878296,2.83941650390625
-0.5060209631919861,-0.4945722222328186,-1.0880941152572632,2.9686107635498047,0.005137463100254536,1.1770329475402832,1.1728291511535645
-1.6281182765960693,1.4626679420471191,0.4727708101272583,0.6232728958129883,0.053618669509887695,0.17024509608745575,-0.020114541053771973
-0.18073749542236328,-0.1037934273481369,0.23696011304855347,0.7890227437019348,0.04542885348200798,1.073520541191101,1.7413941621780396
0.4889334440231323,0.5898707509040833,0.29219621419906616,0.7466220259666443,0.04739648848772049,0.9056748151779175,2.136533737182617
0.7486769556999207,0.9917892217636108,-0.2605053782463074,1.2975857257843018,0.027319055050611496,0.6769517660140991,2.057318687438965
0.8536803722381592,1.5135743618011475,-0.405253529548645,1.4996826648712158,0.0223200973123312,0.20715901255607605,1.990235686302185
-2.337393283843994,5.0669121742248535,1.3813064098358154,0.25125008821487427,0.07778278738260269,0.3722682595252991,0.9642101526260376
1.3744972944259644,1.193862795829773,0.18607845902442932,0.830208420753479,0.04359584301710129,0.45109185576438904,0.7396183013916016
0.538265585899353,0.43639200925827026,2.3134922981262207,0.0989152044057846,0.09058195352554321,0.916174054145813,1.935840368270874
0.7780445218086243,2.029317617416382,0.049017004668712616,0.9521649479866028,0.03859046846628189,-0.34740614891052246,2.0827596187591553
2.018444061279297,4.799742221832275,1.4329127073287964,0.23861290514469147,0.07877197116613388,0.11110348254442215,1.8334001302719116
-0.9669154286384583,0.6678702235221863,1.1271435022354126,0.32395732402801514,0.0723281130194664,0.8175381422042847,1.459794282913208
-0.3604636490345001,-1.2157354354858398,-1.699594259262085,5.471726894378662,0.0004203965945634991,0.8948200941085815,0.43442702293395996
-0.06428054720163345,-1.0482425689697266,-0.1987663060426712,1.2198967933654785,0.029526064172387123,0.6210843920707703,0.529106855392456
0.7651410698890686,0.35399705171585083,0.8601410984992981,0.42310237884521484,0.06550116091966629,0.9803048968315125,1.597078800201416
2.1676018238067627,4.927933692932129,0.2073761224746704,0.8127139210700989,0.04436523839831352,0.2951509654521942,1.5193361043930054
-1.6425710916519165,3.640233039855957,-1.4581782817840576,4.298122406005859,0.0013594059273600578,-0.4484213590621948,1.5086489915847778
0.8696722388267517,1.4578752517700195,1.3675487041473389,0.25473061203956604,0.07751252502202988,0.1381543129682541,1.8362581729888916
-0.6003715991973877,-1.078065037727356,0.15374070405960083,0.8574943542480469,0.042422372847795486,0.5587834715843201,0.0907442569732666
-0.5887672305107117,-1.1327526569366455,1.2896547317504883,0.27536582946777344,0.0759294256567955,0.4517052173614502,-0.045780301094055176
-1.5301157236099243,0.46442651748657227,-0.6723981499671936,1.9589295387268066,0.014100928790867329,1.0899715423583984,0.009686589241027832
-0.5332029461860657,2.697256326675415,1.168364405632019,0.3108749985694885,0.07328055053949356,-0.871808648109436,2.644773244857788
-0.9541608095169067,0.8415828347206116,0.09780982881784439,0.9068213701248169,0.0403805747628212,0.7569655179977417,1.6170635223388672
-0.8015909194946289,2.1388752460479736,-0.13714590668678284,1.1469955444335938,0.031758952885866165,-0.4233141541481018,2.085038661956787
-1.2312204837799072,1.3747434616088867,-0.4518541991710663,1.5712227821350098,0.020779093727469444,0.35192161798477173,1.2033261060714722
0.233274906873703,0.43576520681381226,-0.39309778809547424,1.4815633296966553,0.02272820845246315,1.0547035932540894,2.2508437633514404
2.163195848464966,3.8015036582946777,-0.42144420742988586,1.5241611003875732,0.02178036980330944,-0.6376307010650635,-0.4734431505203247
0.634509801864624,-0.3227572739124298,0.7036600708961487,0.4947710931301117,0.06097104400396347,0.9978415966033936,1.1130847930908203
1.4947190284729004,1.215118169784546,0.3122926950454712,0.7317672967910767,0.04810580611228943,0.42140287160873413,0.38881731033325195
-0.12362974137067795,-0.34658753871917725,0.15797093510627747,0.8538745641708374,0.04257620871067047,1.025924801826477,1.4924157857894897
-0.18006442487239838,-0.02483421191573143,1.8308600187301636,0.1602756679058075,0.08519089221954346,1.0157191753387451,1.788975715637207
-0.1710127890110016,0.44169455766677856,1.0465888977050781,0.35113346576690674,0.07038898020982742,0.9391419291496277,2.217024564743042
-1.328082799911499,1.0232306718826294,0.5601072311401367,0.5711477994918823,0.05648766830563545,0.5777251124382019,0.8039513826370239
1.5160915851593018,3.453388214111328,-0.48510968685150146,1.6243531703948975,0.019703907892107964,-0.7893489599227905,1.444765567779541
-0.7065227031707764,2.5841636657714844,-0.42101630568504333,1.52350914478302,0.021794574335217476,-0.6962670683860779,2.4433937072753906
0.657762885093689,0.7457398176193237,-0.06959421187639236,1.0720731019973755,0.034229815006256104,0.841793417930603,2.0583410263061523
1.206435203552246,2.3175675868988037,-1.461350917816162,4.3117804527282715,0.001340965274721384,-0.24809473752975464,1.616523265838623
-0.9160236120223999,2.0673234462738037,-0.8534548282623291,2.3477439880371094,0.009558456018567085,-0.24160052835941315,1.9889215230941772
1.1897048950195312,0.9078399538993835,1.283871054649353,0.27696308493614197,0.07580824941396713,0.6431459784507751,1.0892860889434814
-2.0394482612609863,2.379270553588867,-1.1510506868362427,3.161512851715088,0.0042361607775092125,-0.40708300471305847,-1.1760202646255493
-1.1250096559524536,1.6277527809143066,-0.31187355518341064,1.365981936454773,0.025513002648949623,0.07967253029346466,1.4413689374923706
-0.8248381614685059,1.0827460289001465,-1.8271690607070923,6.216263771057129,0.00019966912805102766,1.0905311107635498,2.2892603874206543
-0.23166653513908386,0.7058266997337341,0.24058695137500763,0.7861663103103638,0.04555880278348923,0.8396921753883362,2.395557403564453
-1.6699663400650024,2.171050786972046,-0.7824156284332275,2.1867482662200928,0.011228126473724842,-0.3461776375770569,0.042895495891571045
-1.5054985284805298,2.040412425994873,0.84695965051651,0.42871639132499695,0.06513446569442749,-0.4096723198890686,0.3734573721885681
-0.404520183801651,0.27990925312042236,-0.3200576901435852,1.3772072792053223,0.025228211656212807,1.0988012552261353,2.006617307662964
-0.9755043387413025,0.1844741702079773,-1.8310201168060303,6.240249156951904,0.0001949369761859998,1.607057809829712,1.2322081327438354
-0.2955693006515503,-0.5087345838546753,0.35472092032432556,0.7013691663742065,0.0495905876159668,0.943498432636261,1.2122913599014282
0.9341274499893188,1.2188515663146973,-0.33689042925834656,1.400585651397705,0.024645257741212845,0.4847825765609741,1.8119697570800781
0.025738583877682686,-0.05025101825594902,0.15175999701023102,0.8591944575309753,0.04235031083226204,1.0846571922302246,1.8323332071304321
-0.761126697063446,-0.7381694316864014,1.7480374574661255,0.17411531507968903,0.08402000367641449,0.7571131587028503,0.3658151626586914
-0.6629616618156433,1.2490553855895996,1.8195197582244873,0.1621035784482956,0.0850353091955185,0.3324289917945862,2.1322641372680664
-0.38875463604927063,0.27687886357307434,-1.767796277999878,5.8579301834106445,0.00028571515576913953,1.5477063655853271,2.1254820823669434
-0.23767662048339844,-0.32815948128700256,1.91110360622406,0.14791706204414368,0.08625026047229767,0.9614288806915283,1.4316433668136597
0.4834073781967163,1.5659170150756836,-0.1864508092403412,1.204965353012085,0.029970237985253334,0.12537582218647003,2.4568328857421875
1.9319134950637817,5.684353828430176,-1.740201473236084,5.698491096496582,0.00033510179491713643,1.3958439826965332,3.936798572540283
0.7909083962440491,1.3066895008087158,1.2440541982650757,0.2882133722305298,0.07496015727519989,0.2898685038089752,1.9641714096069336
-0.7399740815162659,1.172095537185669,0.7031928300857544,0.4950023293495178,0.06095694750547409,0.4377215802669525,2.046553611755371
0.8054059743881226,0.43496233224868774,0.3231981694698334,0.7238304018974304,0.04848913475871086,0.9792689681053162,1.6151982545852661
0.5048341155052185,0.48445603251457214,-1.5360785722732544,4.646334171295166,0.0009596717427484691,1.3495618104934692,2.2052254676818848
-1.9792506694793701,3.1090269088745117,0.6708826422691345,0.5112571120262146,0.05997411534190178,-0.9483440518379211,-0.62265545129776
0.5336501002311707,-0.45709994435310364,-1.2865270376205444,3.620192050933838,0.002677753334864974,1.2593554258346558,1.2100071907043457
1.1997287273406982,1.6231215000152588,1.7414729595184326,0.17526206374168396,0.08392371237277985,-0.03477509319782257,1.1454848051071167
0.49397173523902893,0.4677426815032959,0.49920761585235596,0.6070114374160767,0.05449771136045456,0.9532894492149353,2.037574529647827
0.10965346544981003,0.4251515567302704,-0.9273276925086975,2.527745246887207,0.00798388384282589,1.1637507677078247,2.331390380859375
-0.48926040530204773,-0.3723774254322052,1.8261069059371948,0.1610392928123474,0.0851258635520935,0.947568953037262,1.196624755859375
-0.10022071748971939,0.36778056621551514,-0.1146821677684784,1.1215169429779053,0.032578520476818085,1.0452793836593628,2.2222704887390137
-0.024536186829209328,-0.6002609133720398,-0.1081254780292511,1.114187479019165,0.032818183302879333,0.9366070032119751,1.204150915145874
2.424147605895996,5.874129772186279,0.9699841737747192,0.3790890574455261,0.06844846904277802,0.9554058313369751,1.8118447065353394
-1.7154911756515503,4.974809646606445,-0.06024790555238724,1.062099814414978,0.03457290679216385,0.36562907695770264,3.3888392448425293
0.37827742099761963,0.6340370774269104,0.15229545533657074,0.8587344884872437,0.042369794100522995,0.8915159106254578,2.268070697784424
0.35258254408836365,0.4611133933067322,-0.2283576875925064,1.2565346956253052,0.02846386656165123,1.0212111473083496,2.1891350746154785
0.22732101380825043,-0.33660799264907837,0.3890009820461273,0.6777336001396179,0.0507766492664814,1.0116537809371948,1.4581387042999268
0.7356548309326172,2.3015894889831543,-0.591675877571106,1.8070142269134521,0.016414349898695946,-0.4867590069770813,2.2925031185150146
-0.09957817941904068,0.4753730893135071,0.1921587437391281,0.8251758813858032,0.043815791606903076,0.9716395735740662,2.290308952331543
-0.4511958062648773,0.9868412613868713,1.283301830291748,0.27712076902389526,0.07579629123210907,0.5790399312973022,2.327613115310669
-0.9053844809532166,0.6197125911712646,-1.297561526298523,3.660360097885132,0.002572324825450778,1.1800813674926758,1.7246252298355103
1.2655972242355347,1.8861489295959473,0.17981559038162231,0.8354242444038391,0.043369047343730927,-0.2266092747449875,1.0587975978851318
0.5499984622001648,1.0658413171768188,-0.5736241936683655,1.7746871709823608,0.016953647136688232,0.6612367630004883,2.3772926330566406
3.4867570400238037,13.552666664123535,-0.6991246342658997,2.011990785598755,0.01337222009897232,0.7529817819595337,3.0789201259613037
0.5286107659339905,-0.2818765938282013,1.0186920166015625,0.36106690764427185,0.06969323754310608,0.9966418743133545,1.2759182453155518
0.718517005443573,0.012478888034820557,-2.076422929763794,7.975887298583984,3.436498445807956e-05,1.7975108623504639,1.4706223011016846
-1.5110036134719849,3.286125421524048,-0.46644842624664307,1.5943217277526855,0.020304620265960693,-0.8301411271095276,1.2647608518600464
-0.2396765500307083,-0.2509671747684479,0.837684690952301,0.43271124362945557,0.06487478315830231,1.0119438171386719,1.5373485088348389
-2.5857067108154297,6.149972438812256,-1.4300564527511597,4.1789350509643555,0.001531480811536312,1.4090337753295898,1.4510371685028076
1.3216218948364258,1.468287467956543,-0.10953058302402496,1.115754246711731,0.03276680409908295,0.21390485763549805,0.9333436489105225
1.4112006425857544,0.799781322479248,0.06521020084619522,0.9368705153465271,0.03918521851301193,0.7905505895614624,0.5182671546936035
-0.2855660319328308,0.34991681575775146,0.019581127911806107,0.9806093573570251,0.037508245557546616,1.0374622344970703,2.128782272338867
1.232059359550476,1.349852204322815,0.7166251540184021,0.4883977472782135,0.06136087700724602,0.2679906487464905,1.0947941541671753
-0.16865117847919464,0.500895619392395,0.030778825283050537,0.9696900248527527,0.03792005777359009,0.9741218090057373,2.2989423274993896
2.4952948093414307,6.492650032043457,-0.8392215967178345,2.3145647048950195,0.009880918078124523,1.2095988988876343,2.2015795707702637
-1.018990159034729,0.04919332265853882,-0.16799461841583252,1.1829302310943604,0.030637968331575394,1.1170833110809326,0.9092089533805847
-0.16206420958042145,0.6020469069480896,-1.1146641969680786,3.048544406890869,0.004742790944874287,1.1290326118469238,2.4797699451446533
-1.1229701042175293,1.2682467699050903,-0.3032969832420349,1.3543165922164917,0.025812363252043724,0.43338656425476074,1.4267984628677368
-0.48820632696151733,1.3062032461166382,-0.12841612100601196,1.137026071548462,0.032077156007289886,0.3752191662788391,2.4338197708129883
-1.070164442062378,1.782680630683899,0.8182839751243591,0.44118809700012207,0.0643271654844284,-0.16618363559246063,1.4699406623840332
0.9944424033164978,1.7941858768463135,-0.038211576640605927,1.03895103931427,0.03538256138563156,-0.11764111369848251,1.6872743368148804
-0.35197561979293823,-2.1051087379455566,-0.07218949496746063,1.0748590230941772,0.03413458913564682,-0.4017634987831116,-1.6206201314926147
0.95722895860672,-0.6666728258132935,-0.27795904874801636,1.320432186126709,0.02670198678970337,0.9179266691207886,0.21102726459503174
-0.5569085478782654,1.7338943481445312,-0.712693989276886,2.039478302001953,0.01300965715199709,0.04157194495201111,2.4652223587036133
0.26578980684280396,-1.1883546113967896,0.5050464868545532,0.6034775376319885,0.0546906404197216,0.4335346519947052,0.15958702564239502
-0.5312844514846802,-0.04895585775375366,0.21514596045017242,0.8064237236976624,0.04464518278837204,1.0794442892074585,1.5494804382324219
-0.04266634210944176,-0.04984074831008911,-0.6159301996231079,1.8513779640197754,0.01570206508040428,1.1838959455490112,1.8742986917495728
0.03159373626112938,-0.8493540287017822,-0.5832444429397583,1.7918425798416138,0.016665281727910042,0.8396525979042053,0.8939200639724731
-2.0224921703338623,3.3142247200012207,1.5220444202423096,0.21826520562171936,0.08039122074842453,-0.9633095264434814,-0.6005645990371704
-0.2946479916572571,-0.6654637455940247,-1.0222344398498535,2.779398202896118,0.006207585334777832,1.0645703077316284,1.122280240058899
0.278062641620636,-1.2177027463912964,0.5223684906959534,0.5931140780448914,0.055260371416807175,0.4051136076450348,0.09757518768310547
0.7402603626251221,1.1394567489624023,0.8874295353889465,0.4117126762866974,0.06625146418809891,0.4592593312263489,2.032561779022217
0.4929315745830536,0.12281612306833267,-1.746272325515747,5.73319149017334,0.0003236730699427426,1.5657867193222046,1.8798218965530396
-0.27338653802871704,-0.21204006671905518,0.4044235348701477,0.6673613786697388,0.05130605772137642,1.0443397760391235,1.5764968395233154
-0.29357093572616577,0.22088943421840668,-1.9556025266647339,7.06817626953125,8.517851529177278e-05,1.6825206279754639,2.1284708976745605
0.1497320979833603,0.09957599639892578,1.0727980136871338,0.34205013513565063,0.07103125751018524,1.0292513370513916,1.931547999382019
0.7024554014205933,2.3300766944885254,0.3886175751686096,0.6779935359954834,0.05076345056295395,-0.6206003427505493,2.25382137298584
-1.0366569757461548,-0.5772242546081543,1.69214928150177,0.18412336707115173,0.08318331837654114,0.8563929796218872,0.10014462471008301
-1.1284055709838867,0.7052114605903625,0.20883090794086456,0.8115324378013611,0.04441768676042557,0.842627763748169,1.1773204803466797
0.5488722324371338,-1.6711927652359009,0.9166961312294006,0.3998378813266754,0.06704287230968475,-0.060244083404541016,-1.0349076986312866
-0.7877823114395142,0.13209059834480286,0.5742577910423279,0.5631226897239685,0.056942813098430634,1.0476009845733643,1.3760957717895508
-0.07194734364748001,1.9079290628433228,0.9458460807800293,0.38835084438323975,0.06781743466854095,-0.29194751381874084,2.612636089324951
0.37573686242103577,-0.10107341408729553,-1.2178184986114502,3.3798065185546875,0.0034054045099765062,1.3328770399093628,1.7295730113983154
0.283694863319397,1.3455687761306763,-0.2371118664741516,1.267582893371582,0.028151124715805054,0.3500864505767822,2.607668876647949
-0.20406794548034668,0.7988749742507935,0.27462565898895264,0.7598565220832825,0.04677335172891617,0.7734989523887634,2.4547805786132812
-0.47969183325767517,1.9213049411773682,-1.4319363832473755,4.186798572540283,0.001519485143944621,0.07530432939529419,2.766432762145996
-1.1868796348571777,2.1197867393493652,-1.0957967042922974,2.991565227508545,0.005020878277719021,-0.22266975045204163,1.4902565479278564
-0.31736138463020325,0.7305550575256348,1.2325093746185303,0.29156002402305603,0.07470971345901489,0.7739601731300354,2.3260202407836914
-0.0637037381529808,-0.2718060314655304,1.0275088548660278,0.35789743065834045,0.06991447508335114,0.999077320098877,1.5626649856567383
1.4494811296463013,2.8480167388916016,-0.18612581491470337,1.2045738697052002,0.02998197451233864,-0.8367577791213989,1.0040967464447021
-0.30444270372390747,-0.29667019844055176,-0.14260700345039368,1.1532764434814453,0.03156010061502457,1.0716428756713867,1.488134503364563
-0.8234666585922241,1.2427678108215332,1.3264236450195312,0.26542481780052185,0.0766880065202713,0.3487197756767273,1.9034264087677002
0.835332453250885,1.6904385089874268,0.19178995490074158,0.8254802227020264,0.04380245879292488,-0.03680893033742905,1.954898476600647
1.3950884342193604,3.0163583755493164,2.4963176250457764,0.08238781988620758,0.09209147840738297,-0.9839296340942383,1.233169436454773
2.107046365737915,4.193770408630371,-0.27877599000930786,1.3215112686157227,0.02667318843305111,-0.3635297119617462,0.39819496870040894
-0.9816358685493469,0.13809126615524292,0.4199252426624298,0.6570959091186523,0.051835447549819946,1.0561901330947876,1.043625831604004
-0.17933189868927002,-0.4729812741279602,-0.5289553999900818,1.6971585750579834,0.01832033321261406,1.0599299669265747,1.3670122623443604
1.7248070240020752,3.157170534133911,1.1431450843811035,0.318814754486084,0.07270102202892303,-0.9679971933364868,0.35581764578819275
-1.2114825248718262,0.6937117576599121,-1.1395506858825684,3.125363826751709,0.004392094910144806,1.0814144611358643,1.1086357831954956
1.0824767351150513,1.2181569337844849,-0.656622588634491,1.9282687902450562,0.014539970085024834,0.5382028818130493,1.5588891506195068
1.75914466381073,3.508133888244629,-0.400369256734848,1.4923756122589111,0.022483790293335915,-0.7843349575996399,0.7069365978240967
2.2900378704071045,4.404158592224121,-0.8598888516426086,2.362898111343384,0.009414697997272015,-0.06708307564258575,0.09280812740325928
0.6446975469589233,-2.3700506687164307,0.7008716464042664,0.4961526393890381,0.060886871069669724,-0.6672211289405823,-2.406343936920166
0.4116053283214569,0.5503803491592407,1.2856911420822144,0.2764594554901123,0.07584643363952637,0.8799716234207153,2.1488072872161865
0.4650593400001526,0.8051756620407104,1.9389609098434448,0.1438533514738083,0.08660147339105606,0.7073699235916138,2.234984874725342
-0.47622865438461304,-0.6866844892501831,-0.3078148066997528,1.3604490756988525,0.02565455436706543,0.9093971252441406,0.8753262758255005
0.23423641920089722,-0.9273693561553955,1.9193423986434937,0.14670340716838837,0.08635500818490982,0.614611029624939,0.5906783938407898
0.7219921946525574,0.8324270844459534,1.6679117679595947,0.18864057958126068,0.08280841261148453,0.691946804523468,1.9457651376724243
1.2611362934112549,1.328813076019287,-0.24101561307907104,1.2725409269332886,0.02801189385354519,0.36688268184661865,1.096663236618042
-0.915288507938385,1.310982346534729,0.3211064040660858,0.7253460884094238,0.04841569811105728,0.32943540811538696,1.7955663204193115
1.4490877389907837,2.3692100048065186,1.5762721300125122,0.20674437284469604,0.08132275193929672,-0.6955755949020386,0.6252224445343018
-1.1558421850204468,1.4225306510925293,1.166603922843933,0.31142276525497437,0.07324041426181793,0.17886534333229065,1.261791706085205
0.471473753452301,0.7939941883087158,0.439028263092041,0.6446625590324402,0.05248396471142769,0.7654686570167542,2.263204574584961
-0.4537537097930908,0.01719944179058075,0.22712500393390656,0.7968211770057678,0.04507596045732498,1.0795342922210693,1.6920294761657715
-0.8188291192054749,1.7440083026885986,1.26878023147583,0.2811743915081024,0.07548967003822327,-0.1442297101020813,1.9269490242004395
0.7343553900718689,-0.22409075498580933,-0.02769855596125126,1.028085708618164,0.035769104957580566,1.0778051614761353,1.116912841796875
0.2225414663553238,1.1965869665145874,0.5229575634002686,0.5927647948265076,0.0552796795964241,0.4248132109642029,2.557685375213623
-0.4862390160560608,-0.19007429480552673,-0.3002415895462036,1.3501849174499512,0.02591923251748085,1.1170086860656738,1.471954584121704
-0.6496995687484741,-0.2969691753387451,0.332204133272171,0.717340886592865,0.04880483075976372,1.0279618501663208,1.1359784603118896
-0.42502230405807495,0.03425370156764984,-0.9297077059745789,2.53376841545105,0.007935939356684685,1.2527902126312256,1.8034391403198242
-0.22589057683944702,0.21342475712299347,-0.6092208623886108,1.8389979600906372,0.015897665172815323,1.1612110137939453,2.0795578956604004
-0.09028683602809906,0.6708080768585205,0.2932153344154358,0.7458615303039551,0.0474325492978096,0.8579057455062866,2.418006181716919
-0.7935123443603516,0.45315536856651306,-1.9090901613235474,6.746947288513184,0.00011744594667106867,1.5737648010253906,1.8234890699386597
1.7770516872406006,4.523207664489746,0.2906140387058258,0.7478042840957642,0.04734048992395401,-0.11327444761991501,2.2511425018310547
-1.0275577306747437,1.3869688510894775,1.5170187950134277,0.21936488151550293,0.08030286431312561,0.20473037660121918,1.5311745405197144
1.6230674982070923,4.024405479431152,-1.2321780920028687,3.428689479827881,0.0032429411076009274,-0.29211172461509705,2.102076768875122
0.578055202960968,-0.7619539499282837,0.2710952162742615,0.7625439167022705,0.046647824347019196,0.7997428774833679,0.6199873685836792
1.005217432975769,1.812943696975708,1.1734915971755981,0.30928516387939453,0.07339714467525482,-0.208859384059906,1.5924451351165771
2.0771472454071045,4.743906021118164,-1.083328366279602,2.9544968605041504,0.005210486706346273,0.326961487531662,1.750518798828125
0.3794945180416107,0.14615705609321594,0.766718864440918,0.4645347595214844,0.06284274160861969,1.0357915163040161,1.8604331016540527
-0.6100618839263916,-1.093869686126709,0.8343756198883057,0.4341454803943634,0.0647817999124527,0.5024654865264893,0.013444900512695312
-0.3852240741252899,-2.025702953338623,-1.0274959802627563,2.794060707092285,0.006117230746895075,-0.15997236967086792,-1.3334102630615234
-0.377722829580307,0.5010991096496582,-0.848301351070404,2.3356759548187256,0.00967450626194477,1.1106226444244385,2.2543530464172363
-0.5002628564834595,0.21952533721923828,0.2799202799797058,0.755843997001648,0.046961408108472824,1.05158531665802,1.8363707065582275
0.6249188780784607,-0.42495208978652954,0.42621490359306335,0.6529760360717773,0.05204944685101509,0.9763560891151428,1.0116322040557861
0.10625900328159332,-1.379391074180603,0.5798159241676331,0.5600014328956604,0.05712082237005234,0.2462388128042221,-0.14855515956878662
0.5119884610176086,-0.07634603977203369,-0.025513235479593277,1.025841474533081,0.03584946691989899,1.0996712446212769,1.551937460899353
0.872739315032959,0.07732588052749634,0.5613203048706055,0.5704553723335266,0.056526798754930496,1.0540573596954346,1.1834895610809326
-0.40682893991470337,1.3485058546066284,1.294487476348877,0.27403828501701355,0.07603029906749725,0.247868150472641,2.425445079803467
0.4555179476737976,-0.0549212247133255,0.07809273898601532,0.9248786568641663,0.03965795412659645,1.090980052947998,1.623875617980957
1.9625840187072754,5.002896308898926,0.39445993304252625,0.6740439534187317,0.050964344292879105,0.35384273529052734,2.4963669776916504
-1.0308524370193481,1.7051842212677002,-0.6029218435287476,1.8274505138397217,0.01608230546116829,0.04876130819320679,1.6911399364471436
0.7226114273071289,-2.110302448272705,0.7974337935447693,0.450483500957489,0.06373199075460434,-0.4686639904975891,-2.0861945152282715
0.779764711856842,0.8995419144630432,1.1628650426864624,0.3125893175601959,0.07315503060817719,0.653227686882019,1.8965870141983032
-1.8558998107910156,4.857494354248047,-0.3384248912334442,1.4027364253997803,0.024592308327555656,0.28487032651901245,2.6938610076904297
-1.5008009672164917,1.7484960556030273,0.918331503868103,0.39918452501296997,0.06708668917417526,-0.13684754073619843,0.3574222922325134
-0.9787588119506836,0.7305033206939697,0.5434401035308838,0.5807470083236694,0.05594802647829056,0.8029133677482605,1.4903526306152344
0.29720836877822876,0.15667785704135895,0.517879068851471,0.5957828164100647,0.05511309579014778,1.0473294258117676,1.9329180717468262
-1.2502760887145996,0.7631586790084839,2.1230015754699707,0.11967188119888306,0.0887211486697197,0.7346234917640686,0.8663430213928223
-0.5667988657951355,1.19048273563385,0.42617419362068176,0.6530026197433472,0.05204806476831436,0.43651193380355835,2.2906484603881836
0.0782466009259224,-1.676395058631897,0.5209068059921265,0.5939816832542419,0.05521244928240776,-0.046004414558410645,-0.7300297021865845
-0.42904970049858093,-1.1663110256195068,-1.487608790397644,4.4264984130859375,0.0011956283124163747,0.8361954689025879,0.3917030096054077
0.7095384001731873,1.8716576099395752,0.3404540419578552,0.7114472389221191,0.04909331724047661,-0.2251981794834137,2.1437084674835205
1.4995918273925781,2.406038761138916,-0.4983576536178589,1.6460157632827759,0.0192816611379385,-0.5768576264381409,0.6116845011711121
-0.3665313720703125,-0.10505934059619904,-0.9617770314216614,2.6163415908813477,0.007306969258934259,1.2561204433441162,1.7114654779434204
-0.5272128582000732,0.8932799696922302,1.3326505422592163,0.2637771964073181,0.07681446522474289,0.6532376408576965,2.2201385498046875
-0.13829512894153595,0.40415674448013306,2.361982822418213,0.0942331925034523,0.0910070538520813,0.9288576245307922,2.1818294525146484
0.21873602271080017,0.31253400444984436,-0.556567907333374,1.7446743249893188,0.017470186576247215,1.1260249614715576,2.1672449111938477
0.556749165058136,0.21359789371490479,0.5399243235588074,0.582792341709137,0.05583370849490166,1.0355538129806519,1.7622148990631104
-0.7317627668380737,-0.7405772805213928,-1.550588607788086,4.714244365692139,0.0008966638706624508,1.2095036506652832,0.6593862771987915
-0.4954097867012024,1.2842042446136475,2.332430362701416,0.09705957025289536,0.09075019508600235,0.292390912771225,2.3229007720947266
0.7218972444534302,0.7281452417373657,-0.6243265271186829,1.866988182067871,0.015458854846656322,0.9331088066101074,2.0103647708892822
0.3217466473579407,-0.7086765766143799,-0.6013144254684448,1.824515461921692,0.01612957753241062,0.9416754245758057,0.9962175488471985
-0.7733488082885742,2.245753288269043,-0.0877864807844162,1.0917550325393677,0.03356269747018814,-0.5156882405281067,2.1539878845214844
-0.2714196741580963,-0.10366936773061752,1.208774209022522,0.29856303334236145,0.07418835163116455,1.0244873762130737,1.6743592023849487
-0.5645768642425537,0.896136462688446,0.9456942081451416,0.3884098529815674,0.0678134337067604,0.6634727716445923,2.1909475326538086
0.8283789157867432,1.4038496017456055,-0.9537857174873352,2.5955169200897217,0.0074607296846807,0.4257240295410156,2.1305904388427734
-0.06384466588497162,0.8433526158332825,1.3508024215698242,0.25903230905532837,0.07717980444431305,0.6908658146858215,2.4735043048858643
-0.6364297270774841,-0.4231565296649933,1.948085069656372,0.14254677295684814,0.08671469986438751,0.9260519742965698,0.9672966599464417
1.8360120058059692,4.865889549255371,0.18785840272903442,0.8287320137023926,0.043660253286361694,0.23577168583869934,2.7275900840759277
-1.1276763677597046,2.3929672241210938,-0.4441462755203247,1.5591585636138916,0.021031295880675316,-0.5767092704772949,1.5758235454559326
0.7909240126609802,2.5871191024780273,0.6376877427101135,0.5285130739212036,0.058948080986738205,-0.797326385974884,2.244330644607544
0.4433455765247345,0.9988215565681458,0.9882150292396545,0.3722405433654785,0.06891883909702301,0.5785176157951355,2.3466756343841553
-0.008722543716430664,-1.5002301931381226,1.8217378854751587,0.16174441576004028,0.08506585657596588,0.08668202906847,-0.41734862327575684
1.1958940029144287,2.136373996734619,-1.206682801246643,3.342378854751587,0.003535275813192129,-0.2016657590866089,1.505903720855713
0.49473288655281067,-0.39622825384140015,-0.992118775844574,2.6969425678253174,0.006741130258888006,1.192217469215393,1.2881791591644287
0.36619487404823303,0.30907297134399414,1.798921823501587,0.1654772162437439,0.08474891632795334,0.969163715839386,1.9957979917526245
-0.8086236119270325,1.0683099031448364,0.8592501878738403,0.42347949743270874,0.06547646224498749,0.5239540338516235,1.9126025438308716
1.6624997854232788,1.9667774438858032,1.5416587591171265,0.21402579545974731,0.08073275536298752,-0.36431100964546204,-0.156690776348114
-0.6157520413398743,0.1253422498703003,1.3530572652816772,0.25844889879226685,0.07722485065460205,1.0179998874664307,1.594270944595337
0.5011277198791504,-0.842583179473877,0.22251763939857483,0.8005008697509766,0.04491039365530014,0.745587170124054,0.5836827754974365
-1.0697773694992065,2.288623809814453,-0.08851049840450287,1.092545747756958,0.033536165952682495,-0.5484952330589294,1.6222339868545532
0.2748904526233673,1.1067637205123901,-0.5259518623352051,1.6920686960220337,0.01841382123529911,0.6167647838592529,2.6094284057617188
-0.7887387871742249,0.8144646286964417,0.9738266468048096,0.3776351809501648,0.0685480535030365,0.7240214347839355,1.8524099588394165
-1.091915488243103,1.9405184984207153,0.21657344698905945,0.8052734136581421,0.04469656944274902,-0.2808290719985962,1.470088005065918
-1.161322832107544,0.93489670753479,1.4296839237213135,0.23938457667827606,0.07871121168136597,0.6178399920463562,1.1624057292938232
0.6678307056427002,1.2506914138793945,-0.04706832766532898,1.0481935739517212,0.03505704551935196,0.41948550939559937,2.211369752883911
0.5279828310012817,-2.599898099899292,0.993930995464325,0.3701188862323761,0.06906522810459137,-0.8198243379592896,-2.612074136734009
1.3077656030654907,1.220885992050171,0.6540982723236084,0.5199106931686401,0.059457361698150635,0.3948046565055847,0.8934960961341858
1.4765516519546509,0.7460030317306519,0.329562246799469,0.7192385196685791,0.04871230572462082,0.8063313364982605,0.28636467456817627
0.8273952007293701,-1.3808192014694214,0.14187301695346832,0.8677314519882202,0.04199030250310898,0.27560955286026,-0.7941498756408691
-1.340590000152588,1.3028439283370972,-0.21060937643051147,1.2344300746917725,0.02910005673766136,0.38820046186447144,0.8837623596191406
-0.36182093620300293,-0.4704720377922058,0.32146593928337097,0.7250853180885315,0.04842832311987877,0.9638628959655762,1.2188420295715332
-2.516835927963257,5.035688400268555,0.7587103247642517,0.468269944190979,0.06260845065116882,0.3645237684249878,0.05577051639556885
0.6210585236549377,1.709944725036621,-0.4564906060695648,1.5785245895385742,0.02062792144715786,0.019152656197547913,2.343169689178467
-1.7068064212799072,2.079906702041626,-0.6239084005355835,1.8662077188491821,0.015470924787223339,-0.30077987909317017,-0.12966632843017578
0.8017215728759766,0.3460144102573395,-0.764477014541626,2.1478707790374756,0.011673243716359138,1.1555190086364746,1.61819326877594
-1.2172986268997192,3.091859817504883,-0.19288849830627441,1.212747573852539,0.029737908393144608,-0.8774887919425964,1.8404654264450073
0.6610628366470337,-0.12681028246879578,0.7097724676132202,0.4917560815811157,0.06115515157580376,1.041145920753479,1.297300100326538
-0.0408199280500412,1.3727613687515259,-1.2775651216506958,3.587893009185791,0.002765654120594263,0.5555323362350464,2.898487091064453
0.355661004781723,0.03926070034503937,2.1208536624908447,0.11992920935153961,0.08869832009077072,1.011222243309021,1.7563161849975586
-0.3550105392932892,1.018227219581604,0.15603885054588318,0.8555259704589844,0.042505957186222076,0.6104283332824707,2.464509963989258
-0.4168979227542877,-0.4964108467102051,0.2688731253147125,0.7642402052879333,0.04656876251101494,0.9557216167449951,1.1454315185546875
-1.0293523073196411,0.8035809397697449,0.6185921430587769,0.5387023091316223,0.058350495994091034,0.7480037212371826,1.4224896430969238
-0.9018335938453674,1.9712016582489014,0.599550187587738,0.5490585565567017,0.057749323546886444,-0.33488577604293823,1.8275694847106934
0.5709618330001831,-0.28158873319625854,-0.8113936185836792,2.2510428428649902,0.010528936982154846,1.1857194900512695,1.3191280364990234
-0.3520203232765198,0.10176847875118256,-0.3886573910713196,1.474999189376831,0.02287789061665535,1.1423259973526,1.887190818786621
0.15268272161483765,-1.733117699623108,1.510171890258789,0.22087201476097107,0.08018193393945694,-0.13952229917049408,-0.8987126350402832
-0.5184517502784729,0.3962695002555847,0.3950897455215454,0.6736195683479309,0.050985973328351974,0.989869236946106,1.9621320962905884
-0.535074770450592,1.7129971981048584,0.3744127154350281,0.6876929998397827,0.050273455679416656,-0.07295281440019608,2.3525404930114746
-0.5658407211303711,-0.5714632272720337,1.5416182279586792,0.21403446793556213,0.08073205500841141,0.8625138998031616,0.8645842671394348
1.3170558214187622,2.3360235691070557,0.8582084774971008,0.4239208698272705,0.06544756889343262,-0.6503088474273682,0.9938142895698547
1.0069966316223145,1.4386181831359863,0.19750317931175232,0.8207775354385376,0.04400893300771713,0.21387135982513428,1.635852336883545
-1.3128687143325806,0.9598039984703064,-0.2953391373157501,1.3435819149017334,0.026090944185853004,0.7080386877059937,0.8861846327781677
0.4039035737514496,0.29546618461608887,-0.4799661636352539,1.6160197257995605,0.019868794828653336,1.1182684898376465,2.031475305557251
-1.3275281190872192,1.9855412244796753,2.230008840560913,0.1075274795293808,0.08980518579483032,-0.39220374822616577,0.8369547128677368
0.13406580686569214,0.8291445970535278,-0.06506957113742828,1.0672333240509033,0.03439588099718094,0.7822300791740417,2.515442371368408
-0.304467111825943,-2.3281993865966797,-0.44339874386787415,1.5579934120178223,0.021055813878774643,-0.5312374234199524,-1.9277219772338867
-0.415933758020401,0.5580906867980957,-1.2274149656295776,3.4123969078063965,0.003296209964901209,1.1895074844360352,2.313270330429077
-0.11394985020160675,2.0161540508270264,1.3216838836669922,0.2666858434677124,0.0765913650393486,-0.40411216020584106,2.6070351600646973
0.6381978392601013,1.5012407302856445,1.6033360958099365,0.20122408866882324,0.08177291601896286,0.08962193131446838,2.1801047325134277
-0.13329444825649261,-0.7703979015350342,-0.20141875743865967,1.2231369018554688,0.02943054959177971,0.8399472832679749,0.9560096263885498
0.37551310658454895,-0.15946842730045319,0.3765038847923279,0.686256468296051,0.05034572631120682,1.0559375286102295,1.5686166286468506
2.084118366241455,4.735564708709717,0.5620490908622742,0.5700398087501526,0.056550294160842896,0.08017763495445251,1.4705086946487427
0.8080732226371765,0.11565566062927246,0.7472519278526306,0.4736664295196533,0.062271494418382645,1.040686011314392,1.3234864473342896
-1.0720233917236328,2.854468584060669,0.4866642951965332,0.614673376083374,0.0540817491710186,-0.8975949287414551,1.9219427108764648
-1.4331423044204712,1.683815598487854,-0.97917240858078,2.6622519493103027,0.006979087833315134,0.15344637632369995,0.7827392816543579
-0.002530233236029744,0.4975762963294983,-1.495479702949524,4.4614763259887695,0.0011545305605977774,1.3248896598815918,2.4674861431121826
-1.1454520225524902,1.0605053901672363,0.7809545397758484,0.45796865224838257,0.06325672566890717,0.5342280268669128,1.2556217908859253
0.28357774019241333,0.28309792280197144,1.5410596132278442,0.21415406465530396,0.08072240650653839,0.981610119342804,2.030818462371826
-0.6358636617660522,1.0996909141540527,0.8603322505950928,0.42302149534225464,0.0655064582824707,0.4961737096309662,2.16928768157959
0.1968204528093338,-1.6031887531280518,-0.6904320120811462,1.9945770502090454,0.013607119210064411,0.16707094013690948,-0.47572481632232666
-0.4593150317668915,-0.021118193864822388,0.6440637707710266,0.5251539945602417,0.05914642661809921,1.0522924661636353,1.634724497795105
1.5878691673278809,3.0095880031585693,0.9309174418449402,0.3941918909549713,0.06742246448993683,-0.9518808722496033,0.671479344367981
-0.5893421173095703,0.47034138441085815,1.1465802192687988,0.3177214562892914,0.0727805495262146,0.9231857657432556,1.9178974628448486
-1.4275563955307007,2.8483428955078125,0.7861495018005371,0.4555957019329071,0.06340701878070831,-0.9117499589920044,1.0178394317626953
0.16587616503238678,-0.24419286847114563,1.5427910089492798,0.21378359198570251,0.08075231313705444,0.9917111396789551,1.5619971752166748
-0.14987915754318237,1.7506533861160278,-0.4046440124511719,1.4987688064575195,0.022340504452586174,-0.02901206910610199,2.69893217086792
1.4217071533203125,0.7449620962142944,0.9170557260513306,0.3996941149234772,0.06705251336097717,0.7750830054283142,0.42123913764953613
-0.8305044770240784,0.5114306807518005,-0.9767280220985413,2.655752420425415,0.007024596445262432,1.137620449066162,1.729305624961853
-1.9211121797561646,4.767789363861084,0.9756523966789246,0.376946359872818,0.068595290184021,0.09306668490171432,2.1676979064941406
1.4124130010604858,3.1937007904052734,-1.0410408973693848,2.8321633338928223,0.005888532847166061,-0.7154263257980347,1.542833685874939
-1.046101450920105,0.9261876344680786,-0.11907584965229034,1.126455307006836,0.032418034970760345,0.7135311961174011,1.4858415126800537
0.22546562552452087,1.134480595588684,-1.0301162004470825,2.801391363143921,0.006072551477700472,0.7027423977851868,2.729940176010132
0.5714166760444641,-0.23387333750724792,-0.3405855596065521,1.4057705402374268,0.024517806246876717,1.1133531332015991,1.3364938497543335
0.24767014384269714,-0.9300460815429688,0.3794313967227936,0.6842503547668457,0.050446826964616776,0.666222095489502,0.6253615021705627
-0.08917389065027237,-1.5996369123458862,0.6615171432495117,0.5160678029060364,0.059686291962862015,0.022770194336771965,-0.5866013765335083
-0.8121936321258545,1.5982862710952759,0.05926654860377312,0.942455530166626,0.03896697983145714,0.06675907224416733,2.004578113555908
0.6673485040664673,1.6794410943984985,0.0027684755623340607,0.9972353577613831,0.03688979148864746,-0.008707627654075623,2.2246992588043213
0.7270060777664185,-0.4067240357398987,0.060988809913396835,0.9408337473869324,0.03903023153543472,1.0125051736831665,0.9121381044387817
-0.5538955926895142,0.4326479732990265,1.3567297458648682,0.257501482963562,0.07729804515838623,0.933608889579773,1.9266338348388672
-0.26419684290885925,-1.2556780576705933,-1.2173112630844116,3.3780927658081055,0.003411245299503207,0.6477382183074951,0.27790045738220215
0.3153867721557617,0.8397749066352844,-0.8780239820480347,2.4061403274536133,0.009016262367367744,0.9082444906234741,2.5286905765533447
-0.3264622092247009,-1.1402924060821533,-0.12352469563484192,1.131477952003479,0.032255619764328,0.5304765701293945,0.25855422019958496
1.8819284439086914,3.8037092685699463,-0.11816167831420898,1.1254260540008545,0.03245141729712486,-0.6761500835418701,0.6357334852218628
1.9788827896118164,4.553190231323242,-0.8437052369117737,2.324965476989746,0.009778682142496109,0.07396940886974335,1.7110676765441895
0.15528205037117004,-0.9314784407615662,1.4994949102401733,0.2232428938150406,0.07999205589294434,0.6189724206924438,0.6214098930358887
1.4026033878326416,1.699935793876648,1.9888073205947876,0.13685855269432068,0.08720935881137848,-0.11509497463703156,0.6139981746673584
0.5553175806999207,-1.357326626777649,0.8095689415931702,0.44504988193511963,0.06407923251390457,0.2563571035861969,-0.4141981601715088
-1.2831045389175415,2.1311864852905273,0.25621160864830017,0.7739781737327576,0.046117477118968964,-0.45411890745162964,1.0450953245162964
-0.9690577983856201,1.4599080085754395,2.0453150272369385,0.12933944165706635,0.08786756545305252,0.12359515577554703,1.6402579545974731
0.06852394342422485,0.0932164192199707,-0.4739621877670288,1.6063462495803833,0.020061928778886795,1.1562931537628174,2.003636360168457
0.583794116973877,0.16585475206375122,-1.811208724975586,6.117837905883789,0.00022032143897376955,1.5980613231658936,1.8246674537658691
0.5230702757835388,-0.2695709764957428,-0.1501176506280899,1.1619709730148315,0.03128689154982567,1.0800822973251343,1.3383336067199707
0.014334193430840969,-0.5867495536804199,-0.25478607416152954,1.290185570716858,0.027521971613168716,0.9617632627487183,1.232867956161499
-1.4469672441482544,1.68532395362854,1.0632449388504028,0.34533339738845825,0.07079842686653137,-0.07974408566951752,0.5094449520111084
-0.25878408551216125,1.5356920957565308,0.9187136888504028,0.39903199672698975,0.06709692627191544,0.07500022649765015,2.541402816772461
1.4880064725875854,4.276653289794922,-0.15240073204040527,1.1646268367767334,0.03120390698313713,-0.30561479926109314,2.7611234188079834
-0.0651564672589302,0.1775377094745636,-1.340443730354309,3.8207385540008545,0.002191161271184683,1.3663554191589355,2.1524646282196045
0.6604175567626953,-0.17908510565757751,-0.19107727706432343,1.2105529308319092,0.029803242534399033,1.1050623655319214,1.2778117656707764
-1.3484152555465698,0.38009464740753174,0.4373079836368561,0.6457725167274475,0.05242573469877243,0.9932067394256592,0.39827823638916016
-2.02978777885437,4.080593109130859,1.3378167152404785,0.2624179720878601,0.07691894471645355,-0.5643531680107117,0.42272821068763733
1.0310999155044556,2.1270880699157715,-0.559823215007782,1.7503629922866821,0.01737108826637268,-0.3530043959617615,1.7180516719818115
-1.984940767288208,5.357330322265625,-0.9328054785728455,2.5416297912597656,0.007873796857893467,0.8553145527839661,3.172086715698242
-0.2676539719104767,-1.1575679779052734,-0.6997776627540588,2.0133049488067627,0.013354657217860222,0.6028985381126404,0.33773648738861084
-1.3675793409347534,0.42229366302490234,-0.7236812710762024,2.0620100498199463,0.012719804421067238,1.1183522939682007,0.4513208866119385
1.8951947689056396,2.990229845046997,-0.5208026766777039,1.6833783388137817,0.018574539572000504,-0.8202286958694458,-0.33300769329071045
0.06743547320365906,0.46448054909706116,-0.8159503936767578,2.261323928833008,0.01042124256491661,1.1201868057250977,2.360060453414917
0.520386815071106,1.9217276573181152,-0.15693166851997375,1.1699156761169434,0.031039312481880188,-0.226780965924263,2.4256014823913574
1.6121338605880737,2.90972900390625,-0.6267200708389282,1.8714622259140015,0.01538984663784504,-0.7860935926437378,0.6030365228652954
2.437722682952881,5.1200456619262695,0.35331788659095764,0.7023538947105408,0.04954177886247635,0.46669453382492065,0.6262636184692383
-0.7514145970344543,-0.08503234386444092,0.3504363000392914,0.7043806910514832,0.049441467970609665,1.066825032234192,1.2247934341430664
1.566325306892395,3.285907030105591,0.39726170897483826,0.6721581220626831,0.051060546189546585,-0.9223889708518982,1.034182071685791
0.873489499092102,1.1198704242706299,0.3320291042327881,0.7174664735794067,0.04879870265722275,0.5075457096099854,1.8417298793792725
-1.1659717559814453,-1.314328908920288,2.1449413299560547,0.11707490682601929,0.08895185589790344,0.2653725743293762,-1.4155038595199585
1.0931310653686523,1.0874391794204712,1.3469539880752563,0.2600311040878296,0.07710275799036026,0.49075746536254883,1.360826849937439
0.6280327439308167,1.617112398147583,-0.33324912190437317,1.3954949378967285,0.024771040305495262,0.09324997663497925,2.315495491027832
-0.0016109669813886285,-2.590731620788574,-1.0369679927825928,2.8206517696380615,0.0059567103162407875,-0.5700089931488037,-2.1303915977478027
-0.5950130820274353,-0.3339395523071289,0.20095199346542358,0.8179516792297363,0.04413347318768501,1.0265536308288574,1.1665658950805664
0.020764004439115524,-0.7417158484458923,-0.6868245005607605,1.9873945713043213,0.013705204240977764,0.9360499382019043,1.062981128692627
0.5869143009185791,0.8420765399932861,1.538923740386963,0.2146119475364685,0.08068545162677765,0.6873763203620911,2.12886643409729
0.2819172143936157,0.7081875801086426,-1.0248841047286987,2.7867724895477295,0.006161977536976337,1.0382193326950073,2.4901928901672363
0.14907126128673553,-0.30156269669532776,0.5522143244743347,0.5756736993789673,0.05623259022831917,1.0124409198760986,1.5227619409561157
-0.48629656434059143,0.9165153503417969,-0.9372892379760742,2.553051233291626,0.007784378714859486,0.863893985748291,2.440378189086914
-1.2120232582092285,2.793611764907837,0.8896654844284058,0.41079315543174744,0.06631240993738174,-0.8989838361740112,1.539718747138977
-0.38690656423568726,1.6508232355117798,1.4153997898101807,0.24282851815223694,0.0784405991435051,-0.05565866827964783,2.4424216747283936
-0.0701383426785469,0.07625436037778854,-0.802821159362793,2.231828451156616,0.01073320023715496,1.2202768325805664,2.010471820831299
-0.19049058854579926,-1.2926219701766968,-0.6420522928237915,1.9003770351409912,0.014951223507523537,0.464638352394104,0.1190791130065918
-0.6070668697357178,0.22061660885810852,0.5876848101615906,0.5556121468544006,0.057372093200683594,1.0313239097595215,1.7084208726882935
-0.6327618360519409,0.2929951846599579,-1.2121565341949463,3.360724449157715,0.003471010597422719,1.2934556007385254,1.8543885946273804
-0.4564960300922394,1.1981316804885864,-0.5892031192779541,1.8025513887405396,0.016487767919898033,0.5443536043167114,2.507472276687622
-0.7059869170188904,-0.4702291190624237,0.8886446952819824,0.411212682723999,0.06628459692001343,0.9325857162475586,0.8323204517364502
-0.08240744471549988,0.12216766923666,-0.9982070326805115,2.713412284851074,0.006631015334278345,1.2638880014419556,2.068626880645752
0.2170642614364624,-0.7612480521202087,2.108160972595215,0.12146113067865372,0.08856254816055298,0.7361217737197876,0.8591348528862
3.75685453414917,14.054330825805664,1.649068832397461,0.19222882390022278,0.08251180499792099,0.10196429491043091,1.038759708404541
1.0993129014968872,2.7959156036376953,0.8529278635978699,0.4261653423309326,0.0653008371591568,-0.898229718208313,1.803070068359375
-1.8076601028442383,3.4533722400665283,-0.4867854118347168,1.627077341079712,0.019650304690003395,-0.7890814542770386,0.4758376181125641
-2.5929112434387207,8.293563842773438,1.5621498823165894,0.20968478918075562,0.08108397573232651,-0.40459296107292175,2.1734445095062256
-0.39663857221603394,-0.3689171075820923,0.8120299577713013,0.4439559280872345,0.06414936482906342,0.9771139621734619,1.30059015750885
-1.029983401298523,0.44881701469421387,1.3052164316177368,0.2711138427257538,0.07625296711921692,0.928072452545166,1.1855114698410034
0.2968654930591583,-1.513479232788086,0.33462560176849365,0.7156059741973877,0.04888957738876343,0.12884631752967834,-0.4743131399154663
-0.21829284727573395,-0.3588671386241913,0.257839173078537,0.7727195024490356,0.04617556184530258,1.013567328453064,1.4411389827728271
2.2559733390808105,4.704014778137207,-0.9929554462432861,2.69920015335083,0.006725928746163845,0.26154592633247375,0.8731510639190674
-0.6983488202095032,-0.05872824788093567,-1.240590214729309,3.457653522491455,0.003150359960272908,1.344041347503662,1.4279768466949463
-0.03464227169752121,-0.31864872574806213,-1.4070775508880615,4.084002494812012,0.0016839929157868028,1.3580598831176758,1.657606601715088
0.8646822571754456,2.9106521606445312,-0.11499743163585663,1.121870517730713,0.03256700560450554,-0.8612645268440247,2.4037795066833496
0.8854008316993713,1.157582402229309,-1.058217167854309,2.8812296390533447,0.005606577731668949,0.6896777749061584,2.009920597076416
1.2723805904388428,1.1332765817642212,-0.15085263550281525,1.162825345993042,0.0312601700425148,0.5399766564369202,1.0279515981674194
-1.175695538520813,2.835224151611328,0.48989808559417725,0.6126888394355774,0.05418918654322624,-0.892166256904602,1.673062801361084
-1.2432796955108643,0.9485784769058228,-1.173401117324829,3.2329697608947754,0.003944019787013531,0.9061357378959656,1.1899524927139282
0.17281784117221832,2.348888397216797,-0.6144807934761047,1.8486964702606201,0.015744227916002274,-0.5170521140098572,2.8245787620544434
-1.368720531463623,0.2856330871582031,0.7680877447128296,0.46389931440353394,0.0628826841711998,1.0058733224868774,0.25489044189453125
-1.3110692501068115,0.8872077465057373,0.3570939004421234,0.6997067928314209,0.04967309162020683,0.7015500068664551,0.8124741315841675
-0.36589133739471436,0.7889089584350586,-1.184883952140808,3.2703073024749756,0.0037994750309735537,1.0316506624221802,2.5131728649139404
1.6323208808898926,2.856309652328491,-0.39953193068504333,1.491126537322998,0.022511890158057213,-0.810469388961792,0.46697407960891724
0.5956682562828064,-0.7325806021690369,-2.178231716156006,8.830677032470703,1.4617924534832127e-05,1.626518726348877,0.9110466241836548
1.9532432556152344,5.074055194854736,0.7905827164649963,0.45358040928840637,0.0635349303483963,0.3991911709308624,2.6455516815185547
-0.3618699908256531,1.9864161014556885,0.2804284393787384,0.7554600238800049,0.04697944596409798,-0.3282110393047333,2.532012939453125
-1.6835341453552246,1.89114248752594,-0.24202236533164978,1.2738226652145386,0.027976015582680702,-0.1875128597021103,-0.12995189428329468
-1.7958706617355347,3.382629156112671,0.7093088626861572,0.491984099149704,0.06114121153950691,-0.9218927025794983,0.35886210203170776
-0.6107195019721985,-0.35004350543022156,0.2748173177242279,0.7597109079360962,0.04678016155958176,1.0153288841247559,1.1255383491516113
0.39340752363204956,0.060737624764442444,-0.9615291953086853,2.6156933307647705,0.007311707828193903,1.2597253322601318,1.857947826385498
0.016395634040236473,1.1483780145645142,0.6282302737236023,0.5335351824760437,0.05865278095006943,0.46332091093063354,2.593310832977295
-0.8129082322120667,0.8971178531646729,0.29533496499061584,0.7442822456359863,0.04750751703977585,0.6982932686805725,1.878081202507019
0.5585876107215881,0.9342447519302368,-0.6105883121490479,1.8415144681930542,0.01585770770907402,0.7785773277282715,2.3243660926818848
-0.2766872048377991,-0.24990558624267578,1.4212605953216553,0.2414095103740692,0.0785519927740097,0.993076741695404,1.5081651210784912
-0.9414272308349609,-0.3098903298377991,0.0453469380736351,0.9556658864021301,0.038455598056316376,1.047933578491211,0.6694782972335815
1.699174165725708,3.0003490447998047,0.8357308506965637,0.43355751037597656,0.06481990218162537,-0.9466859102249146,0.2995728552341461
-0.7727257609367371,1.88246750831604,-0.8333513736724854,2.3010172843933105,0.010015690699219704,-0.0765480101108551,2.208838939666748
-0.6625009179115295,-0.3115892708301544,-0.27519530057907104,1.316787838935852,0.026799475774168968,1.083526372909546,1.132758617401123
-1.331359624862671,1.6791025400161743,-0.5509164333343506,1.7348421812057495,0.017642805352807045,0.06538962572813034,0.9717715978622437
-0.07900327444076538,-0.28585270047187805,0.7594196200370789,0.4679379463195801,0.06262923777103424,1.0062153339385986,1.5507581233978271
-2.3008360862731934,5.872281551361084,0.9293377995491028,0.3948150873184204,0.06738046556711197,0.9562417268753052,2.3931961059570312
0.19111268222332,-1.1023894548416138,-0.41054409742355347,1.507637858390808,0.02214324101805687,0.602229118347168,0.4273221492767334
0.8268678784370422,1.5831915140151978,1.6713143587112427,0.18799979984760284,0.08286149054765701,0.006405109539628029,1.9024550914764404
0.1638936698436737,-0.8656283617019653,-0.7949842214584351,2.2144060134887695,0.010921837761998177,0.869602382183075,0.8715233206748962
0.36586710810661316,-1.753312349319458,-1.3798309564590454,3.9742298126220703,0.001879377057775855,0.21591858565807343,-0.672927975654602
-0.7404471635818481,1.005641222000122,0.6064723134040833,0.5452710390090942,0.05796846002340317,0.5900739431381226,2.0121219158172607
0.33712533116340637,-1.6267740726470947,0.2650330364704132,0.7671806216239929,0.04643203318119049,0.020769547671079636,-0.7207373380661011
-1.2582937479019165,2.2858147621154785,-0.31815192103385925,1.3745850324630737,0.025294452905654907,-0.5181728601455688,1.2068978548049927
0.4451397955417633,1.5478414297103882,-0.04174046218395233,1.0426238775253296,0.03525284677743912,0.12721526622772217,2.475943088531494
-1.8055294752120972,4.132536888122559,-0.6980028748512268,2.009735107421875,0.013402417302131653,-0.3469266891479492,1.5325011014938354
-0.022300291806459427,-1.9158586263656616,2.434781789779663,0.08761686086654663,0.09161118417978287,-0.3294936418533325,-1.2441133260726929
-0.4781173765659332,-1.9132635593414307,0.36471831798553467,0.694392204284668,0.049937788397073746,-0.2663728594779968,-1.4063403606414795
1.19527006149292,2.59079647064209,-0.32155364751815796,1.379269003868103,0.02517625130712986,-0.7141811847686768,1.506809949874878
1.414811611175537,1.1899003982543945,1.29048752784729,0.2751366198062897,0.07594683766365051,0.39926600456237793,0.5740682482719421
1.2026910781860352,2.257772922515869,0.45569896697998047,0.6340046525001526,0.053046323359012604,-0.5708020329475403,1.2695934772491455
0.2640899419784546,0.856435239315033,0.47987356781959534,0.6188616156578064,0.053855717182159424,0.7170209884643555,2.4423840045928955
2.397437334060669,5.047379493713379,0.002024513902142644,0.9979775547981262,0.03686242178082466,0.42855796217918396,0.7145538330078125
0.09871315956115723,1.3698886632919312,0.3391576111316681,0.7123701572418213,0.04904802888631821,0.2707958221435547,2.6264400482177734
-0.39628517627716064,-1.0844253301620483,0.058484431356191635,0.9431928992271423,0.038938261568546295,0.5617401003837585,0.29043447971343994
0.6712945103645325,1.0085021257400513,1.980347990989685,0.13802120089530945,0.08710802346467972,0.5469306707382202,2.0741424560546875
0.14355982840061188,-1.0568722486495972,-0.49727678298950195,1.6442375183105469,0.01931597851216793,0.6560219526290894,0.5323011875152588
-0.8394975662231445,0.6087257862091064,0.1099284291267395,0.8958982229232788,0.04082407429814339,0.9099671244621277,1.692620038986206
-0.36673441529273987,-1.0321471691131592,-0.46049341559410095,1.5848557949066162,0.02049773558974266,0.6714624762535095,0.4552803039550781
0.5962873101234436,-0.5589531660079956,-0.8175117373466492,2.264857292175293,0.010384485125541687,1.074296474456787,0.9646896719932556
0.6858277320861816,0.826367974281311,0.9356087446212769,0.39234694838523865,0.06754697859287262,0.7167862057685852,2.010693073272705
1.027577519416809,0.3849886655807495,0.8841599822044373,0.4130610227584839,0.06616219133138657,0.9681087732315063,1.1507002115249634
1.0810407400131226,1.0840827226638794,1.5635210275650024,0.20939747989177704,0.08110727369785309,0.4886634051799774,1.3815923929214478
2.2011921405792236,3.5406012535095215,2.358854293823242,0.09452846646308899,0.09098018705844879,-0.9119938015937805,-1.0995073318481445
0.35770300030708313,0.6534644961357117,-1.0568803548812866,2.877380609512329,0.005628199316561222,1.0817203521728516,2.408264636993408
0.08363764733076096,0.1899929940700531,-0.6236369013786316,1.8657010793685913,0.015478765591979027,1.168575644493103,2.103071928024292
0.8377363681793213,-0.2360174059867859,-0.8145846128463745,2.258237361907959,0.010453457944095135,1.1981006860733032,0.9934748411178589
0.7241990566253662,0.11116540431976318,1.182653784751892,0.30646437406539917,0.07360447943210602,1.0244739055633545,1.4384346008300781
