B,T,L,R,Y
-0.250919762305275,5.046822734943624,47.089601218355625,241.65287000822613,0.7445289170835302
0.9014286128198323,4.987915196287999,16.562516036856056,86.61242542899801,0.31767745962323835
0.4639878836228102,7.625018322084147,24.680310323067093,192.1878184081091,2.8459676557184794
0.1973169683940732,4.998184799398024,19.20165733557693,99.97343181793018,-1.9572584551192844
-0.687962719115127,5.087798904514524,8.043056253874433,44.92145279741103,-0.09265435751147609
-0.6880109593275947,7.037593049671855,16.847396857133273,122.56512302682458,-0.29519513144674814
-0.8838327756636011,5.79895936980216,5.726571540537433,37.20815569184194,-0.35980867904581626
0.7323522915498704,7.106842227820724,6.059288034715425,47.06240407564443,1.3184161299523245
0.2022300234864176,4.2614646302575405,5.701952206485874,28.298667651358492,0.5569236348228761
0.416145155592091,5.950284774693538,22.9471989114028,140.5423683043842,1.5053418610179394
-0.9588310114083951,4.13445440073313,7.1750055154676025,33.664733128709514,-2.34764297597614
0.9398197043239886,4.250612813821418,5.52531068810158,27.48595641118901,-0.6914302378227976
0.6648852816008435,7.625749813377643,17.586452230424094,138.10988481413136,2.93974040485971
-0.5753217786434477,4.556981484470381,17.93469193200146,85.72805906381097,-0.13131078202079016
-0.6363500655857988,6.129682729100868,5.741436524449758,39.193184304148595,-0.11224940473791145
-0.6331909802931324,5.644382410402827,36.53311534685685,210.20687366101637,-1.3914595550458617
-0.39151551408092455,5.38937330503537,5.432881377290221,33.279825864191714,-1.2402653208337533
0.04951286326447568,7.59933338274909,21.056966468967616,164.01890822705383,2.0951543356152516
-0.13610996271576847,4.087293587101958,1.780441919612219,11.277188840238523,-0.8009319582405003
-0.4175417196039162,6.655158744702357,16.880805807938685,116.34444239032547,-0.8675218991564335
0.22370578944475894,7.853577736854202,134.57226310312424,1060.8737295047827,2.591882201826453
-0.7210122786959163,6.240672733847368,37.938425175942726,240.7612955606143,0.19955075495581992
-0.4157107029295637,7.747289848132367,128.00470692489046,995.6895664723628,0.8146640604534944
-0.2672763134126166,4.209031517144095,13.827485365248442,62.20032170517943,-1.220846985044028
-0.08786003156592814,5.675173276296645,5.6627906002114,36.13731788358358,-1.143068894239275
0.5703519227860272,5.040631163848205,8.93098202097552,49.017786298697224,2.601474828780912
-0.6006524356832805,6.923283859922919,14.606151868808167,105.12253548890257,0.8619296408939224
0.02846887682722321,7.925188361988987,198.97298963473003,1580.8984218033177,-0.7642823453072327
0.18482913772408494,5.026120249776991,3.729489938005703,22.74486489875,-0.16878561476389997
-0.9070991745600046,6.616698405896297,66.82297057643453,446.1474428903495,0.7351925621275008
0.21508970380287673,4.7923905310389605,26.82003373353913,132.53207570675843,0.25213869276502177
-0.6589517526254169,6.26132101828644,142.63382914258762,897.0761923291607,1.749674776114597
-0.869896814029441,5.855729946753344,12.4059771009798,76.64605162894365,-0.6771955015388559
0.8977710745066665,7.888021318526148,105.24940494773054,834.2095499898899,1.3729559535754499
0.9312640661491187,6.434109090785866,244.37559901081462,1576.339263161724,2.08495450982159
0.6167946962329223,5.398025488347275,8.015451106339354,47.267609372621195,-1.3879982389502756
-0.39077246165325863,4.4563831395517335,2.000008283384277,12.912803193037497,-2.1828564898029024
-0.8046557719872323,4.604987314939738,1.5257462331104377,11.026042049290654,1.170208131649138
0.3684660530243138,4.90126771980494,23.649592604490515,119.912984818927,3.1851043796398666
-0.1196950125207974,5.003866645361192,1.8566673152950057,13.290515650536992,0.040202995143250764
-0.7559235303104423,7.402464231364551,27.907990976434206,210.58790497229884,-1.8740351055551923
-0.00964617977745963,6.2448911531301,35.1547155252347,223.53737197434353,2.0414056464308876
-0.9312229577695632,6.093563645497466,25.329186807716653,158.34501190151622,0.6862888234924609
0.8186408041575641,4.45907548747687,14.224738659423469,67.42918347199978,2.2875422180589533
-0.48244003679996617,7.44055877339774,51.55087800897185,387.5673376460121,0.9350059334631249
0.32504456870796394,6.891257212833935,112.67351846347763,780.4621968068178,0.8603161174259288
-0.3765778478211781,4.270673447600006,3.2642183883569635,17.940410798323768,3.2426077243862785
0.040136042355621626,6.831340388919075,15.466479295892444,109.65678468841071,1.1337865376818645
0.0934205586865593,6.174152869370584,10.119021701907078,66.4763868760528,2.353035217713571
-0.6302910889489459,4.3269013829871135,19.958248237033143,90.35737189881883,-1.1174888400326677
0.9391692555291171,5.833202566114625,45.46759486500686,269.22169104161816,0.43769496930316865
0.5502656467222291,5.9387851485201875,30.588309503081742,185.65739819524077,2.2953164535295496
0.8789978831283782,4.663098160653103,33.617364941984924,160.761072626974,1.5659351774071795
0.7896547008552977,7.782792588001129,15.079789847253501,121.36287665181924,2.163740033800714
0.19579995762217028,7.399901485922648,214.25670549458735,1589.478513358288,-0.5435500034248052
0.8437484700462337,6.676089349316433,129.18988468483323,866.4832131838333,2.7422250533117474
-0.823014995896161,5.849182244002429,38.86962585406128,231.355525376593,0.14309630998676154
-0.6080342751617096,5.647062166338034,100.01598187216369,568.7964672594462,0.3214724881037021
-0.9095454221789239,6.603893868603817,5.182687409306728,38.225917605210896,1.0000605242415477
-0.3493393384734713,6.181727477627621,13.019075167182761,84.4803746942731,-0.34535253959993517
-0.22264542062103598,4.249092423527543,4.011810962953962,21.046555567312414,-0.14224592839066041
-0.4573019364522082,6.050010595081327,42.37186672178512,260.35024260017383,0.161308833617813
0.6574750183038587,7.225614468931358,12.970356634964386,97.71879656879851,2.38523117618855
-0.28649334661282144,5.836959510387832,39.48713428438983,234.48480399923065,0.8074835766851219
-0.4381309806252385,4.207826310217074,32.28004699014327,139.8288310201683,0.12739212675141143
0.08539216631649693,7.145112797536132,71.3615564199842,513.8863700285258,-0.31760201943617206
-0.7181515500504747,4.805455128543898,14.67989085089292,74.54355677588802,4.278785752717125
0.6043939615080793,5.034483339552155,4.615260574504236,27.235452470033486,-0.08871537883712244
-0.8508987126404584,4.658825413729184,4.40421369553862,24.51846269226945,0.8029049458923374
0.9737738732010346,5.32086025948599,49.90139883048733,269.5183699299007,0.3145342229888748
0.5444895385933148,7.02700602275454,73.17486701953375,518.2002312605262,1.6053666160641797
-0.6025686369316552,6.077543438015749,20.080560336338586,126.0404777037939,1.0761793083163453
-0.9889557657527952,4.819525096602851,7.329102032056683,39.32279117906013,3.0358712748382515
0.6309228569096683,7.511320312608163,5.639820750579133,46.36250016329406,1.0655320334959426
0.41371468769523423,7.518327419806116,14.70681940356745,114.5706835799778,0.8055830538844646
0.4580143360819746,7.482313700184028,285.0247268070755,2136.644418279791,-0.21483052735205227
0.5425406933718915,4.955184845526157,3.31062453136106,20.404756507027457,1.7158077478033826
-0.8519106965318193,5.804957376723952,22.02016247051265,131.8261045698623,1.648132459456611
-0.2830685429114548,7.9399586245635,145.10001822264678,1156.0881411112255,-0.8226334932687356
-0.7682618809497406,7.088049905239961,9.86607677559812,73.93124455436843,-0.2941992826958404
0.726206851751187,4.108669684902239,9.384367915199743,42.55726796515041,0.9846423224302084
0.24659625365511584,4.260818365041969,21.50584416945,95.63249579292331,1.4640139309181133
-0.3382039502947016,5.855725507249331,18.922696517441192,114.80611666311847,-0.2802351136150675
-0.8728832994279527,7.636880823446241,801.7873855253429,6127.154708999589,-1.557437292046549
-0.3780353565686756,6.154807191810857,4.0910609484991705,29.17969134795924,0.9852065204502918
-0.3496333559465059,5.991250032137161,57.647884239860836,349.3828883047056,1.4279170135235018
0.45921235667612814,4.421894799826522,7.676361428143172,37.94406268069519,1.5434376730330908
0.27511494271042625,6.627120418897176,59.47049839439366,398.11815423147794,1.9536896026993993
0.7744254851526531,7.2884126424009015,59.472467412790756,437.4598833661598,-0.9423370939628964
-0.05557014967610141,5.521680030030249,7.5964711561704235,45.94528308172703,-1.6052039795453719
-0.7608115081233966,7.10244740370131,43.82568645838186,315.2696330017619,0.2597152364622748
0.42648957444599,7.857906615603246,7.933163279348477,66.33805621545315,1.554195822504596
0.5215700972337949,4.815065836510756,20.303238773752735,101.76143139001734,1.8179921515041442
0.12255439513899247,6.093318524778965,28.355406809665173,176.77852559097641,-0.18972112327014834
0.541934359909122,5.148551832338303,24.851946633141058,131.95153537523208,0.6882261824055902
-0.012408807271218514,7.171417676135357,103.94138797980422,749.4071070404111,-1.9062924964461703
0.045465658763988115,6.3103734635246305,33.879380075806935,217.79154099103718,0.3139710307654383
-0.14491796328290074,6.538329670201215,30.485594327302938,203.32486590392264,-0.9917650353279264
-0.9491617465118096,7.191656638463576,15.100985137253433,112.60110000966846,-1.3668763905822714
-0.7842171460133911,5.5838818906498195,8.00222943055802,48.68350400211794,-0.9787189062037792
-0.9371416286265315,7.660360273628173,150.9448830083135,1160.292185304337,-0.4169515658315808
0.2728208225275608,6.13211546898456,90.23281289117516,557.3180277399646,3.8599452872654014
-0.37128803784734665,4.631819291341392,7.9868721245483005,40.99374838395963,1.3447300206482944
0.01714138232940554,6.78359647267521,31.1184528852733,215.09502722764967,-0.7687355858183642
0.815132947852186,7.173045401753018,14.61295298114404,108.8193751874283,1.5973269577688927
-0.5014155417022501,5.267046708270106,44.98280022131236,240.92650983443508,-0.37513181928836214
-0.17923415392874054,7.428717027995011,79.82009882270451,596.9609273004695,2.300206818446177
0.5111022770860973,7.624573019063066,315.2934984058109,2407.9783010309498,1.745711485083847
-0.5424036690167551,5.107617949511235,5.341389887031615,31.281778862340463,1.6633093487859847
-0.846040180342414,7.934085890860889,36.19912858890269,291.20699539867184,-0.3546638815743466
-0.42049709417246395,4.562846112195034,12.340283331452412,60.30681382230282,0.5637861318765183
-0.6775574254919912,4.80806267360996,21.126345732560708,105.57679434650422,2.4734760527737842
0.8593953046851461,4.7368993569521045,8.60877507776991,44.77890113003359,2.9767089024551594
0.6162407591288339,7.575958840031482,18.449150564497604,143.77000531017742,3.262116933104412
0.26680751302084693,6.6171702092998474,66.022304610164,440.8808272156972,-1.079680596125764
0.7429211803754354,4.608417132889091,20.60108880458173,98.93841060320409,3.831559639925257
0.6073441537982289,5.761293673473396,7.130438520939224,45.080550339778156,1.1790277582540682
-0.6268598822279283,6.461192100279208,98.10505077651571,637.8755790747139,1.8495274795370764
0.7851179969799555,4.333856339957533,28.138166105304453,125.94676957025187,-0.7747071297750432
0.07868448383130144,7.529665473629355,49.359449859474886,375.66014540422736,-1.396866488614935
0.6148803103281251,7.214414141766141,39.91710517905332,291.97852810212873,-1.0135553391117835
0.7921825998469865,6.0208270943065525,35.32077501878346,216.66027922499748,2.7010877860026983
-0.36399305005627225,7.868506461036682,21.596908085670307,173.93541081051217,0.05672254089049322
-0.7798961509446465,5.671043917100398,17.558768200554553,103.5765455955308,0.5004884984240928
-0.5441296749161166,7.936441276145992,6.146218984378598,52.779106039854405,1.0292075789288861
-0.14578442274748737,6.671679995214508,67.51134400626654,454.4140832566534,0.38145814899158714
0.6360295318449862,6.538685093015766,5.517083250920819,40.074470009722916,2.5829561704474298
0.7214611665126869,4.66381958118314,46.30868937737379,219.97537229712356,1.8091669139990292
-0.9860957389376186,7.527711033218576,30.992195745414474,237.30029385642635,-2.040655575417122
0.021494605155131463,5.709958751682461,14.059697819084453,84.28029460809208,0.6903018101664021
-0.16517799370244202,4.648933623129917,5.456092670615776,29.365012667338384,0.8303751114627269
-0.5557843790585395,4.050430079903036,5.681277764823987,27.01161835092736,-0.964358421084053
-0.7602692653326344,6.23902273455353,93.50759962699995,587.3960399263818,2.8430858179184915
-0.3247696571927441,6.109598488490706,1.7629536060217224,14.770938686629554,1.8757823871695958
0.8858194078250383,6.877414489476634,111.68390795398643,772.096526804121,-0.8890195116023385
-0.35359413595848954,7.561032212071209,61.469405970214986,468.7721585976778,0.03305045236937976
0.037581243486732197,4.3176263385721185,2.590346165539315,15.184146830351839,2.328322735311053
0.4060379177903557,6.92598596136145,10.888210383042457,79.41159225730203,-0.38124561154434733
-0.27274079524141204,4.749647776390329,57.46734741174562,276.9496588492481,1.3560419647986979
0.9435641654419213,7.432708212628656,15.972160314493724,122.716407142959,1.9642701947780712
0.9248945898842225,7.276254055446625,11.998438509674877,91.30368686504877,2.2677149320853855
-0.4964354083492717,6.1631750199421775,67.95882807606526,422.8421515829505,0.18572899798485298
-0.005502988215229099,6.840971194493246,42.90714977770857,297.5265756671116,-1.0267822010548175
-0.3982433803664607,5.257400452734993,5.42368053143142,32.51446048143751,-0.6982464330386214
-0.4303190112450648,5.884671595731259,23.546113459364328,142.56114506418675,0.17046375797826918
-0.9262261052909344,7.286547590841886,13.701716429082202,103.83820883672762,-1.236230247453115
0.2191286679597937,5.837060788692856,55.66501166673741,328.9200569020433,-0.5974474391525026
0.005358046457722976,5.431193061301768,43.6833706573814,241.2528196086431,-0.21911133232500446
-0.8970424975000213,5.9768497890012,33.798995845091035,206.0115211851848,0.7560109569375395
-0.44270707152677713,7.312997009748873,55.59868590201883,410.5930237474305,-2.1732439460728123
0.8165317719333074,5.340832189483491,84.06616939248562,452.983303537959,-1.1826374486680562
-0.5208762186660552,4.695046372542976,10.456350672284232,53.093051293945386,0.99403552120158
-0.7102102558175538,6.848056081323123,9.413585531996791,68.46476164944599,-0.15748628625629174
-0.02109447944487397,7.303912850832328,60.42665637219233,445.35103200968473,1.904082250023432
0.9713009082212014,4.402549914094133,72.77132618895105,324.3793958616826,0.11154062155184707
-0.5158894569769992,4.959496451023779,4.327494479229195,25.462193511562187,1.2255284274196065
0.3442710948117571,4.567887959043976,6.83790373265293,35.234778125487175,1.7423528907956178
0.5232392306574352,5.3917656463286665,22.47332075114634,125.17087878495597,0.8462183019198286
-0.5247249120152007,5.80140391562165,17.232499535194954,103.97269027942828,-1.0854208180596419
0.45643269722371915,6.995305347853225,12.370926636087827,90.53840925532509,-1.0290785528009878
-0.26443373456149355,6.6045903395266965,83.44210399126692,555.1009139305035,0.8382441714961762
0.26461166118715895,6.483714269913724,260.31641112394266,1691.8172294970348,2.5438799374333287
0.2670594215217894,5.409499786438618,18.19017025397961,102.39972210418479,-0.8985925740613634
0.07154936814951696,7.365790212339039,16.100121465992135,122.59011711167453,-0.7462324025699429
-0.8194204598911834,5.885148669592658,4.029385205050239,27.71353097877775,1.6487754113817392
0.6706049911784759,7.916419752060618,67.77448910494529,540.531304236206,3.34214296078288
-0.35843987005652833,6.536568553182947,79.2146787902209,521.7921783306462,0.967923045929824
-0.6269629792002915,4.5050589662580105,15.297619523962139,72.91667799882923,-0.44805233632418473
-0.9184497168904722,6.704710248301736,28.501345116527947,195.09326069316955,-1.4425343891291613
0.18178588637648363,5.300416061726796,7.853320053034461,45.625863746985,1.1847081885296258
0.35512872368456483,6.74530878674439,9.781479597131566,69.97910027389253,0.07638426535625825
-0.9668243421442877,4.278564592649623,19.570701425670148,87.73451017318979,-3.3025860000906944
0.024186116598561958,4.699525748703838,26.14177202639293,126.85393075477927,1.9642918493857324
-0.5470084496041241,7.422949035623145,8.721094369370096,68.7362390386942,-0.4008003718689213
0.2903455808188997,4.9087182280940596,57.065406488119734,284.11800102183037,2.542574251514619
-0.6512671419900171,7.348164500971761,69.97608014092252,518.1957480086819,-0.32540664229019245
0.3818754762049319,5.117104353817641,52.360203210230544,271.93262381384716,1.0502218168979716
-0.22652930739892518,6.57152764023483,6.984099544324878,49.89620319768242,-0.8104708764786623
0.873459977473469,6.776602294039324,7.557020445987201,55.210922090378936,1.1915869937978205
-0.7249581117080135,6.050619012580212,17.749195598902194,111.39362034872264,-1.169840330084715
-0.317867297899483,5.221242706786925,22.49753573421801,121.465094372964,-0.11524286926636068
-0.7730529575188219,4.8505775054843845,68.14580328366219,334.5465005008957,0.5636422617686223
0.8493872365571256,4.132757418249705,15.99790254869345,70.11545043454872,-1.3746279152035252
0.754678706761962,5.215785604962895,10.646290543086637,59.52876896088389,2.2536850388951457
-0.4841167445696888,6.6126511621251325,9.77625389547458,68.64695668314033,-0.47559615783473896
0.3199680920683581,7.753219273793931,165.10971785571178,1284.1318467695826,1.342164005842097
0.6344444004024317,7.484817929052208,16.082046712640004,124.37119157062303,1.0804266267583391
0.11040162319892466,7.06425910614121,174.26865589036504,1235.0789392885004,1.8623752045605526
0.05930115671201297,7.153789373013195,26.910324863820783,196.51079603513386,0.3353307248955862
-0.5162954181990966,6.6599396139039815,137.0782429970556,916.9328207404467,-1.83225342164143
-0.8137944643882016,5.041147430264012,24.52038972699984,127.61089966133731,-3.038628534912117
0.7944315159066535,7.628780122823319,39.54323269426634,305.6666275701962,1.9695975995553296
0.8008361143266609,6.682929247623337,16.811585334488907,116.35063533077147,2.657302508009531
0.2662029145465359,6.24176252392176,16.1185919397851,104.60842310813798,1.133973719311282
-0.32194041790259864,4.443957876853924,14.158223633750156,66.91854943946339,1.1164312504602683
-0.3015808507746782,5.788222175225702,19.51664290426026,116.96666524440057,1.6721523191801477
0.45191135774047875,5.841433084807705,10.24618185600449,63.85238568662105,-0.7216187585020647
0.7942205199051542,7.45825443809068,35.28633606623479,267.17447256995484,2.612545205935951
0.7741728485302346,6.186592880751154,23.852128773333018,151.5634100598618,0.889696486444961
0.5597510917152477,5.521602195881639,1.8814956207661546,14.388870351164085,0.1408263783337247
0.2840632923085755,7.907201314042638,82.4151081802003,655.672851699446,-0.5833869457280183
-0.8317200700099023,4.442882373305263,3.4615621026358743,19.37931324990243,-0.8074493106695078
-0.6767425718107725,5.690193713247778,5.429051567573339,34.8923550987038,0.05772156727456461
0.7971083770541585,4.168098700685621,1.4869172295700184,10.197617772597857,0.9000543607722884
0.21285811931917986,6.959616483067721,5.397391296843366,41.56377343507735,0.5922907663109459
-0.9816058967667407,7.672306208796602,11.94969316269584,95.6817050453656,-0.9980426178202496
-0.7970569142679358,5.120149318201958,6.366524405637033,36.59755559483858,-1.3021698208477848
0.3270035382161116,7.433366707196484,290.0178553114977,2159.809070165014,0.0919870993901748
-0.9898768323075626,5.168872921847591,7.834654556358952,44.496333788393635,0.12114744915006881
-0.6783838971650027,7.643080646575661,54.55942254114286,421.00206651255286,1.0717139904174189
0.09746757873317224,7.015847614387136,49.819436233387094,353.5255728481209,-1.4655208659034284
0.3837903953853865,7.2196271073657545,42.13499960706623,308.19898533202075,2.253738706230394
0.30392251900520106,4.072026222401818,7.089179804855064,32.86732606069123,-0.40989087765234167
-0.5514613810788804,7.851241428296104,15.337900935339695,124.42156324664057,0.6788330702956873
0.4243584426950717,6.906683968281293,134.86435997471287,935.4655129298666,-0.02555518320648642
-0.5255018250063999,5.219004381544533,82.82242304160839,436.2505887442891,-1.4416477924327629
-0.34920060368146455,7.317578659435387,7.214772322500974,56.79466397981822,-0.3868216144874949
0.4929828102360483,5.12608479365972,4.659992347381898,27.88751591048501,2.399758024676072
0.2992657980944293,7.491015358264512,31.99876591037388,243.70324688012164,3.61280760938857
0.6984468209883559,4.450321561647748,3.5276184595621136,19.699036491855885,-1.5188520710518985
0.31522578460068673,6.814743909843183,50.0657683643498,345.1853900525723,0.34871421554888093
0.13661720667094324,6.162793906579641,10.518385762255477,68.82264368268211,1.959974117420797
-0.812650464343815,4.386137880781764,78.11054041178447,346.6036001884626,-1.2459479440415668
-0.26456839388113296,4.967575313035356,39.42248153307308,199.83414604228605,0.9994471584637324
-0.4695952646365491,4.049616145109259,9.368772675382395,41.93993308608702,-2.5357240093290914
-0.5120207132418328,5.875071861858023,52.695085358741686,313.58741324935,2.029314306786437
0.9460211095048912,5.2050610430400015,40.78975495676254,216.31316448059252,2.6584759332768817
-0.2138045506664792,6.393429937191035,13.912218468602742,92.94679404990679,1.9354059420521954
0.7840931103542266,5.188951230834469,5.9195377961619995,34.71619293336597,2.9354786122589394
0.2622772519945258,5.199676446027938,14.555679862258316,79.68482573570775,-0.8234446820442081
0.5896226070832968,6.9727727949264136,77.32540235317992,543.1724618849919,-1.7067223512750156
0.005274186210384224,4.192571343913414,9.349716954628391,43.19935537767639,-1.1627348075328185
0.15380776925271822,7.611579980767949,9.288652633078103,74.70132243024479,1.4713946333729018
-0.0149646123622722,7.409055497564726,18.205127857880058,138.882802639295,1.368346128526125
-0.609514024403911,6.671218732905626,26.092202185723632,178.0667880041606,-0.16126023148366073
0.44490423052301065,6.372886280429537,22.438484346648696,146.9979090463904,3.012486438948815
-0.4384552751182884,7.5692099925586085,316.44427922044645,2399.2332003634097,-0.07348255937870252
-0.9513680671370923,4.741320718114858,2.6769348215192994,16.692206530312554,0.6944415479030684
0.29094459181433563,4.3158766487633144,14.34680925935599,65.91905906671582,0.06558708723892806
-0.6457786411859021,4.958040679638152,52.88572470754774,266.2095744721662,2.04665093647606
0.8809171687058286,7.178313114800761,350.9368535352628,2523.1346181990907,-0.4416334233667665
0.9078571540051747,4.138681066905933,5.285372557784682,25.87447133644765,1.6703043079321702
0.829728780440897,6.3312273403339585,38.74660437343963,249.31356095422433,2.0584605791320567
-0.2596825994891112,7.98175006476524,95.64423187585614,767.4083539695364,1.0326654455933688
-0.9690867669422651,7.422784375350158,49.74320738103998,373.23310252778623,-0.740373682583372
0.8566371251754508,6.085782756174358,18.992538221545097,119.58446160466156,2.413664907169074
-0.14363170336537134,4.254563637146569,12.978020659361809,59.215814779457695,-1.7307179985298267
0.9333096380873391,7.325494057542839,3.0972076377705964,26.688576145464797,0.9372058607834934
0.9272399541785057,6.395914032708842,48.425498640796626,313.7253262975941,1.6218276450644442
0.7060189109347201,4.459731988238268,10.549135334848108,51.046316301076715,2.464110710893362
-0.4111022158608286,4.375429139293425,7.1366228400671075,35.225787530576625,0.5692540047500234
-0.22980454279614948,7.63850727774637,352.8756874079055,2699.443506405039,2.6154958682457607
0.7022733430337138,6.676801051752314,14.345933282380159,99.78494242816437,0.8017240166429023
-0.36615598968744467,7.317147197267023,25.932515591781176,193.752033780485,-1.2192752778217768
-0.661014506627815,7.51591560112907,314.03709088484516,2364.2762707145953,-1.2545634808591766
0.11360252491670031,6.287089408193289,10.089380138692835,67.43283500521146,1.714211597006006
0.8723095483215619,6.069785407020165,11.998449349623339,76.82801276921433,1.0381254226010475
0.392059593349946,5.721709641283961,15.08693891818927,90.32308386566575,1.7222781190295007
0.14012234017872993,5.267786351164477,32.285804927817,174.07472253511318,0.6429439642049233
-0.8056470124584629,5.738383843434847,21.693104152894495,128.48335838491914,-2.5141897448416195
0.23001445339833948,7.0955186229206255,9.536570784683194,71.66691560152037,0.12667224647456699
0.9801077002085266,6.407693724060526,14.464224125079486,96.68231814967668,1.3490691580660272
-0.7198319695269519,7.570093159819384,23.991321161980363,185.6165362233376,1.2311192167434595
0.036659304727473474,5.773520057516751,16.60226253784409,99.8534957624018,-0.32617798834594214
0.7547461438559109,6.428358314875016,38.09270584122561,248.87356233053075,3.848353879215981
0.4815372355084089,6.525230212367955,39.6789516545703,262.91429413148956,2.1726813329003187
0.39403148199053595,6.3667886492253025,4.085248548161614,30.00991408569951,1.0848250001926572
0.40496816797421853,6.810535092342065,87.2876104676153,598.4753342163785,0.4184684909362537
-0.28101769756048967,4.949733873499225,15.293620531879233,79.69935159508587,1.3681379149742223
-0.4128163114710133,6.049455110183162,82.20857395836649,501.3170778333106,0.721994943106887
0.6187223109570272,4.416899211233391,14.19156725476913,66.68272221375538,0.5214586007643396
0.6202267893583615,5.53804531057925,47.958958457566595,269.5988849861917,-0.7278951225238686
0.7341446371602074,5.950668274485057,31.24562757186374,189.9323647082651,0.8840321992047369
0.8264811051129426,6.60889703818189,104.65552842895849,695.6576118635044,-0.01026411689792639
0.022684797721875594,7.8021242103448145,83.37201830939043,654.4788425170062,1.9648176614176565
0.0030325893743992083,6.402604266193423,22.27326068659873,146.60687389405527,1.737419279644893
0.5965903579335503,6.974375664706239,317.2285692825676,2216.4712137539163,1.0802131281967906
0.2999278615555303,6.025064237980811,49.48003432656449,302.12038531504663,1.6635008173906043
0.4039337545154067,6.536416125505325,46.61640341270791,308.7042109798855,0.5469807914952604
0.5915853388722021,4.283728864535094,2.3763364992336364,14.179581253615407,2.883560537618963
0.7800106836351326,5.017566323367388,3.3887988742245816,21.00352310797458,2.7598929772308036
-0.3240096862969284,5.447412372820555,20.41809808433235,115.2258001340557,-0.425965109092488
-0.24883409472011198,5.889973420026054,21.98824313987369,133.51016764692625,-0.3649642852464185
-0.812036120318262,4.182594982009535,4.3805527979247225,22.32207815102777,-0.9209759606872905
0.15656028199234795,4.560096390213271,11.257458589645044,55.33509627761575,-0.27325825167053097
-0.9281154524065158,5.107257231165223,62.94463582696404,325.47444649032366,-1.4802495968220732
-0.06880396373507969,7.886130763604203,103.38582424016367,819.3141290609318,3.018110902258432
0.08528926941515325,5.325388028412203,4.579938199395854,28.389948057930418,0.5264926076223975
-0.4269174957434312,5.92816423244833,17.33232558820618,106.74887261715284,-0.14345091535733645
0.1816665211380215,4.784390850953572,4.890179178444734,27.39652852087464,3.0539368850396658
-0.9389995001219011,6.443120284303073,17.011000546317284,113.60392267626754,0.96903767520179
-0.9253036225015712,5.122732862063897,8.56557073602349,47.87913069176037,-2.6002682693034567
0.6452011213193165,4.827970313753707,6.933325541891266,37.47388989184137,0.7068977722238057
-0.2796187171774742,6.066290513783916,5.918067056886056,39.90071404712498,-0.02049349032690921
-0.7458789746962304,4.022023196641683,6.575541399496534,30.44698003925278,-0.26023110406400773
0.04448652010960874,4.030656130596901,4.283285813346126,21.264452222662296,-0.9591727871202753
0.5399871061972217,4.876275236407431,0.6118237232905148,6.98342087092813,3.5181442341141786
-0.5683579450063136,4.146885450003285,61.9553986466936,260.9219411971269,1.6313546427566132
0.2457809516380005,4.432103016522765,27.243668962863886,124.74674739145667,1.2713976132584501
-0.829305070012464,5.355442597355006,9.988361585478682,57.49209711265692,-2.4185777478945627
-0.8966365576627846,7.210342718319252,37.48685765063422,274.2930910939208,-1.4457898272808765
0.06270926313629599,6.288194573477203,7.188215431180313,49.20089726733314,1.2518615453250805
0.08127024322021303,6.050670903825665,112.28702650351704,683.4118441419319,0.279460532951235
0.2748598029964131,5.173955292832487,88.61191604627743,462.474092035665,1.785550754277976
0.4521826674453231,7.727014877731266,55.71231218453627,434.4898651227207,3.3102414992580727
0.9517041589250692,5.588060164948766,45.49310275480042,258.2181952840212,-0.5232271188241234
0.03260069660239062,4.348371067183086,10.480038080538527,49.5710943723907,-0.6779044214387462
-0.35408705411750807,6.468266064471205,6.668584332247154,47.13417773433864,0.506134769882959
0.5903723895374073,4.455353573906406,6.146319319307509,31.3840257456467,1.973320473595821
-0.45833549747585156,5.380892571206768,16.816730473321503,94.48902007588215,-0.015440336292530638
-0.12205715858872779,6.0296477548712355,12.939390147246693,82.01996475074901,0.8790381568588881
-0.8430872373154681,7.496890098740703,34.116862786756556,259.7703708261304,0.9224711053946256
-0.949298513169085,5.974186321360475,18.096048566062148,112.10916581404332,0.4546581192239201
0.9252968293558501,6.8090350641266575,27.761190889548683,193.0269221888505,1.4497705148080828
0.6719602410244117,7.9712673559962814,56.70668859957909,456.0241757004713,2.4274398315901626
0.39194841218739596,4.525956479591926,3.328005492670184,19.06240802366814,0.8893291371898917
-0.18209411117146024,5.098926102078078,6.249159045098941,35.86400017109231,0.6473823989841139
-0.6534113598583084,5.578304302390586,4.502207740627397,29.114684809798007,0.22009701501545265
-0.6871259146578279,5.6873127141553255,45.67138288875938,263.7474365762972,-2.0132976293980724
-0.49951420367080934,5.644084301062183,2.047040739823175,15.553670503270698,-1.5604249183059717
0.09845332941224094,7.63044401022622,143.85593514794868,1101.6846586851566,-0.23786489933229765
0.42919184540012467,6.856130577867425,123.27463684303179,849.1870071350125,0.45066614294597396
0.32039475343546253,6.431620856362815,18.423551909456823,122.49330070914546,3.9691880036268414
-0.4401322061081143,5.237490871451128,1.0157307943933347,9.319880763486893,-0.9357007527292105
0.9097305613263882,7.295161536885178,26.742931795302614,199.09400741663532,1.5480308923480628
0.475793833391537,7.820242045939956,46.80251129722965,370.00696670217513,2.8857025480589025
0.10870810502280137,7.284793130200907,13.898742176899209,105.24946152870895,-1.4556077254546262
0.22344149246870448,4.006260420765892,4.42783971695397,21.739079007527938,1.4944288276227746
-0.16079987514442018,6.545605480733628,121.87524495828993,801.747271364736,0.03474180450261791
-0.5045380209976851,4.204541525768403,15.9139793154832,70.91098687216854,0.22119000360474506
-0.2880546426974768,5.030428881334887,4.906939002353128,28.684007676385775,0.6057822537594094
0.5156922209287382,4.238098801391087,1.684468748158342,11.138944982550614,1.2956948003155508
-0.9712130227404883,6.4151818117975505,17.82449416912486,118.34737079826131,-0.881444934925768
-0.7678547189861675,6.746359653970427,23.56406890065552,162.9716837147617,1.183403597446458
-0.9079947159564945,4.45795055226362,15.259075846353067,72.02420559628212,-0.24551307072734252
-0.9185423953620597,5.535355532179918,9.32184950285471,55.599751215775434,1.6503804257039731
0.7109211680220144,5.824946035822168,30.691096408825807,182.77398036162586,2.3444281841129317
0.40731571876004735,5.476212087043667,107.0461536069926,590.2074402541459,-2.235019021107801
-0.05165234182534961,4.484100001940773,21.275390377603618,99.40097803350308,1.9306992087882702
-0.804331678697997,5.675791160749902,16.277879057177287,96.38984206848279,-1.1712199803294154
-0.016768249766335286,7.004712191233672,27.638386580446564,197.59894342608317,-2.6718513878393315
-0.05305645843886864,4.284030658133021,5.961619634332454,29.539761285608005,2.189419561211439
-0.6535962601799696,4.320720056327614,28.24738651631159,126.0490494598657,-0.16203877453811433
-0.13229670152405393,5.419085167343937,8.022331879995592,47.47369969839451,-0.9121098379829736
-0.20299053120525312,7.7669028464757,50.83952647420413,398.86566288597277,0.6799723619438174
0.23170019610443293,6.674290586891656,29.61684227608368,201.67141161672015,-0.5207114323051182
0.2701873017352876,6.71467982669026,17.384095222502292,120.72863349579866,-0.7201463887780984
-0.909391980455911,5.44767996335146,3.86273095183491,25.042922010128553,0.23621698017532167
-0.25077477074705756,6.374643164834154,33.458172815220536,217.2839126443855,-0.7172301211139529
0.25171983142847276,4.0405247361109735,7.094064128976344,32.66374159268646,-1.6851758588784946
0.006272517160175406,6.544384185638169,43.48571799606504,288.5872451545692,0.4084879093186806
0.7129796823766446,7.653147790304947,26.922802085401624,210.04418328870887,1.3157846548467718
0.31738726323789,6.450293873379277,85.28241133335193,554.0966153305313,0.7892693123127862
-0.6741311458371406,7.49479437386538,17.648016645772614,136.26825586661917,0.28073884386585907
-0.8588625051991403,6.895892221864376,174.1620861051167,1205.002974915948,-1.3169609555202806
0.2848385564126312,4.4822336656147606,1.6380071049194278,11.341930590186028,2.4596035264156333
-0.9469773789167564,7.609813229143366,69.38541445904691,532.0100448600506,2.2573824008517898
0.1715511625469266,4.2657753774230995,13.576201514221188,61.91302613829894,-1.3512950925413219
0.8804604828499152,6.135869890191055,9.702444626959336,63.53293784780577,1.8143403904090736
0.1509483557517579,4.568548495173831,15.009272630060774,72.57058988771792,1.1461481644900902
-0.22366014758695618,4.046826442923616,27.192246872615765,114.04230368660849,-2.0192786535350553
0.28657643688470635,5.688137040510556,1.8724536458849874,14.650772939797433,-0.6920337874252576
-0.08349421901696674,5.180162830616625,22.039277948685474,118.16704844340912,-0.0069889060733488995
0.09123357863186987,5.944001975190412,1.6140235604035977,13.593759231042846,0.5687452737756815
0.8829296175530503,6.308799546938204,8.923916948070389,60.29920319890063,2.1420296449372165
-0.2277947243984515,4.174956289235789,41.12616387178857,175.6999365086654,-0.2122562591168865
0.9223811276478284,4.4920131804949825,5.2815760994337095,27.7249094524435,1.104937977783302
0.8107012839121275,6.234569585801701,6.982484705930575,47.5327867809203,1.7984366038572395
-0.6084177304214071,5.372669412690633,12.041957110306292,68.6974546354751,-0.1729186806237799
-0.8612773982496691,6.916693950197792,251.20097432339261,1741.4802593864006,-0.3621357468693157
-0.7984439972451467,6.609166594367759,4.361870809062675,32.8283308402049,-1.213411412439399
-0.9635563486969005,7.382417451959627,14.011785744219365,107.44085161124416,-1.0746506825485351
-0.8111140784881432,6.769971306676901,131.94924439955918,897.2925985227133,-0.056008223241207356
0.3660135468327137,5.7197243095605925,111.89539910230492,644.010834373438,0.4066731646791506
-0.857622703079542,6.69186648957773,25.597687631175297,175.2963080697403,-0.09324071640892684
-0.3620487394124774,5.101524697021674,3.712515376669929,22.939488882154365,-0.6074274642679298
0.6897506219389091,5.225253995112851,110.8824353866374,583.3888884918697,0.8817293236716923
-0.9534561285283483,7.155940639683173,176.3397816792068,1265.8770101110943,0.4044176064092997
0.6289369651778716,5.785678065606328,35.580083197797116,209.85490692994304,0.4210888135712241
-0.43629045045320014,7.19352136207341,16.18942630795833,120.45898398601149,-2.162205265897687
-0.7636703447566875,7.289689494673114,36.44540569576506,269.67569102951825,-1.8813169033245065
0.3934743307283013,7.430249350645135,34.97958460402758,263.90703578991247,2.1074467142842916
0.257885693559768,7.666540943364829,64.33615608853019,497.23577479142716,3.401025472748077
0.7549440270541059,5.723940882053185,74.66204613547119,431.3611382125645,2.7682369401235287
0.47014208760777154,5.275467273284555,33.688302752723175,181.7215386644931,1.6763362698680595
0.6069618607696972,6.328794986376455,8.0608693959461,55.01558981889908,2.884118308990064
-0.43593085485738703,5.484689693750511,61.48795468780658,341.2423513660111,-2.161493138307156
-0.6451209124405544,6.404296667200931,33.62535762703245,219.34676578424333,-0.7353561101192487
0.5012295032817167,6.822343450575298,60.23403277990109,414.93725903769604,2.5339010178735406
0.613669478534528,6.7536200739685475,126.89384823286291,860.9928406885813,0.5338965923130206
0.9810102840013466,5.498211548080485,5.142428941331922,32.27416219041448,0.26960280914961987
-0.17476464617714704,4.667440806795011,9.953207138289503,50.456005155735824,2.7840238105421244
-0.25596382841443366,5.72211735384883,10.273873564003743,62.78831021183455,-0.5471347299356992
0.5528259214839937,4.570376576327635,2.048952860308997,13.364486158755748,1.8649850872585096
-0.3183929194939643,7.560388140735233,61.985720746085505,472.63610802363075,-0.08341370663248185
0.8615146512071294,5.38350984295143,181.87351502112787,983.1178582884166,1.0404745295880828
0.7168255036860236,4.617838988893295,1.5981420726649262,11.379962772942838,2.8200855097694446
-0.1420119452499633,4.101791039623004,7.52789089356423,34.87783541448137,-2.4262960646379206
0.5017421355829947,6.583289545145937,51.01846916450312,339.86935466002376,1.830279884656941
0.5090857481693647,6.547609269818973,29.870842475446256,199.5826050895342,1.5611660449843026
-0.7937522623281348,5.362416666325167,13.040765785379133,73.93001978916007,-0.9139442301281095
0.8051058133591333,4.2868475553906045,2.3261334235424513,13.971779380225335,2.415157970653092
0.01050474489571429,5.638515579580928,21.15855959769731,123.30286793310785,-2.0605321058822925
0.6529149322154832,5.244869980253574,6.460269357359054,37.883272816764546,0.7862815970662745
-0.3599007979387765,6.708482558940037,3.203742233463675,25.492248896530665,-1.2250725683601735
0.791046456992401,6.423116997810761,81.95339396636764,530.3962378136579,1.912442523640886
-0.22159664253167377,5.45837491279016,39.947786992088744,222.04999833910227,0.2194316415727745
-0.9783246970394033,4.87157021701996,12.03051195204798,62.607483721099605,1.102806076670221
0.8107639528385273,7.952143864622368,67.030424981402,537.0355827588859,4.309553337242591
-0.8174266464277329,5.8160064847844595,53.64140520908883,315.9787605490115,0.3407043142798296
-0.36137272481917027,6.753096943120948,36.63075281093283,251.37102483172959,1.0228129921574278
0.9001239341016098,4.562211870313443,24.17027300658974,114.2699064193803,1.0615912905648632
0.9012142938751122,5.942358798637591,14.493455438152631,90.12531244556813,2.2840504337587606
0.14687577624657222,4.1101468794778615,28.99307992724201,123.16581698940598,-1.168140652657577
0.26367442433959853,6.021820471641799,27.985764264281904,172.52524816119427,1.1550528892727383
-0.10310895604336046,7.856069628470809,61.687835620860504,488.62393186714195,0.04518172029437395
-0.41357845660387094,5.536826851943201,4.474310838330851,28.77348439361075,-1.55311732212899
-0.3426709092601681,4.155984050299646,10.643484058826214,48.23414998810029,-3.251478528736211
0.34503691215407684,4.123823163677374,3.4210812782766507,18.10793422018025,0.4527908028618175
0.50474905887536,5.551947039787478,8.479833315039178,51.07958547132301,-0.31681646518069695
0.5831580874516971,4.640099745852776,4.502686616923959,24.892915026843557,1.6572498733778007
0.5792362855891078,4.093408385312744,2.6657068600929525,14.911826813890197,1.2069360123195711
-0.8175877939026193,7.024854455800707,280.6753409003354,1975.7034191571036,1.57394193623129
-0.01115939059483706,5.834092035527563,69.99228906393279,412.34145617623324,1.9388378683278475
-0.8848824799667114,5.156979087890618,89.91430464255556,467.68618874388534,0.6912939373950509
0.09905776464747107,7.600332732065922,13.161176827451293,104.0293230341856,1.6365950530805244
-0.11693899725324597,4.464555840802102,10.009470254635978,48.687838888669965,1.5348358565971512
0.7754083655165995,7.823675315821276,13.712804518311195,111.28453022059377,2.5423259814686494
-0.2981699748958426,5.255866869509411,6.904950081838984,40.291498370753814,-1.9985845167478382
-0.7658659671447883,7.553614689234725,17.438499225613207,135.7237039088003,-2.199982397525961
-0.7140166358943283,6.411771505917846,85.23991068302342,550.5388304843918,0.9500342688082228
0.5230212634349445,7.30682943896595,25.97631188481182,193.8044803957041,1.641669668463786
0.23643612663252211,7.936052652841857,153.9157939160364,1225.483844621621,0.6091602319065903
-0.7977546477544195,5.153621751274983,24.069169922598206,128.04339764823573,-1.1887790477041857
-0.8317863877700051,7.844541941630371,505.6828645618927,3970.850440219558,0.04505267566321647
0.40193826291824,5.557927579609681,3.667534238583273,24.383889693784766,1.2125920474929464
-0.854473987271613,5.54204761894769,56.27537493162715,315.88080764521277,-0.7575645602703349
0.6437201185807124,5.361548417018023,45.934436159893636,250.27970347969315,-0.6671823017344809
0.4124844543129924,6.16563042939034,8.243593693260296,54.82695212269598,2.983713624026261
-0.8373024387162005,4.616580172713949,27.53405006207197,131.11314959107472,1.1134283589790193
-0.8303245718296162,6.214845941432045,31.298429912320415,198.51492011377985,1.7112587424848167
0.9732791570023509,6.166819249640016,17.39066146732197,111.245065900654,2.0450848275692493
-0.25145840848775936,7.04760725041948,14.877769786580805,108.85267821797876,0.04493179445982379
-0.25871570586621817,7.334599847750342,19.071412239445948,143.88117730782426,-1.3440331747487302
0.6255991345150052,5.761765401249696,138.47569133700102,801.8644472596648,1.3746952040975349
0.8944971547677174,5.2093329974059746,13.535952824369017,74.51328569931611,1.5684290932165634
0.9720021276457418,5.037339589268377,27.134332179243355,140.68484571486144,2.389976962801842
0.5067563705178832,4.778495346819488,4.944858212403635,27.628981958652904,2.2401879738204826
-0.24748082893816847,4.230590328796099,3.8016767453095826,20.08333687191575,-2.339455112294269
-0.8329985666026625,5.369791915338853,43.24496311898856,236.2164533354716,-0.647649845146369
0.5542938318548736,5.080990768523133,3.2901039917422334,20.716988009523398,2.4794443868118146
0.1168084994716101,7.865669543465629,33.7041509656376,269.1057137387834,2.6140089977948646
-0.15155598150604743,6.230835305000175,23.3231181411858,149.32250793679054,1.0782275617816008
0.812708770189472,5.38910815612203,16.54239831351524,93.1487736731843,2.2811600264084606
-0.7776050353876973,6.321870403974784,19.724113385896842,128.6932886589441,0.8584912826916342
-0.0147497914182817,4.556786805382782,14.500935778425996,70.07767282083468,1.3815889574580358
-0.9772927104651619,5.776174996808812,35.90739467980792,211.40739535005227,-1.9017081349899883
-0.06267871601174746,6.504937285684255,53.89869080573264,354.6076034717774,-0.527531516602572
-0.8873934486363253,5.955591327169806,7.330119765984151,47.655197705411176,-0.28261086342570063
-0.7623641674638562,5.6071152026172975,12.421172837154325,73.64694704954505,-1.28017723697272
-0.7649475064457902,7.975393555598792,178.1203846011861,1424.5801674690779,1.6433893191430795
0.29842060423212713,7.521259048595708,105.13830899235047,794.7724578627675,1.8821183678946316
0.4920897585308466,6.493623832637761,6.513991909511333,46.299413109212345,0.3852111174630524
0.16673753019431925,6.277509444729131,32.79364093682255,209.8623907079594,-0.6056663745408619
0.9243450969490838,6.482641919298336,3.5363520811316014,26.92490424254163,1.2305970872393637
-0.2502588409525919,4.8052484312897334,11.583238748418987,59.660339825094795,2.455789518894866
-0.42857582743627853,5.580550973057274,108.64030847983172,610.2727792003674,0.6248181492238836
0.7371982563789206,4.157838131563597,3.0988353535965105,16.884455796620934,-0.1420439180086706
-0.5528083229610947,5.902184149947306,8.304263266371255,53.013291027766066,-0.005051782259365589
0.9264450788812226,6.172098335830652,46.99677345632794,294.06870723921185,3.9898443881141397
-0.9756910506203673,4.910998944412839,2.4910341785398513,16.233466221305513,-1.5773624994387756
0.9397576534152781,7.8561153886620545,26.985580409751503,216.00183352902604,3.0513859372842025
-0.9136801760988478,7.637818443748968,82.7108143461917,635.7301833108396,0.43639417373962286
0.7822862273961422,6.8885729418236235,16.60992857046316,118.41870451611567,1.7060947923302736
0.055402218172599715,6.13354651506145,16.95907807871177,108.01929424833762,0.6164831942871734
0.9859295922386007,7.47987663859074,88.59930644185869,666.7118824498009,2.543079850434485
-0.8524068705292023,4.522609375293852,14.626731381685707,70.15099247671658,-0.39801522830412706
0.10770856880264157,7.16203917709954,46.89157326765382,339.8392848187702,-0.586595131257165
0.9386050712381979,4.499283255867393,6.756596917063849,34.39984337559062,3.4719966870974246
0.046195688340297636,7.176842650197622,52.37777920255575,379.90707970353606,-1.9157893269606383
0.25879727627052507,5.103070273005428,11.333947848481754,61.83793234138107,-0.2584841948954821
0.39149737796923434,7.508362324072756,67.49049491994484,510.7430892899376,0.44364538942681764
-0.09091787046445354,7.776168375301591,29.700151967096442,234.95338246818667,2.521738618874009
0.2551161601681269,4.595183877620462,8.289776133922834,42.09304563968509,1.5654215267445815
0.16862862384620048,5.850702420261574,6.926768631938878,44.526461999476744,-1.892637139263529
0.802316020981978,7.92394951265074,50.75281814440259,406.16276860099055,4.588080878461388
-0.9091072393170843,5.9336297438925865,8.634916212573401,55.236395674945854,1.4885012755089557
-0.43807362081553936,7.45419009005818,13.640572107039993,105.67941742302155,-1.5086852063612048
0.9008229681531175,6.354926088525279,31.06631745116807,201.42415124483614,2.6315007533929777
0.7805275677818326,5.501319631678408,19.363688622013925,110.52584035799302,2.434768223189128
-0.08868649442857413,5.14313422210348,28.629591363785238,151.2458311079221,1.190368673887583
0.24026519560307347,4.812892364344349,7.2089305572964015,38.695806834300505,3.4752474890916147
-0.44523763403773464,7.047192765510789,50.991004233723054,363.3434361420231,-1.368434638144485
-0.6237576805524774,5.5461620272921115,27.7678419272289,158.00495047664674,-1.728554267896753
-0.07260319012003569,6.045101848803005,32.05088295333082,197.75085179694884,0.04915475811273709
-0.29329554394789437,5.969301920004728,8.662447268787384,55.70876311351224,2.4390821322375196
0.16731222370174414,6.309116116932525,27.219170987079135,175.72891036412315,0.17724831357468263
-0.8445307260700303,7.462308582498209,60.05702858990603,452.16407988579607,-0.4169301417113457
0.948789615332333,7.922957374333718,52.91342852874828,423.2308387631263,4.3777244034720795
0.9724214889592058,5.630336834295267,2.0723656042855696,15.668116395935613,-0.2704163560828032
0.3963234280394903,7.310075688425212,45.40069749185861,335.8825349727831,0.7787582556560148
0.07219273268824078,7.058111178618871,311.55834644795794,2203.013447856343,-1.9252011306472219
-0.3809447674273445,6.294115805822293,16.23255241082838,106.16956469783366,2.0339504092298064
0.6275900394138973,7.824188574447732,24.143548205837796,192.90367401874414,0.8265653700513156
0.36946234510775855,4.801898062113612,16.027365271621075,80.96177423858424,2.7958151047570716
-0.6747661213102174,4.437056841238485,12.564892696492281,59.75114309839855,-1.0779698295707452
0.8218543689876849,7.415847867821689,134.37831916333363,1000.52917164887,1.196466167356206
0.645074485846338,5.756599266534993,5.055271081067889,33.10116979741097,-1.7950020008687297
0.8995998265838481,7.387875416828242,83.53936525881527,621.1784229330366,2.221156070781264
0.45143901677671994,7.572360820781659,79.5672416943089,606.5118636236497,2.709767538645397
0.22683039187157972,4.249830374476286,7.262823392668338,34.86576745861881,-1.634460577646434
-0.16351392741876225,7.533859051944242,60.680163193829394,461.15579675128544,2.697942773932734
0.8654569667080265,5.793276221477688,50.708603594137024,297.76894742625205,2.511718118689906
0.7321277790008167,6.041729956016929,49.06668827613429,300.44768040046523,0.9594939499041764
-0.9095626597876212,6.506370044372841,8.2496082148734,57.67500376706439,-0.14103966902759646
-0.947266051005496,7.7055304269203475,107.01011901409998,828.5697280515151,2.2361435026009016
-0.2470732662439008,4.076464377719056,7.196131455848551,33.334773537150184,-1.6774151585537282
0.6211066615636658,5.907373873271268,20.626177771253563,125.8465436713519,0.22146111376605565
0.9745522586298889,6.750888169722243,31.457614737628788,216.36683917993827,0.6088158733291076
-0.6991662177929436,6.890827830792913,26.982025621622142,189.92849308464133,1.2386013529145763
0.18826143070427026,6.770129726148432,97.20016025521913,662.0576943302503,1.6722934639350373
-0.23821828673795697,4.537740517632487,8.892002693076712,44.349600903271394,-0.42542703685866445
0.9398287956292064,5.197582353486725,4.38963047094243,26.815465874098,-0.7272385720440375
0.6842378462714174,5.434862101668054,10.215449128638248,59.51955732075396,0.7792221973524056
0.6766574094222757,7.21774883071802,44.14894946852534,322.6560284038777,-1.5571112893998524
-0.06261368041005944,5.115039489658212,44.11211799290789,229.6352255061864,0.89661037967973
-0.17036099532466964,4.842819855468813,20.58380522901645,103.68366066418362,-0.3576369028427264
-0.45318585613858753,7.829792076152385,21.42076458575607,171.7201328186785,0.5480793672914188
-0.8872490066981458,4.035453140453876,90.28004829588524,368.3209044159576,-0.761206725778047
0.7294447525101064,7.991283422727912,70.83951895746343,570.0986735187971,2.522541310948072
0.6258020182601551,6.7072851954295825,102.4150153070686,690.9267159587953,-0.9920376259407848
0.9994353465722612,7.313877197796469,33.28890523420871,247.47096493208662,0.9355293749856406
0.9932736741478108,5.178477585384773,22.70529227989329,121.57884714103731,1.7872069633398953
0.11086341120525489,4.0572611106682395,17.603523130007396,75.42208980612786,-1.041013152270382
0.537974830361021,6.95147807424612,109.2822242044671,763.6729854622017,-0.456663161343286
0.889531459764856,7.336578388002703,112.80464297915432,831.6001057472245,-1.1358208753376666
0.6992947813548229,6.9619045278140765,77.72284767183702,545.0990451211659,2.772264621909941
-0.5053037965136047,4.571401149203354,7.175079512082083,36.800166727157475,0.9272133030535935
-0.09891172937981296,7.013711689027876,18.82356989783781,136.0230922216983,-0.02698071427355414
-0.74168116969701,7.075691128430564,47.964112476781146,343.3792451350061,-2.8543995070166823
0.9081020545174447,6.63416206268022,70.12007317924373,469.1879293180996,2.392406877549
0.2123492689017601,7.064463731182345,27.371741930454498,197.36667812697883,0.5285748184339835
-0.5427143889930746,7.383685758710929,116.39794087573375,863.4458183874319,0.5363854306922454
0.34340136881171346,6.454416456949834,107.75121165311005,699.4711937501182,1.404114082392064
0.23625648091579166,4.354418855878716,3.528555247593787,19.36480750413218,0.3330646714388114
-0.283674563934319,5.9505112386688435,8.485297123190943,54.49185589499211,-0.18227818534874918
-0.772884815600742,4.310597338686421,7.50015442580687,36.330145707620275,0.07411160923264631
0.3431463911855992,5.630172124129723,22.707578655733233,131.84757635399234,-1.313086271935053
0.040615401807586604,5.628425956502511,9.87144222131276,59.56068162655154,1.2964544745253228
0.5446367834712786,4.264039376560966,32.597068699858895,142.9951844966613,2.0025914663297306
0.040327002223986774,5.395282135877917,22.68509111088949,126.392466821345,-1.8417527648221195
0.7043630006370802,4.443992395165259,9.596929905571049,46.64868351729179,4.481287986622792
0.10381367754897108,7.232940840036889,8.851269509646434,68.02070872249497,0.8982810065585033
0.12187594307077254,7.7907521038578835,13.191335802741884,106.77042715790715,-0.09974181093503298
0.75330720531669,4.289265901031754,11.309490051170505,52.509410034543514,1.4758432243983453
-0.19303426757520592,7.820460829166805,5.915847626981657,50.26465463812945,2.0536245761641316
-0.7319695430987185,6.09030639734698,57.84636451235306,356.3020838528492,1.844749920438341
-0.942434647373322,5.198262711815495,11.484261255664261,63.69820705806693,-0.911329674495223
0.510274511347238,4.307448301104654,220.70282649747935,954.6660150455626,0.4120914125744817
0.24061910270692932,6.002497072281671,202.18129335587133,1217.5926214387393,1.5318160984453568
0.40815953619844714,7.178062177962994,30.192151899588385,220.72114362174895,0.8525521814738244
-0.5740716769821785,6.828345909066792,27.32592682341414,190.59088063611847,-1.6414047798754416
-0.7272570488264605,4.200904045855895,22.110078315099056,96.8823174480903,-0.21289170343874414
-0.9709106686642361,4.2916073414716145,46.94498013960903,205.46942141238526,0.7214750902483038
-0.29882488238680605,5.611493130530548,3.2146468520960334,22.038968727618542,-1.4868149069121488
0.17983537370926617,5.181161976191773,2.234920200024768,15.57948356019124,-0.8285821236584565
-0.21551190980053536,4.929537292224191,6.31377554395365,35.1239919986526,1.3747011612285762
-0.12505015595254187,5.124017995634855,23.213791911678054,122.94788750236118,-0.5528672865301855
0.8083173889874968,7.213930973187539,60.572383846401664,440.96499594936154,-2.7214386392304757
-0.3034890659533993,7.716912214527415,138.13446050184257,1069.9715054938238,0.24318192589438736
0.027978978319621595,5.620410778110266,5.00535260427279,32.13213772529708,0.1998246299246025
0.5673060254822861,7.624444008529988,4.464146940411515,38.03663839301805,2.2252867941856613
-0.20691443535745968,5.285982804991528,33.14876953349104,179.2238257606607,-1.503507958415808
0.24417340045574698,5.9057479453751665,8.370199335773078,53.43228752962244,-0.04524250563750355
0.7247274174934903,4.904115991263999,1.5427555431482316,11.56585212976442,3.3590721458977777
0.8990412473152842,6.561904168703376,30.753869702269128,205.80394580308024,0.9885147931565152
-0.7058530381419241,7.915924460699236,115.71588489180317,919.9982037064818,0.6279496871510847
0.8531752503229888,6.413972384173515,21.8659156182452,144.24737893009305,2.3337278836254347
-0.015767413840923616,5.4312563364541955,9.561836221943354,55.93278356856709,1.0784550011756004
-0.4835112234020833,6.5912697839621135,23.01791118035813,155.71726245301824,1.187754998448348
-0.08172848752347739,4.49168271386155,6.522505586531768,33.29702559409013,0.05298532240610554
0.9600651505709541,7.5546363210615946,11.350605024052689,89.74969298073266,0.9265015664704285
-0.014763812014260802,6.0123358031193455,9.889634857404163,63.45980573294813,0.5808315604438044
-0.3424967794249836,5.797398968158568,30.568784964176217,181.21944240917634,-2.1069781108954007
0.26680170863345154,6.343459153814077,32.897876719370245,212.6863372165362,1.9807042295724833
-0.5197087624436139,6.49913545115761,30.496976011853725,202.20397795174176,-0.8972455352943165
-0.8482733437826722,4.287103224906052,3.1531537126125047,17.517895449965557,-1.7973503902984795
-0.7422405561787015,6.730468884893609,24.13664633342872,166.45094713282342,0.6844462188927339
-0.7439083220844551,4.967726721262118,1.3590668359305391,10.751472636833299,0.8564551875139217
-0.6961946129754113,6.855810530026359,36.83254866678482,256.51697499745165,-1.6219608733362945
-0.7223456547011797,7.290139177536787,159.80068126876813,1168.9692071145155,-1.7215484972700164
0.2817494896064292,7.215834030210081,8.446776447338806,64.95053693428437,-0.14999608516033303
-0.6362398312017103,6.2100038696315565,12.417096357080087,81.11021642705525,-0.06176208699216327
-0.3086654333522736,6.080679569243005,29.062438387101963,180.71937533283452,-0.9434551733036318
0.7935768198120237,4.571503845357647,34.41851192900233,161.34435963492217,2.843671241852006
-0.052076719474255295,7.101384601612542,22.252796464359065,162.0256661548175,-1.6952572966476414
0.33511547704205435,5.0856375217868575,6.363435672833588,36.36212722523949,0.33929648097177156
-0.6553602575967403,5.986781691271786,2.7856122934036818,20.67685267713077,-0.058232561949993045
-0.6154219623826584,5.137096371710067,14.468680027509224,78.32700367275154,-0.39948896036179893
-0.9182627674670423,4.535313451998773,74.42059857918602,341.5207418419831,-0.7402448804384627
-0.6621298738556709,6.518230787566946,34.34559788579073,227.87253355655534,0.32212497484604696
-0.44281932193608275,4.217328139291615,8.05574168887062,37.97370610733862,-0.4279712873171646
-0.6459790314465064,6.9945809365048,45.575613373198586,322.78231646968806,-1.0179071315351307
-0.8225949324858888,5.270347181044467,13.791901699970749,76.68811024568322,0.5567577928365851
-0.7587282577987984,4.000538772017942,3.278070587334363,17.114048482042747,-2.646318195557579
-0.07844246393454846,6.044516556948919,46.783856374503124,286.78579445360435,-1.2467662680105174
-0.587332563188415,4.1874076341104125,10.170235235903528,46.58692066752114,0.48435173321941766
-0.2714602779038491,5.104678231283598,13.065202098859727,70.69365274137003,0.37594381762437473
0.0068345417097137595,6.827905949822865,11.456840184233105,82.2262272600949,1.3709577747118047
0.3807896572587306,4.250758486487463,30.84230156662473,135.10317512713564,1.0957576698076719
-0.9213757203178021,7.357353969424009,76.96722870647066,570.2751456391175,0.3680292828241688
0.5988207978180853,4.015279690634332,4.283279728937481,21.198566104908398,-1.0598951876118325
0.2558007789818155,4.987295476807609,32.965863678506516,168.41050281287178,3.8684887997538695
-0.8364819361022562,6.963616224608286,19.771416309008103,141.6805553928937,-1.7132898241051828
0.7471572482135544,5.265080598917227,6.363234434399083,37.50294216691665,0.8925582380019468
0.8417448010636264,4.407569552264054,4.237958462741828,22.679096684140656,0.5740727722008055
-0.8778440802902725,5.440935675201711,2.5841568499230214,18.06023119506304,-0.19134612167462173
-0.44624470370559255,5.081573145538102,20.33470339235697,107.33228268108373,-1.5891274947684169
0.6124025595861227,7.37084760864222,6.387091024361537,51.078274603095416,2.2093624147507143
0.4965193807673167,5.253391670340573,4.0481176848402205,25.26634772609798,0.6781596366939762
-0.6309579612872454,7.1557298871040285,4.491905209007163,36.142860354130825,-2.0106420669401777
-0.5813013533265794,7.567488579242939,40.35335734499202,309.3735708423363,1.3630141514205407
-0.25905579441723603,5.735269678306118,15.139608346466217,90.82973669091791,-1.588789800372083
-0.030954029617957346,7.6397725754175685,32.890704324573925,255.27750088504789,0.5811212829672144
0.2365095430605919,5.509272215852771,5.540354086546415,34.52331883499653,0.8193415055167916
-0.2621727208604552,7.856313665960433,15.735559373885629,127.62349015058945,4.017921454285012
-0.07493056773370421,4.357158098102292,14.054588310331894,65.23806327185642,0.2547026123969316
0.49494187626751307,6.748077066012971,16.835446953044286,117.60689347991611,0.30201264531207994
-0.9266335942188042,5.975256161827715,27.2209365263809,166.65206870997858,-1.1764264846830799
-0.4951261113119585,5.550595221822588,6.61969254016865,40.74323378339474,0.46256347494364425
0.4266991717691049,6.530847514994404,31.389909892448042,209.00271501699257,-0.47067575654356997
0.7904136753743987,6.815428366537325,111.16240282834,761.6193935287174,-0.14219003125135604
0.02335488423133225,4.017453078601236,13.395145158340549,57.814367154685684,-1.0461097242000181
0.06422697053063131,4.667812354988795,6.831145389328363,35.886504847031674,-0.10008706986778027
-0.7856559773204479,6.852184202537275,39.77708813892387,276.55993496846696,-1.5894372960773382
-0.10517526635309071,6.665541654312825,22.023402822620856,150.79790888388996,0.6050086864335157
0.06523453291004633,7.864190020514709,51.41732587547636,408.3556210314739,0.3291105823688692
-0.5150589927305407,7.044151161003132,24.445949274553513,176.2009619641698,-0.1738794327960082
-0.4615135381012381,7.803090830925353,41.9807092658494,331.57928754809245,3.359942611254371
-0.2454316737907547,6.810162006139228,37.23221406912144,257.55740965797327,-0.16249965384863035
-0.9598576044445473,5.192208834557773,4.966650740646573,29.787887853748042,-1.2239856211606628
-0.35584166883364343,4.4214596890034255,3.303065634905596,18.604371554867598,0.4973739187383962
-0.5771039860069107,7.127295453379743,8.803110921843007,66.74237244884922,-1.586070979993737
-0.3450052956441707,6.576596885903664,5.408800441649042,39.57150014102345,-0.6921046806610127
-0.7604757363614976,4.192744049573185,2.4087051779626694,14.0990843020791,-0.5467116152742882
0.7810545614797899,5.440201863603914,17.806497853008544,100.87094280419618,3.1148017881925183
0.18718490710809732,7.827199261937144,20.507939738463275,164.51973078475118,3.4681465286979147
0.3582046382889792,6.001604582840805,33.59632734046192,205.63187213313608,2.050844351855818
0.5783424772146766,5.730916544078818,18.17727196923528,108.17242865471063,-2.066420127024476
-0.003115602141885443,5.830798420637176,2.577693474337685,19.03001103905493,-0.8991203263692255
-0.8261594238251526,4.835530896020655,21.601030723496603,108.45245144935923,3.7593131449802124
0.07421308363709556,5.474828683459181,34.7511612014407,194.25665412916138,0.292839793101059
0.17368223604175825,5.479253023948706,5.730276802431251,35.39763649778455,1.568197856541261
0.49087894836866,4.20942008074989,12.489666011029902,56.57425090868865,2.1334283681224755
-0.13668090754064122,7.070270514071673,14.565227641298884,106.9800995230172,-1.4130742100872806
-0.7448393944088725,5.666017727615516,18.740355383966318,110.18318582736804,-1.3340206073216399
-0.43244818840255106,7.288719547265693,10.803405048178044,82.74298955168418,-3.682121259075646
-0.2738354072027298,7.401392004479582,6.736830416529128,53.86192278043354,1.113455909546151
0.29183448266320244,4.847976218794632,7.699619559518945,41.32757251831385,0.40519799372993215
0.14155660933782377,6.629413928680514,24.312193583877686,165.17559478173575,0.037765888084052734
-0.2878065482043075,5.889127216651927,12.767257868850642,79.1880057974618,-0.15390955139172124
0.9730304975859594,7.520626951685941,13.148174367545032,102.88251451402542,0.6126157481317
0.2115496387137743,4.862962716705816,7.626143635433745,41.08565217135765,0.8160079204344479
-0.525546416528011,6.711252801240176,37.521764571928955,255.8180475908326,0.3650736490740951
-0.7964350547591925,6.431008489010891,23.82204028123033,157.19974327415164,0.4187660345679025
-0.694281721631336,5.181205910287331,16.008246340386236,86.94202055214471,1.4175172169524608
-0.5080845432309837,4.5464036146046904,4.968344106610386,26.588097604893374,-0.7012277589280685
-0.6786372534808887,6.606559041909106,87.79437527577838,584.0187238069549,-2.0275900565816474
-0.6268659518973885,6.954389832529323,9.98437708365958,73.43525047474095,-2.1077503063118144
-0.4298096626123058,5.2625093750533996,22.619559229288,123.03564250370376,-0.8724968919155521
-0.6532528094104904,6.579330416089255,87.49278221629936,579.6439232239715,-0.10587267643192236
0.7935308492528503,5.580523630446013,26.342139201902135,151.00293029271316,0.9950620870381464
-0.8395325086767156,6.852827533130471,25.12565760827508,176.18179824599656,-0.735938505151277
0.04902277914050934,4.796861099576212,6.4891626649560665,35.12761195635006,2.1769885100835134
-0.17920634602067698,7.5608600105446975,123.5341525023159,938.0244335912905,-0.8686688262981361
0.9647572338172128,5.149638385862319,3.164022837087963,20.293573455613174,1.8355536383458444
-0.7759221956638953,5.471143951024612,5.844188303984836,35.97439548799542,-1.2167208665171678
-0.20428880190851673,4.232367808321399,5.576861364538886,27.603328510745733,-1.0602760541041019
0.9389408665507377,4.446048849285106,31.838561538813487,145.55579989253474,1.0142585676809412
0.7310142517879605,6.0634476108493125,30.31041677736335,187.78562419255073,3.004177739530302
0.6341441418985598,5.070370706911886,4.7929188780505045,28.30187547987226,1.0445639355564593
-0.48419434591012034,7.341920902968777,28.807989045843936,215.50597694817714,-0.9549656245076095
-0.6582248252198684,4.058773554619815,4.116748419570271,20.70894961637474,-1.0516737500592146
0.337286439848862,5.516376194687744,7.755475461851404,46.78212021624202,-2.1902022008454365
0.8587519782551716,5.349382187076371,38.61267738045076,210.55396857431,-1.6662785520647874
0.11352578602785957,4.077310523670404,1.948212202037529,11.943466113710707,-2.282630122822516
0.1432253789397997,4.497473596002041,47.34767205201987,216.9449048861231,1.8910099834634229
-0.44004181267943165,5.654570699674541,38.68744156555735,222.76087352197155,-2.294938714599412
0.5389858663838738,5.9714583377897865,58.94417676540778,355.9826958099493,3.867588489190121
-0.6259125028849533,5.617158989019476,10.439951976423519,62.64287008929901,-1.0241593915479572
-0.35264152719151265,6.123750713648375,18.392346697694627,116.63014621567581,0.9750205187526009
-0.14912712276716644,6.380526699622726,5.795672598007753,40.97944375386028,1.4031606510386505
0.015220757368910043,4.0396952845113425,4.460162655405688,22.017698047195946,0.8120135825940407
-0.5151805351698395,5.8563806378140155,30.625872754047002,183.35676821295667,-0.5586743680224456
-0.7703263505215929,7.853996963550353,185.50123571405072,1460.9261420329926,1.3181610465498725
0.2212400848832652,6.076129120518194,6.895766988753604,45.899570608673834,0.33855032751837844
-0.42273889351948846,6.710169069835812,19.877304389250718,137.3800731044618,-1.8431651446437665
0.16247644284522456,5.247455431667532,11.851192502036781,66.18860446655043,-0.7640089290258132
-0.6912745694515954,7.09596551261105,8.603710417529122,65.05163240327906,-2.5554119450267114
-0.03771979629036504,7.091685927504461,62.62673136129589,448.1291094805043,-1.946969106453687
0.06517886510317172,6.085184190616555,10.161456249933188,65.83433292573523,1.8160484136531054
-0.8963529263551462,7.904055293116855,42.80424566213438,342.3271244936674,0.774325034816119
-0.32679144361215884,4.502200859050614,6.0445138416398985,31.213615410374477,1.9183265285864912
-0.7311706461220515,4.067790659558324,3.4713960191911455,18.12091230249369,1.1280076924901694
-0.8732500590544645,7.080632847028384,34.235784862140655,246.41102283867022,-1.7930514219495266
0.9799204647798905,7.228622149459531,29.925216798962673,220.31808498036,-0.37290841409260267
-0.35529231005055406,4.480828916482305,6.478937792145591,33.03101180713598,0.28581575671096715
0.6197488917092697,5.062331331834424,6.066028115796089,34.708244190383084,1.1857928269707434
-0.4907186904724723,4.070209453466516,10.534224128561458,46.87649863300592,-0.48875875799721646
0.36300544444785854,5.173234443122259,69.42412919800503,363.1472963508893,-0.37798312206238366
0.5204557197793731,7.092567495674686,39.89180764669893,286.9353382586837,-0.7201618472639983
0.19127748121568855,6.071842110850316,56.37575951806173,346.3047106729377,1.9663192223567747
-0.05684762289968326,5.392382372673152,3.6912651603902824,23.904713183751095,-0.9693698111654283
-0.17631817170546293,5.486957179625321,18.19669581740198,103.84449076075185,0.37264028890766593
-0.3022634669140094,4.005414502861873,2.472769883022679,13.904468351699096,-0.19106924337628717
0.8590582884956517,5.199202110260943,3.0730671287287263,19.97749710065993,-0.6484362630036498
0.6612388155754583,6.585834966551722,12.852599361381785,88.64509828526849,3.6642484827824644
0.9300538213330252,7.896777775265429,170.7649794609289,1352.493094600721,2.2998284133925493
-0.7514055530289105,7.388243307935598,103.97364802274546,772.1826092057005,-1.1576353419225132
0.4617349504072885,4.0943798585821165,9.876860038167756,44.439616806308656,0.1121777492187378
0.8766809136420757,7.594242418699357,9.625546419886572,77.09873292506234,1.125016102234957
-0.6375338676686797,7.132793653194504,29.081905458003973,211.43523067365336,-1.6698233504238917
-0.867007465266445,7.121504494283922,47.58189139820795,342.8546534388674,-4.123085699511093
0.4822412985801181,5.831983036014286,22.010679064037834,132.36590691262344,1.4126925021344465
0.1489462263598238,5.592021171818011,2.5914485431183887,18.491435118794968,0.5567777218351336
0.6836575535165441,5.21166291533277,5.55953020754385,32.97439740932858,-1.3737789772063533
-0.720455246747421,4.262779435817463,7.903549432000216,37.69108798869731,-2.9227612872817046
0.5905346237197804,4.912941453974796,19.940675418538483,101.96737088399394,4.435763974177505
-0.5967453599045109,4.986414539912099,1.3459222271817515,10.71132616320996,0.564481661429444
-0.672688114268591,5.936308278840807,16.54411027629425,102.21093879922083,-1.4038458902056354
-0.6714684041380141,6.9897776263867755,38.01335643389015,269.7049083054712,-4.339836521024113
0.6291494404627642,5.895239313591786,44.57760689189318,266.79566065492884,-0.0820837704243167
0.33039444139240026,4.231377797788642,16.585792959958376,74.18075608948703,0.08638980559947654
0.04613084953823865,7.831159203952815,89.85083628776654,707.6362035778005,1.9329165435039743
-0.282339031752995,7.770897276376449,21.878581214045155,174.01620716720444,-0.7772841227427207
0.7544010816262166,7.1407581725936335,5.271826828047448,41.64484050687819,-0.725918878398408
-0.21510978515472923,7.965311606256883,36.219695521898196,292.50116111566615,2.477676478752275
0.6331988789431542,6.177929331201051,59.77553663036105,373.2890410369904,3.986883972033002
-0.12173018285956316,7.851073401012824,204.17780921956017,1607.01496704076,0.011950963573619466
-0.24611114115018484,4.302420162467003,17.492272002375685,79.2591037503782,1.6052661805740593
-0.07464042866078713,5.462722993045485,23.587155828566573,132.85009848525746,-0.7361365043664627
-0.39724425167171584,4.901525072027063,16.952277395194237,87.09201268050218,2.073302756131058
0.49521876035250223,4.783332336537081,6.268564753524582,33.98462848921073,0.9800973237118981
0.005440780184958305,4.563211795570704,8.598137450082056,43.235122232152655,-0.5704587312127121
-0.5355746097063654,6.489654566263987,136.16900648304448,887.68981470632,-0.1544147218464815
0.7991491465491369,7.125287422989221,13.73690086536944,101.87936696686661,2.383914622015089
-0.23221755725357718,6.313193597681442,118.08156205504025,749.471761570104,-0.6244608915764583
0.08710572222797719,4.587850838352839,7.184294073607896,36.96046958857532,0.38637058338095137
0.8129442219290939,7.244495079733884,140.84776819867508,1024.3709637068002,-0.43758846327075335
0.2484759918279842,6.5438188286549135,6.45654538628994,46.25046326686912,-2.5865771823238823
-0.7662039185832719,5.552662824507982,28.85362437804499,164.21444743628766,-0.4726845063028655
0.8796642472269502,6.696521182144252,13.6193347392184,95.20216356788909,1.1509332467209048
0.2554161061428357,5.039619916971331,3.0178442939761134,19.208788210240307,0.7739229330265551
-0.33018877068582775,5.380768833976842,18.336955676450177,102.66691961385786,-1.8067295751711396
-0.7214558546732255,7.66994337252796,127.03256550150245,978.3325838634727,2.7182556172975474
0.588050378540592,5.1620180226856816,5.674983028267536,33.29436467035239,0.32805812006219676
0.24014551185702704,5.879953072631746,4.2247520633543605,28.841343876027782,0.41226244033200976
0.06692218395264304,7.5605645495840585,39.98232615943405,306.2889577709244,0.7952190461402299
0.7877851661019153,6.83088540107011,27.882726403231228,194.4637087298643,1.7408078865461354
0.5771944224490615,4.248812904658811,14.479387406531933,65.52020806442715,-1.392531953936387
-0.6966502405344976,4.589212177115881,25.641205822939185,121.67293399856713,0.5258337920113345
-0.37655586440890354,4.031366363087667,7.072881756112672,32.51337760168905,-0.9033840486066927
-0.5030217203710685,6.523687160916653,166.89199977095186,1092.7511961654636,2.811751096592647
0.48789258514535394,5.790693701641674,22.63690627475469,135.08339058987485,1.3704464987463736
-0.9329351305284412,4.537099403609102,6.835456084840686,35.01314372592688,1.326601949079922
0.13977936974263305,7.831736484227082,10.017172628265817,82.45185634159029,0.9052699390581448
0.5249173714813811,6.11863889578248,16.389812086766117,104.28334172865299,-0.4502517672729427
0.7535312735234989,4.967573176451557,8.562563698612117,46.53516175088338,1.2255865059425732
-0.3158365025681851,6.00241428461883,52.536698192434876,319.34702769697935,2.2582886154673325
0.6425146093440257,6.718481330940431,45.682911013717906,310.91978478867674,0.1921448205729341
-0.7787365260895855,4.304956871894258,2.646159422655594,15.39160219068894,0.980213431812442
0.6929045834690364,5.098815260191568,15.205573169017633,81.53040851414657,1.4222170219879176
-0.7450226753360352,7.227861963535974,72.63610799524805,529.0037621581447,-2.9015547310354193
-0.20542541887926546,5.8386594816106445,85.40128095824986,502.6289988085801,-0.11822596678737296
0.5945907315591072,6.18630856812918,53.55227349128065,335.2908883419066,3.0806128360237697
-0.7001651453024524,5.7312640088378775,37.58025046195539,219.38233691571793,-3.9161318423099463
-0.541497209534717,4.1755997705720205,8.566728147010748,39.77122808521095,2.0452430336117224
0.44450513678613257,4.662999119280624,15.177462011392016,74.7724919920361,3.026908098053174
0.4400730730921487,5.782166554967564,62.839771564605556,367.35002546266395,1.320823239954568
0.2822952657705946,4.836741861631712,2.9611968663099812,18.32254484381413,0.8471742112039025
0.38789688893420005,4.1999161146387145,5.757588536001911,28.18138887381355,2.004696291241066
0.08544888669519235,7.374598656207295,18.443842581186157,140.01593671451434,1.7352578732619235
-0.4964018821860945,7.924770116656463,76.82561990633052,612.8253768272959,-1.1973692513666765
-0.3086080129921611,7.172571495986958,123.5329501904908,890.0489173514909,-0.7627607689693712
-0.6368045663971487,7.415139686818668,22.434401380721564,170.35422002820798,-1.1458994778136933
0.8169011226672567,4.967908521268182,1.098175199961103,9.455633933732152,-0.5665471878263317
0.16678358953224093,7.842507902052799,33.41594582626047,266.064819197016,2.87564965298869
-0.19829716647272022,4.787702817813713,27.31197200172328,134.7616053126998,1.7865416284421927
-0.07598839271173463,7.8057192414473295,84.81645117381326,666.0534049187121,0.7263128942406839
0.8945666792236306,7.979277175863804,82.91573372441744,665.6076216272447,2.5521577910685718
-0.6932971937678396,6.846891222984195,23.1837664001038,162.7367266805866,-1.8502191349133144
0.17245966403359447,7.924574927167288,14.63267039909756,119.95769296219147,-0.65260201902429
0.011777357768931962,6.278159118268414,38.64331821391859,246.60890060486088,2.4653240972556714
0.22290847086929566,5.038167132704361,5.391382018975441,31.162683687855345,1.3886455680325307
-0.963779632358319,5.7479835426624835,157.28957051381556,908.097862745862,-1.5752703502857592
0.744247817888303,6.374243741515144,42.84671927542409,277.1154321858283,3.6289759678357205
0.8642365649672248,4.2923262481080595,4.785137793691832,24.53937255267734,2.0922007809596614
0.13026636717841789,6.489373058468985,13.91964681147986,94.3297810018211,1.2390466038631014
0.3933016477537845,7.924711347049178,47.91417870154733,383.70603564069415,1.6573002946554476
0.8449987623545914,4.76043059913491,8.505503100069935,44.48985721860976,1.9945487557645345
0.41447726862679724,7.170380465153533,110.16993177777158,793.9603266666309,0.48341365350214915
-0.6949219141714773,7.631595175118477,54.719150970464334,421.59440853277516,2.5586942387288003
0.15257672033362635,7.774806371280883,23.471136840847272,186.48354425142483,0.0876118751590701
0.2134300927657118,7.840542417621789,333.85671167528994,2621.6177092978382,4.619267822881868
-0.15173865739522796,6.085838554885887,22.02608887994417,138.04722091890753,1.4774486886390452
0.47288847124944566,7.909231631966015,112.55651960245667,894.2355852237531,-0.41913763061991505
0.8687340295380297,7.0292408285377554,18.29072145269493,132.56988601869463,2.7219109662923193
0.8511370258135527,4.646685744947847,14.679595968390998,72.21146932791633,1.6362985512987702
-0.09832125719173579,5.90760042587188,26.17776022919418,158.64774747835952,2.1888194491588484
-0.7735239083184895,6.873324701488016,4.697418294003876,36.28688119339854,-0.7052123015347478
0.9696823979246691,4.989361263276333,90.9177945907154,457.62172247342994,3.1961336391412316
0.6777961728918682,6.562460734195549,96.72528315644347,638.7558727181064,0.5867414047230372
-0.7506746375934663,6.6664019161864765,18.840440348679866,129.59794764223648,1.7626806698144866
0.8416837652347446,4.650798975234263,3.397805381424947,19.80250978597661,1.3153567050789081
0.7397927241242566,6.260341249811026,32.386194577543975,206.74862983820472,2.091899244253084
0.03767611425214423,7.08650764391443,37.71098839587468,271.2392075269343,-1.7567064735277707
0.1825508714898585,5.995582658143768,28.601531851568634,175.48284836561152,2.4767027934437236
-0.20199459225973948,4.04841246710443,9.168591077940432,41.118238425716484,-1.9500868050300988
-0.8904767223559373,4.036153876317169,12.482378471868877,54.38080025489155,1.252425854149558
-0.32960551670819815,5.428117375880049,64.15900063709557,352.26258617731764,-0.6637150871236329
0.6057068971960229,7.704776273727128,83.13712408480599,644.5529411145213,1.780675885142001
-0.9907359539907943,4.9147071184144355,4.086537605466905,24.08413545925648,0.784871551434305
-0.33300165661771164,6.537454755486749,102.64641624217451,675.0463019960761,-0.5373659980468974
-0.20366261281811338,4.888303482773282,59.42804808320365,294.5023344195425,3.6583505874937403
0.07479120587584576,5.286679958638194,328.7825907143521,1742.1683330787093,2.886599704297684
0.839711232825521,7.392168358405936,13.099710699601564,100.83526693786636,1.5348689809838905
-0.3073080112680775,6.9154457690797875,40.47177824239954,283.88038761353727,0.48674241015963937
-0.3060935962075446,4.3815971092528425,1.1148276861919588,8.884725767133721,-0.941604461995729
0.47500249621949675,5.7148080839457345,30.281991574516034,177.05577024802085,-0.7114478665590565
-0.09556411822038569,4.116679054581057,4.527361090953031,22.637692575651588,-0.18778612463096656
-0.5507903541200361,5.9235605864120355,132.32037800643963,787.8077759380877,-0.4485963768259428
-0.0951209677346132,6.649736046804272,12.8103450737013,89.18541340859306,0.9251641968865377
-0.7182859592404003,4.474010494392607,1.7294824626717415,11.737722687861341,1.141039877035618
-0.6472260269875534,5.155539755636663,8.219473345424356,46.37582160273115,0.24547287128746614
-0.0032644545210405163,5.591346502008628,2.2709210084171914,16.69750623675137,-1.7200680765416534
-0.16214910099090418,7.678124098624199,98.51033867321613,760.3746053304521,2.4042123517111795
0.8296918021362001,7.973020061691856,6.830698819925063,58.461298726637416,2.9462490755028954
-0.2752122017667338,4.179645195982463,8.316821737726382,38.761364021930596,-0.044337642317348075
0.1611767005560869,7.044031693981568,4.23847708702027,33.85596693518545,1.4171242502293273
0.26452857583906075,5.4868962656093725,11.281343327176513,65.89956057294202,-0.5444418678035569
-0.9738110868233327,5.56983274491792,83.78839624444139,470.6873530464473,-0.8961916421066738
0.3270747440334212,7.01705989338809,47.90298587791076,340.1381209774237,-2.1134661425152417
-0.6439280662604971,7.673705728581634,19.55750811145103,154.07856203162353,-0.9209903187148532
0.9221406349389103,7.803714378010193,47.97373626745823,378.37333547723284,0.8295798942622677
-0.7026745444937741,6.308490344153283,23.86139889199478,154.52940450813892,0.4847704667878542
-0.17075175254595254,5.428484637202011,24.212588029819802,135.4376621467781,-0.18170834038620587
-0.8293006638427123,7.150196343435117,9.09968509916536,69.06453512246317,-1.71285287601144
0.9937485036918947,5.004005533049201,22.07774395796816,114.47715292291623,2.2727100355623824
0.004390020662485172,6.256296115334071,1.5276894431325458,13.557677528507016,1.6168467176083159
0.19077003464008757,5.434313846099492,8.062892561104153,47.8162886844209,-2.2475222119868583
-0.865847045223145,6.626524294831505,16.860747797886994,115.72815491172496,1.7937154779216005
0.4999209407983556,4.961595651574028,22.51371438753351,115.70394740596589,1.7055645311282948
-0.5801888138088285,4.766371782939303,11.087482221328,56.84706240357897,1.7130999332657035
0.7961085788814275,7.672956346701748,11.369281572092808,91.23600119602874,3.4852403326041044
-0.5897207190359857,4.407214731798147,3.382497155383817,18.907391293472884,0.5777874793677323
-0.6186245586726669,6.023831630939727,24.793854623319206,153.3540057328714,0.7466240583948552
-0.9269006643038102,4.883411131852036,10.618929645532598,55.85659923934748,1.3610803742450925
-0.055866109780001505,4.15571985330267,4.476026974990293,22.601114163885452,-0.9127796229149372
0.12968226652523285,4.144075273165706,4.909655846910223,24.345983394934088,1.9634925229530316
-0.8685827211432953,4.700887088423309,21.04391703424369,102.9250778761275,1.3454413931866485
0.5510552333900212,7.4670814180240015,24.924422252546023,190.11269025697032,0.630444067612457
-0.09342233050394477,5.129914975908107,11.903901980894393,65.06600504353233,0.3576117330521835
0.04878053865516008,7.801836682301182,433.0507511059906,3382.591235276797,0.8080735410046002
-0.11847450612354371,6.326489171956775,5.694848242774348,40.028395743848975,0.9052740108105449
-0.19847387824934803,5.746456759075064,2.7770400991648203,19.95814084806817,1.7178613066315143
0.11928066261643577,6.320355338677818,51.61267769828834,330.2104630338343,0.7194361286227207
-0.689519508138575,6.066793540905071,10.53553373666046,67.91690802355913,-0.2164171563018531
-0.6361437390094578,7.0351050150293,24.515730672345118,176.47073980012277,-0.018961912105196738
0.7235712420270346,5.129984263891409,5.95264556680843,34.5369780862502,2.481099256322943
0.8922309242672655,5.41220156640121,11.545556478100398,66.48687885574861,-0.16784456997568054
-0.2533813674404941,7.576377210133003,218.48704390817755,1659.3402601752452,-0.7447583857000106
-0.45851065371289246,7.785826052601622,109.40334713665919,855.7954303784202,0.3927050154409709
0.2879990864780315,7.570232909945898,104.30715573164484,793.6294630625497,-0.30403697942222907
-0.1825316578038072,5.677791975829255,4.148176881769747,27.55248541363269,-0.22160787516970915
-0.9492272886793103,7.121462012027527,11.129255474353501,83.25657008275785,-1.9166454360344458
-0.6876948052676193,5.905342933204395,1.120295855496164,10.615731213352444,-0.06647013954221803
0.43194445769479506,5.990159408584409,8.8968642501365,57.293635094853435,-1.0083936293413966
0.3178478838203027,4.818720436229135,28.964281675506495,143.57077603046022,2.334917272880583
-0.945808014993033,6.364521213034066,40.41524730335852,261.2236987922431,0.38467380117214856
-0.5560556761341011,4.744543591013391,8.591372762115132,44.762142576500366,-1.439827041133227
-0.5378504068238572,5.326258796268775,14.024826974748537,78.69985804040198,-0.8992850142902992
0.34378548719745683,7.420120806479741,20.51538024433687,156.22659980384745,1.7254546942262534
-0.9605789244912717,4.828303236843421,13.720766674793495,70.24802214787879,2.2843255122115753
-0.7917828360308523,4.284633140693732,18.323691679359836,82.51029662923914,1.6049453948239185
0.5998321707463787,4.276030370451265,1.6856114862355496,11.207725907924704,4.080583939319553
-0.6429106758913328,7.763138082012432,65.4454341373842,512.0619420457638,-0.037298067522612444
0.3054922157037494,6.0276817518473385,51.742306109423666,315.8861543342721,2.355357870812606
-0.523634437906547,5.637648287268073,11.064301612161035,66.37664103361703,-0.5475807308699941
-0.8011172144813097,7.243514324031674,75.37365223838839,549.9701296433483,-0.667935424089009
-0.5136556180010918,7.343303711642064,656.0954623905312,4821.908244163904,1.4314144265171433
0.4445338637113183,5.328764132462418,12.936325357033105,72.9346265684221,-0.34666009883609705
0.7113929362125715,6.774472229895181,43.839847538473805,300.9918297122294,-0.9060653753174971
0.6604397291339832,7.084491263407546,16.513670417655455,120.99095380067172,0.8754364306022273
-0.20563294076309035,6.618602747463818,32.804068139220675,221.11709551423627,2.3952454321735717
0.33617027314129233,4.6063802992003975,15.854633224061608,77.03247013436547,1.3647065123319135
-0.5900314091683581,7.503532334068228,51.75952676626015,392.37928268670294,0.08682648879526156
-0.4137045394779735,6.156378210944035,7.834160994424182,52.230058047100684,1.992999795934814
0.7926716370422395,5.129889705480014,15.979499573798506,85.97307036235124,1.796877429899245
-0.9739961529785279,5.700912741750775,74.63819022988662,429.50580970277883,-1.9417465789571402
-0.8289829382910638,4.150284361595629,12.475640029760422,55.77745371641111,-0.9232092355025208
-0.5842274897079454,4.51146720488967,24.971140836068724,116.65648295060527,4.091530235665871
-0.9469355922523606,7.062187002063443,26.952647527283187,194.34463703837673,-1.2865978436843126
-0.6371291298204054,4.000046539021465,15.641435408367672,66.5664695705689,-1.9952004322301815
0.16608312193938435,5.666263313929169,22.474908185844043,131.34874773737448,1.601177236953009
-0.1571508988150041,6.090040724342353,8.118209561302647,53.44022683707859,-0.28679514868475875
0.7853434221539497,4.218537680003889,11.333804910142183,51.81208307124789,2.353463843045251
0.6348871234768818,7.892312651889331,19.19135011167359,155.4641352931992,2.721184942166188
-0.31636529660424806,4.904501324998687,6.167973794404201,34.25083564721258,0.15188454557278486
-0.48115313313741503,5.216794878545123,16.407289972205053,89.59346629780407,-1.799625850813357
-0.2406151836654662,5.21577004902011,18.26760546236226,99.27962943790521,-0.01119969725427894
0.18058988502961548,4.921666648469399,3.5665575510120213,21.553407348662564,3.1810666073040856
-0.4638727183542475,4.005895288345245,21.262254581849046,89.1743654490262,-1.4049882728186391
0.24829781569826803,6.917379176351986,56.3000749539751,393.44896611368335,1.4864197513222182
-0.18117669561751915,7.867381999197141,25.253444543651305,202.67849502044552,-0.16200742577810745
0.10409436170396047,4.897173933140181,2.486813495173747,16.1783582251461,0.5284200660397345
-0.12774694172936663,6.65218876721369,24.07538151572538,164.15398248529246,1.4007455803083886
-0.41106848091616466,6.96758530783486,20.86032313399155,149.34608098508718,1.8570052897393805
0.8969066139243134,7.393701516362099,45.15004223202393,337.82593571472813,1.1772560399838663
0.5272115883195216,5.6905167880544365,11.966866823352065,72.09765655869658,-0.6905623489296249
-0.7197736484670949,5.211723622561717,1.8192147474440774,13.481244473766946,-1.518394165730832
0.7369359517958256,5.301180536092124,9.604611327365868,54.91577862536188,-1.1053691600931463
-0.025137603500972716,6.850485332394051,22.637856134121787,159.08030140364798,1.3799531923739439
0.7891044537881828,7.267117866022544,71.32307857929334,522.3132186033124,1.5801801578796895
0.5997105118946304,4.726455871026411,5.285822629766098,28.983207401662238,3.082589179101723
-0.1495729910615331,5.483764032631061,83.14255708182255,459.9341641062734,1.4466872228156737
-0.9550613833597652,7.6077607869966,6.63421164337798,54.47149519312727,1.2105055727747014
-0.46264528123010784,7.226774078778957,137.62801982142233,998.6066061591314,-1.099581402816775
0.08326842932173384,7.939433611049903,42.3258425564014,340.0432170082996,1.1750991002267885
0.26695643965229454,7.016993038728323,78.89212332142482,557.5854801569343,-0.9542440165902695
-0.48422462913359543,5.572780804111689,17.569982147405664,101.91365923964736,-3.2727873091350457
-0.7212878518543517,6.3625513359785515,75.25115136283654,482.7893136375398,0.04190404329052966
0.6698604735985982,6.644057016989281,18.815228037233197,129.0094478670327,1.684806323692961
0.9688043614071042,4.313823265268496,2.8814429917054167,16.430035815163684,1.1995983946398776
0.05138036460537165,6.17798783641546,90.8762058851827,565.4320945782458,1.4371491934170804
-0.656641428303393,6.837283313890438,27.252929258671838,190.33599847495347,0.07892945099951423
-0.4553853469612621,4.6692852160042415,12.886768426815493,64.17199729739983,0.8630833163793549
-0.9632186469050665,7.122526869702229,121.02720425688823,866.0195142846263,-0.7826113542425538
0.828597613120998,6.335091122056447,8.462040335369224,57.60779660308113,2.98479817878828
-0.7644978342197177,7.808887142790379,90.01123258426773,706.8875568340027,-1.3381978170889415
0.1530329510285071,4.169689192827567,4.4591128779171685,22.593114776649447,0.289205624509982
-0.451889558625588,5.061304550221868,11.006466013029538,59.70707651360874,1.455134975771033
0.10835600503158682,6.406215517199296,26.45345368768781,173.46652549757857,0.8087620731354046
0.30284077670372844,5.186239648823722,2.9829059100045194,19.470064899176045,-1.0893507392734199
0.6594836074144033,6.857696656284968,14.15419837916154,101.06519889717022,0.2289528063946268
-0.5871574564787936,7.036021130087724,130.20152695321948,920.1006948125386,-1.3852717991230143
-0.978008342683039,4.410063856265898,22.0039749529608,101.03893463423255,-0.61755974460337
-0.7262287398623855,6.055417856827071,19.396048331850825,121.4511774205704,-0.9465523273115064
0.8000372836962102,6.035562222364224,26.073111425069694,161.36588633664368,3.886662423819793
0.7477801551250305,5.477123080862164,11.522700368592842,67.11124814267882,2.4122730191942656
0.1948262043406166,7.731699450278688,185.3846973142821,1437.338762314916,0.8062083071562329
0.20103372086730675,7.310025279492885,31.647528654401057,235.34423449714717,-0.03826636881402756
0.33007334909251096,6.788837527638547,37.57206627037309,259.0706534872313,-0.23897048943001492
-0.6492574427531008,6.85730654293999,96.99732643638748,669.1404012199259,-0.11896091085031779
0.8288238918499196,5.846864575252477,8.551107466278593,53.99716732376127,-0.9956154556391685
-0.16245895021585377,7.683978084386304,221.57878764995496,1706.6065482671406,1.3737286648022211
-0.2337229435010051,6.778381709013141,6.415580241792316,47.48725176367114,-0.44535847899380876
0.037835410565675076,6.915924246623266,162.0012829141915,1124.3886004903325,0.19932580928322036
-0.9060680664498899,7.446763615149381,28.52287005714697,216.4030709411958,-0.6634264732573769
-0.6674332624878412,5.096286357368764,10.028634296705901,55.108792149342776,0.3547307720282339
0.4760672328527409,7.228283615466812,5.607649437033838,44.53368054699338,0.3148231113230039
-0.8344026641497471,4.780962411825968,6.928798964148585,37.126327406693086,0.20436524372831566
0.2063042189327764,5.381367808979551,5.21155029781366,32.04526900753222,0.19385267728332978
-0.5093017806373581,5.34244181707937,7.874065910731962,46.06673899193359,-0.40262519113093453
-0.2214087719160469,7.914101873556563,45.59235144531256,364.8225139931974,0.6701730427027709
-0.42261252645860026,7.426148894991707,106.79018931591057,797.0398463843045,-1.7922692683876202
-0.28865456707010173,6.804679446361039,36.96394856667578,255.52782106800527,0.2138202213637758
0.438091810368491,6.90822704646156,43.025380107516895,301.2290945430374,1.894494956426476
-0.40575656875364996,6.248291177610284,7.603633308477009,51.509714919140585,1.2263987333861706
0.13280928059379438,7.788362668434076,20.357049091563166,162.5480811842104,2.765744082559549
-0.04789919560180067,5.985035011529446,120.45093891805278,724.9030865961406,1.8741130806738866
0.3273423307252963,5.5220708394795786,7.582434975761054,45.870743071900165,-0.36786587613299804
0.873659478649516,4.652141347726364,53.63913466005551,253.53683620830654,1.754729633507509
0.4651441944205006,7.1448226090442315,27.920190631349197,203.48480927168868,1.196745599295187
-0.5701192428184865,6.937775728302366,32.174551059324166,227.2198194084044,-0.5224388983757184
-0.9376337298774307,5.537420154096539,46.482469303251534,261.3929623319988,-0.4951175882937837
-0.47547191140034983,4.100773655836917,27.723467310674994,117.68766439607197,-0.4066754861041739
0.19015586140050966,7.355989310872043,35.416651650729854,264.5245109696475,-0.9124322763037762
-0.8971483730314993,4.045671933816294,5.127370288310583,24.743658069701688,-2.064990705890742
-0.007267505597527313,6.814799118516204,28.544923537172284,198.52791975923412,0.2448860330216145
0.19368569783377843,7.881028438904228,72.13012270539917,572.4595483429025,0.11876157525009201
-0.33151221836607836,5.750645312592814,43.233961972700385,252.62318076312545,-0.515313169200379
0.5418244074916438,4.9398936199838115,11.871928561179518,62.64606415627429,2.9286423377450093
-0.7868034937324564,6.819484040173527,56.183792077626414,387.1444733898012,-0.3457853046128375
-0.8497244365283825,7.268512568062341,194.9252235998525,1420.8164375678898,-0.09610268445357323
0.4563775124072067,6.18572126431139,32.27104034853724,203.61966050539766,0.9652155649335568
-0.009017367587603076,7.868141101024585,69.8062401719837,553.2453474051784,2.131594190222564
0.3768047928554721,4.206674886631845,1.7939620655341864,11.546615168652853,1.6687157866594
-0.13034532279250755,6.019182393218113,1.4606200827689464,12.791738685383626,-0.20488172727682846
-0.5071959335217864,6.8738157892902,45.84580148641463,319.135594129981,0.3173607348453458
0.6382046353483994,7.450561884596716,37.73004440979313,285.1100307837461,-0.27639452731159303
0.5988317579379585,4.717022447631161,6.320059033765606,33.811860332626466,-0.3780449453163539
0.3893929417088535,7.200013927054726,46.690334242340306,340.17105680369036,-0.5313467879905223
-0.4557097255400746,6.210828302874181,21.01025017561204,134.4910564411585,3.1072175684106558
0.1804613337381742,5.586214727959852,50.44520080950909,285.7977237169719,-1.4881299030059743
-0.2780522061199464,4.526860114316374,10.480757170925491,51.44492160489793,-0.7783710772163694
-0.8168358533467317,7.461183035635649,19.760168759576636,151.43423593025074,-0.8310457662064593
0.8346271509244856,4.629092832718861,27.240712990109866,130.09978926066916,3.466898598318819
-0.7263627381620772,5.239151436836397,11.05015708248249,61.89344635595603,-0.6416318826157923
0.9004747076416049,5.1601821278497475,22.345562323732384,119.30717133967653,1.5037419780675563
-0.10798845408408853,7.485656136763417,26.191039859741625,200.05711825429017,-0.502271803590438
-0.6297341423227607,6.690811976835592,14.8140951555053,103.11832529243698,0.11592091427219686
0.08380189475671629,7.186725588765489,39.54862883930043,288.22514287998916,-1.5655096868588538
0.7458916717528166,5.001871595169996,12.351338541508463,65.7798094130996,1.6191640967581822
0.46444977281912236,6.499496398427995,41.6614080796374,274.77817176704224,1.620471783884175
0.6131222957228994,6.286983932574994,17.722698390864338,115.4223200252368,0.37681155803084043
0.3175667334214347,7.331321507153085,6.22953050624371,49.67069097989075,-2.1186220399020472
0.38455312903570493,7.624348241925042,29.353160903983348,227.79872073322832,2.2229135670900213
0.6983913031306386,4.048627085909548,16.74554093674593,71.79645060471671,0.6286698822336817
-0.5006639822816281,6.69607967623517,21.129364572273403,145.48390868416337,0.7225034195522995
-0.021150072713719048,4.2073431964789165,6.406340452956596,30.953672919074595,-0.975818768399888
-0.5575811163607955,6.195434660309424,59.3880980082695,371.9350808102859,0.34380839154522236
0.975336015993294,5.150530916174713,6.4449200466442225,37.19475995251524,0.8120550283003555
0.8881186793732265,5.227106398088565,2.917566798744241,19.250432080566796,-0.8199231205690084
-0.9211463772629882,5.411834013809426,12.746871734957635,72.9839540249097,-0.27380493283403085
0.41115034503137693,6.4851697961984405,15.774756095511663,106.30197177300947,2.1078094678053327
0.8504966348313316,5.336199862675077,5.484103373739331,33.264271669843744,-1.7449149388364478
-0.6388493097453329,6.930796202361122,26.84339099670114,190.04607237843098,0.33047786642470484
0.13589046110525893,5.618109542295478,27.127837600645215,156.40716328602696,-0.3166733815688514
0.8309765951760837,4.273412801239834,8.393166300141718,39.8674643099604,1.782381216374645
-0.9321080428284023,7.135039369936429,48.15864945138823,347.61385983862243,-2.706000148017652
0.39484053449367984,5.143033298370824,80.23215323644082,416.6366356950056,1.526824665144628
-0.40530198525489847,5.731067518397051,12.46163715569532,75.41848392905526,0.5208270873579217
0.8487923907530608,6.741775532887607,38.44529805002875,263.1895697482554,1.2180593905236212
0.9421164903307355,5.329824628594848,8.633922765459689,50.017294196732784,0.06375931984582461
0.8885329782268678,4.226342624586863,3.549517193497188,19.001475811581102,-0.6015260821792958
-0.051571566685072456,5.495684188051254,8.696619966799398,51.793876841030276,2.001263587515139
0.7240853019786269,7.777794330777214,30.269439127319984,239.42947204027536,2.7286391108071766
0.6890987970701408,6.566937589194232,38.204166950765554,254.88438001283433,1.1823905191846071
-0.36179905351348873,6.685916594668828,296.49610567520136,1986.3482331885111,1.0264072169979654
0.6578309483013547,6.52912861455056,12.78817442697556,87.49563557902984,1.9621449086164362
-0.9259847305690148,4.795968555837748,7.252592363278782,38.78320492259402,1.4271949147824685
0.19253975696410608,5.67333545640912,16.01530319936561,94.86018748610334,0.4136176155931037
-0.5399823254245939,7.0037591934532735,49.28789165149723,349.20052428010257,1.0072204855358757
-0.7588662284454424,4.405491590212637,11.778744658600447,55.89116053672628,-1.5020172491294794
-0.8460935967415817,5.111411104358849,46.51623289208882,241.76358933756515,-1.3688064743529664
0.3925775517562795,5.1052764338634145,1.1345614021161514,9.792249588994622,1.4602946251939661
-0.3202500724638677,5.7280757103780235,1.611407442481405,13.230263830800109,-3.4175978735220833
0.4495335430575229,7.92147496376874,31.97196131743466,257.2650911186413,0.815806293248143
-0.8692873184021153,4.270010186735288,25.338000905364538,112.19352197741452,-2.90139135402118
-0.36941932433877933,6.0748039775223805,4.356870206991674,30.46713246298178,0.35502000627110286
0.07898258475067443,4.717458728048841,0.5226187879259714,6.46543256254368,1.1224907213305662
0.5814463296779271,7.8827061816389765,91.15236955836262,722.5273469887455,1.8403993250469286
-0.36249499413586017,4.453214018909857,11.825571146862051,56.661799212822004,0.917528828204727
0.2517827528740182,5.614404009446365,5.567764338783848,35.25967842732052,-0.3854469915551132
0.7719554964723743,6.951539939338424,12.064054984009173,87.86376005171455,2.9676114222209136
0.23172637636460913,6.818217712109782,11.465759238703306,82.17604272411324,2.928392449723092
-0.5340810504927325,5.690914547575729,19.22079164427473,113.38388278432508,-1.7118175278856214
-0.951198436886924,5.386096671810873,7.89897543841481,46.54464531956184,-0.13004201470490373
0.7401977478018598,5.590449514211482,26.82377647432188,153.95696816019012,-1.087968497329208
-0.9574611782992257,5.057105052634557,0.7217516772421154,7.6499740537285685,0.7667947894709073
0.7494033453683988,4.821331754827199,4.7294740995067,26.802363659584426,1.1089322006825055
0.05787426805442397,5.93215879023556,6.296698410519097,41.35301482542314,0.9114654145504036
0.8781353970257924,5.074135024270429,9.783789014011822,53.644266506069634,2.3703678436817572
0.5975664715473308,5.1498466595890005,7.666617937820327,43.481906777429124,0.35835403402716137
0.9958682210666749,6.627024253898228,61.02941169124132,408.4433914789963,2.167561018786458
-0.2985763690965797,7.874149326799569,7.986382403581458,66.88596762672486,0.015127492736249915
0.5343765778622538,6.4145488022375,25.861771576855197,169.89159589205633,0.77026888559333
-0.19613817278151569,4.307917868259866,15.063812695189435,68.89366787372637,-1.5846396085054817
-0.04024875939218231,4.302334455416268,55.02648772319905,240.74235409205954,-0.313618019213309
0.25501092643674017,7.805692883382264,30.602462225219252,242.87342160536846,0.9167475608730873
0.7473542283726775,5.1891631612293345,18.523499791116695,100.12146273310202,0.17857155436277766
0.9681669383985902,4.368267944329902,1.462681184959933,10.389383333034951,3.481149929197609
0.5365468277290364,6.396178348601526,2.239232044902415,18.322527523099545,3.2865489868665243
-0.16446643566533248,6.494595113161065,59.86379703649113,392.79112368846114,0.9559625304881377
-0.15728599544585964,6.594019280474752,26.881796475544906,181.25908425354135,1.0689695249944584
0.475164603177783,5.069608111430165,40.98953316743604,211.80086982936956,2.381710717237519
-0.5224457084633953,4.0604427368579,1.9286465345262422,11.831158813083238,-0.107923497788321
-0.7790517737372107,7.860061477817887,85.62119678082726,676.9878705016453,-0.35769986080214367
-0.2907556847184469,5.00357218276441,79.09138309014266,399.73944432620124,-1.6425650766703104
-0.42552201669183654,6.7041051522101895,43.456402079635616,295.3362890786027,0.9029404258422411
-0.4073837590880198,6.826519479514838,40.03849015616158,277.3235329814001,-0.21980975110060919
-0.5327844979001801,6.440029668317942,25.24355599378573,166.5692495338253,0.16399567366306578
-0.9158136207272762,5.251629576854593,2.871783689437793,19.081544161780116,-1.347467696571204
-0.9642521305331724,5.084385015056263,49.29217977626685,254.62042021391053,0.21179218119673238
0.9754447794720631,6.3906731308108125,13.256379729869641,88.71718975150301,2.9282487009269884
-0.1444537325282753,7.4643825344467665,69.17742102440883,520.3667332726678,-2.8399547620822085
-0.23134670568063664,7.786934915693582,10.282394400841445,84.06833597684444,1.710587141763639
0.3592945653861397,4.423623217615031,2.8076615388461454,16.420036770444554,1.2500107580723991
-0.5634922242698717,4.619314450390879,42.29820391099094,199.38870455162046,-0.7592121512426772
0.8999223679004507,7.778945035132319,34.54180151141244,272.6987753717278,3.3481585046351197
0.5726900288311041,6.94614091333917,137.8747870023801,961.697698915156,0.323676698821485
-0.821177995375481,7.531975299319092,39.95512664854495,304.9410269980066,-0.6449167401173741
-0.16483844843014328,4.810530536541373,1.7565778192215107,12.450071239176328,0.12882050543101758
0.7582366151243294,6.350343484437607,58.39552977468972,374.83167202498316,1.4002905480399805
0.8894640445828206,6.804558377669895,16.649611304507694,117.29325208703521,1.310169382551461
-0.06519697750026054,6.720447541787891,57.91130317342798,393.18987505359735,0.8145307370648185
0.2268227784214154,5.632606763466793,17.141702705388557,100.55247059570861,0.24766806791554263
-0.6659321078158495,4.061579566765234,1.628519883626949,10.614363083410112,0.15541740516493774
0.9823372522739531,6.3317042272170525,27.942445559721243,180.92330066926937,3.7813938802838503
-0.5366565972331132,5.012406156718435,110.2142524035785,556.4385973058164,0.4930072762359531
0.8854635482702513,5.801016984571561,29.76981470532562,176.69520073314214,-0.6956141538648835
0.2992932979847369,7.830324060335269,47.35366775609532,374.7945639756756,1.8054283744644861
0.21547358975771824,5.596141270569738,48.10634289043346,273.2098908253338,0.15413399504058867
0.02537702203301717,7.359206426657707,48.9241763667805,364.04311313734615,0.31687599066178346
-0.5386603765644826,4.7541624229970045,13.284732476663997,67.15777594012391,4.582135023572876
-0.6469439359889835,6.689841992100115,9.519057329509426,67.68098944816055,0.2773856490366483
-0.5590275818596493,7.908027817755774,65.88178071817379,524.9949546026043,-0.1787184407339471
-0.627123475711491,4.407572403491747,25.514058606917324,116.45506061691988,-1.937157732043806
0.5591689471335066,4.033279768908768,3.2562549033783217,17.13338702420576,1.1435654403470452
-0.2997494816665398,5.734331170530457,73.08779622499699,423.10962807837853,-1.434546190216646
-0.8843146468732073,4.370501932205469,8.113626579377588,39.4606206423634,-0.193307910060591
0.9382052602816227,6.993537398704925,13.585447564322717,99.01033561923565,0.9464103565456805
0.7675717699268514,7.658194655394236,124.80211521344293,959.7588917094843,2.630765825024082
0.8555045663904259,5.736083890835035,13.213614633468945,79.7944020387433,2.5075765946617006
0.9898156452928706,5.034846568621764,26.494526693633368,137.3958768106977,1.498085029067354
-0.6522095015610254,5.737613276026439,13.158237728929274,79.49687948261658,0.5512662891317409
-0.2075159621946825,6.893791271400004,29.57914322437897,207.9124393757143,-0.9039381614635862
0.5164769514081826,4.036216646321484,12.325478312535411,53.74830073892986,1.0476870822420508
0.39204123610758446,6.357815957938788,32.130477565607485,208.2796630028135,2.835760989245553
-0.6922081873202899,6.453166739549516,3.4248291570713083,26.100993605051972,0.55758000759716
0.6316662499812356,6.550752987583742,8.620410916762507,60.4701825671815,1.8773157577813109
-0.5511188563266787,4.968088319923509,30.369965551174037,154.88067113126706,1.1726600082763026
-0.5523647703547538,6.8562108935125075,27.003564015165498,189.14212976444003,-1.6211615941813622
0.07394884578682714,4.365565945327106,5.254325645807061,26.938105104994158,0.5008960430167189
0.1858798696834063,4.797081345867204,2.8291226832541794,17.571531649008392,2.319166621087864
0.16017241567562235,7.509880186617927,14.51530735194193,113.00821908501823,-1.0777493541599
-0.8170263252044903,6.954892602906265,4.2872592593427346,33.81742770954418,-1.1254976488593842
0.7549217252607607,4.0549822160453814,6.863451088207365,31.831172103378186,0.7152877472875642
-0.46879991482258787,4.993505041479201,6.674637796774615,37.329837488241665,0.4686630176154749
-0.7409701574343917,4.857625931972658,4.315551278471452,24.963333801060685,1.4097616709679353
0.7774961597379544,5.08322531214789,11.863770149925319,64.30621672360496,-0.33230902767727044
0.9113029964595067,4.990239081119546,17.445647165222276,91.05795027931461,2.8769719163337384
0.7242552345309012,4.250105182971383,67.91456537399532,292.6440462952663,1.8985725144395567
0.6190321494497562,5.835762066387281,4.079594571019618,27.807543243795784,2.042820715741547
0.31048396127804345,6.9309338991446605,101.98726911258912,710.867020773633,1.1524401892154854
0.10171474121827861,6.426926898869746,65.79639242430747,426.8686043203712,3.0236157381639517
-0.8260264801771797,6.691486674392319,13.022134947747588,91.1374424749915,-1.365801386364178
-0.1830935738586026,4.324596714144956,10.649727571192194,50.05577686091671,0.7176843237377023
-0.25462296597537204,7.805962840707149,31.354198169495316,248.74970581124856,1.1149718189929854
-0.4804924324793476,7.353967335372099,47.59236018805038,353.992662236186,0.914061129976577
0.4468402273771699,7.22036127398265,167.22022402043027,1211.390429743818,1.4716524794290824
-0.008248529842458385,7.29193522016707,70.21583410963196,516.0093137574336,0.007639588142416609
-0.8379075681847041,7.730842032531045,79.36277181721817,617.5410521827205,-0.07540561145324967
-0.5596335961003773,6.177015864454791,14.270559120741117,92.1494700834579,2.6914480615000693
0.36651752731919185,4.801128071470504,2.5005416560116767,16.005420738559,1.3652709765493474
-0.8477382810193996,6.467134431410164,20.59604372495854,137.19738352450864,1.451000521014815
0.7024138280975374,6.971525974671756,109.11159242109252,764.6743007014445,-0.6791697454082328
-0.00970694597205135,6.951669573416101,7.019324091347837,52.79602171176938,-0.6494822788223972
-0.038826845346704,6.08579609666752,7.299520639359352,48.42339421455715,1.236126326708232
0.1848155693190352,4.273834877334313,9.613661645352945,45.08720243880059,-1.5319882689806534
0.6493619318502983,5.484451753720512,5.798336650428567,35.80069761110487,-0.026423412113756595
-0.3043815841956139,7.68306643385343,21.09444572002365,166.07002785225686,0.35715767503492923
0.3560323051181271,6.337795639029704,15.569272149730685,102.67486513342975,2.5700779715163544
0.13146392799158213,6.153327773022854,5.534750466574354,38.05713376272317,1.052938086642667
-0.46594345966115736,5.075414057528774,4.775913108432495,28.23973652807423,2.1024961235734825
0.757259972710316,5.473795679666315,31.19711918132377,174.7666561927652,0.5295140250138255
0.5948520432138562,7.581384356612677,11.981004006658086,94.83259635259142,0.5927323086895397
0.316903669316851,6.665852190107342,5.669233710570636,41.790273945837654,2.4234133013910597
0.7011634581884838,7.149548107009331,19.005892714885206,139.88354428172997,-0.5663852358861103
0.7345884019196047,5.8173816922706205,38.116465290920544,225.73802735746972,0.8319943852739917
0.4167259534300696,6.520988877824632,21.40388892351036,143.5745216124049,2.3898707600950964
0.6740266567273441,4.99353443497283,7.6307500206485965,42.1044129927784,2.5589057432738023
0.3949429233385673,6.8218433211339455,31.667168750401675,220.02846363914927,0.1413313545494171
0.3602815435206008,5.710405334813349,3.03282714164048,21.318672289190516,2.3573215525782865
0.2372227564303686,5.770182059258982,29.36480015511817,173.44024302878825,-1.1784025427944322
0.5054332791152825,6.597289298307526,39.728931703701576,266.103255962021,2.605942197791316
-0.6827897894138526,7.745122485875706,31.920638287017578,251.22925336028482,1.180221515861712
0.7617415183978569,4.256025386434484,22.964216613734294,101.73628888763369,0.7350272908970418
0.743687055490464,7.29897294938803,12.45335887574949,94.89672956311686,3.951051677564275
-0.9415054339308817,5.169532441648773,40.963245526456234,215.76082666423946,-0.3834172952677841
0.6516335011295253,5.775677818025511,20.954063190596028,125.02391796743035,1.9057985130445387
-0.7422602650531096,4.087653315100036,5.513910426184864,26.538954232759213,-1.5748986691860078
-0.3297622914817162,5.204184311337253,13.226448779652522,72.8328772337734,1.4903122933707662
0.48701651258321554,6.010524970520522,18.137792038573686,113.01765195795547,1.965973159166369
-0.6784802079033836,4.224704309389756,28.012057741736403,122.34266105638845,-0.8407445030650904
0.6359340482381244,5.96438291753266,6.722851072465527,44.097658093729514,2.52588060907976
0.6642683559154838,7.70844251543371,22.014515221003897,173.69762508624896,0.533391355151245
0.014935467521672408,4.421572872431221,25.71538184644405,117.70243477644729,0.21397080979882355
-0.9872282565663328,7.057762912302017,18.790407889137086,136.61824390697896,-1.9802156021663526
-0.42592373365017444,5.6386842135039705,41.259243976860375,236.6478476734314,-1.1499597392184673
0.2338538367514844,6.620694858097352,149.87227210644298,996.2585813064942,3.3397860621145377
0.962372356054847,5.040946391940917,8.32013240716186,45.94134143835328,2.7794910714355963
0.26362705403333675,4.637969050165433,20.092504833317467,97.18841555722578,2.040585359517095
-0.4803928378716804,4.641850457084906,3.213089538139866,18.914681141269266,-0.4368296041653852
0.2680114061992227,4.281967782572579,18.096475387808315,81.48852458871282,0.5335391555941426
0.07997075943171095,4.742586819604972,13.075201171382925,66.01027673908415,0.8625460023401217
0.5596907903022872,6.6568775399558735,44.767259259358966,302.0101626890083,1.0706390149529093
-0.7860387223460832,7.526762447374033,22.596819169301984,174.08088995360384,-0.8600817416788258
0.522055805004056,7.256502742364647,7.150397543252412,55.886879381608566,0.16853937702103639
0.08253315735222055,6.740537239497936,48.111473573514644,328.2971792693963,-0.9518861814554319
0.9259840077179893,4.441727453644411,1.1705346079757004,9.199195703686566,1.0353009243549864
-0.3162556679226278,5.156749785183799,9.5929111166003,53.46824233981588,-0.020775160144604073
0.26524378626789624,5.239227501289876,35.19118471703053,188.37462277243833,0.09606188504475255
0.8640562110200349,4.999827785590485,14.75838843614559,77.78940057357804,2.1828585601174404
-0.7949805440186415,6.060022638838893,145.23512258329015,884.12813080928,1.1141756085611791
0.8744569744729023,6.14221525951869,60.112438429042214,373.22353660574083,3.0492271501191137
0.3757714446016267,5.427543900684441,7.844977844430565,46.57896165054368,-0.5238315047591244
-0.8643258817896562,5.415156634945744,15.408074609854316,87.43713745529165,-0.5492184950986247
-0.3980728661063675,7.314222391624325,36.95646111986002,274.307775438074,-0.47703767406447145
0.41634417729056317,7.157171393278743,7.362569092347348,56.69516888878668,0.5433854842771071
-0.8652987970624566,5.231183326722983,5.339824284343958,31.933599763890598,-1.1000936365336984
0.16434092035254655,7.655153775493037,26.227696763197663,204.77705189927912,0.6955129486247875
-0.30823388609408653,7.811260068010024,6.484466393228283,54.651853399777075,4.710629716637495
0.24183103553495422,5.306970168120163,14.89429944722678,83.04360284148116,-0.6325868308911041
-0.9085159323749743,5.4176997951722194,11.702213979661687,67.3990822806746,-3.2542545788912793
0.7430736123047526,6.022536613687835,3.8128403326599094,26.96297050559001,2.3297384283775564
0.9469779383547938,7.764483250134694,72.70822325707869,568.5417816266412,0.8912080061570284
0.937755710571383,7.505277732569246,87.22679893846741,658.6613517561742,0.3907103982099136
0.4993036634858494,4.410271850334359,11.3835622167135,54.20460400090135,3.855339828726004
-0.7398275197387361,5.570922973085665,11.721131353210444,69.29751992615473,-1.806589533974535
0.5165263918580452,6.213484758999087,40.37394015839446,254.86286183492516,-0.9544394770911673
-0.950826167082397,6.01252989020616,39.904348606144644,243.9260887436512,-0.5174558842307411
-0.9557528969420055,4.775452271747571,14.807439236430321,74.71221934037528,1.8651686536440941
-0.3527795617009175,7.435267084672619,18.047754848207326,138.1898775751166,1.8285615849205417
-0.0227136191906685,6.707763131987349,37.731011084302665,257.09068508389146,-1.0404991623344888
0.5408148356155864,7.351633499407214,130.49010505166012,963.3154276389511,0.5479144619897625
0.3665907532130104,7.435057117397889,22.666759227984585,172.52864952637108,3.081802007197209
-0.10819458724650333,6.993423414662959,268.9837708754792,1885.1174014049127,2.2225481398795126
-0.45274666743666825,5.756842404998869,10.514868135990783,64.53243876824315,-1.4468340007273341
0.9942490003154223,6.442187020061699,25.88077780243471,170.72881082794584,0.9855364222925793
-0.1476373955280541,4.641461624478973,5.197850715655734,28.125624626486655,1.2003923642157526
-0.09722595134064904,6.69458166989963,35.53654739073892,241.9023187735603,0.7315579798114764
-0.6727523576166616,4.717013022957123,1.8520346005341546,12.7360713296868,-0.4301712038599693
0.5896190974998587,6.775798362040627,17.14758559731425,120.18858240323334,0.3370724983317826
0.3873644515629773,4.918392643015874,3.923857088388813,23.299069835777228,1.7198683681758555
-0.5584607744224792,4.47020520060088,10.702110320033926,51.840629210020005,0.8276156098118611
-0.8352379087683146,4.66113796057183,27.799453321106043,133.577087158152,1.0315631402229872
0.3609986041494262,4.007968540876281,14.153903581852248,60.72840028665991,1.4810053076210483
0.30902242856227047,6.874958471414121,2.903218284212147,23.95950513740867,1.3110059497920474
-0.45348094600358135,6.929604196233516,246.3791848557819,1711.3102332412193,-0.8293746510413897
0.9017271245008207,6.059733399653037,27.80307539916892,172.4792246094156,3.07969147543139
-0.6978842164381995,4.645451204221535,4.693724771572064,25.804469392383893,1.045900741371258
-0.13533039791479617,4.334217350042759,10.218875956218056,48.29082946737509,1.4810388128319492
0.8872318403351978,4.076515865749148,9.156351169429483,41.326010814550045,-1.8230577345194015
-0.1605453661477554,4.662992707860883,5.283811102061073,28.63837263862516,1.7925818406374545
0.2770518953281711,7.563422139932587,53.497115540003676,408.6212680977955,0.7158359850361102
-0.20481120407441145,4.966147366806727,6.5247418929023615,36.4028297705306,0.9595828298687861
-0.45156959530265994,5.417085308868863,10.015968423474622,58.2573554008988,0.05783808647930311
0.9679552959196565,4.421381937925332,4.592441653119408,24.304938576078108,1.8743311078985616
-0.18133198736991396,4.889445218992681,2.7512389011996814,17.45203189177746,0.3279502767063238
0.7881984073582688,6.076898283120821,24.15002974502301,150.75727429484706,3.5951934475580676
-0.5400907882178276,6.43101073238261,44.737174608144244,291.7052500414504,0.5511073056211604
-0.5737905919498334,4.981409256664844,20.198093613996797,104.61497049574672,-1.0299194337642197
-0.9377318342309773,4.230928636900469,18.828836877005298,83.66346514244931,-1.535969486581175
0.3033336507517701,5.564131476509594,22.3406066426397,128.30607262463087,-0.7765381912834244
-0.2629473125524777,4.936813483705336,6.928762623389483,38.20600874454276,0.5557651572758151
0.7287164996792741,4.878215692919207,26.543150006848677,133.4832109029178,2.1096908445011286
-0.05358018661688568,7.839451210853821,12.964412006429578,105.63387540181218,1.880289627904195
0.9363868558294435,6.465201943702896,10.297792885772031,70.57731058094319,1.4130232703882448
-0.6289489685937577,6.227513772688384,8.581054558994907,57.438635450331226,-0.9343182952396147
0.7372463359112216,5.663100414093288,49.97916737907723,287.03704348049,1.851674103506188
0.5531937055834835,5.7157773337205775,44.73146553785031,259.67509682534796,-1.2599289595406218
0.541843689288104,6.163620015352324,35.48518355530305,222.71718760991703,3.259343645380107
0.6895664562337753,6.785719228144429,86.90273278836938,593.6975448603354,0.754770558124935
0.5220479818859978,6.808584384727318,12.491012802880586,89.04611471912177,0.9354558245747758
0.2524406432628308,4.686775630821798,14.760916862105056,73.18110543790054,1.9127087809265517
-0.7375102446352249,6.0004510083065075,17.72632948426966,110.36597162745925,1.6410304182937914
-0.9349476410174962,5.647832380136408,39.283252929824435,225.86522789415085,-0.705646240842805
0.8416956956313737,7.482107865077537,37.55587034152399,284.99707286214885,0.3445485125901232
0.23330062904147608,6.525675684873505,17.776812757376117,120.00571476535846,2.3351782293503036
0.5930745819523526,6.130016265663928,36.815415296610645,229.67909459539584,2.4734482217245244
-0.036955296974899854,4.4615785687156695,22.35295331154705,103.72945744230027,1.428076782860121
-0.765383622075211,6.422551557293646,12.716884310943097,85.67484513517073,2.022546088078469
-0.7496284155948991,4.468815622720934,8.787516545747192,43.26979122455374,0.9225826107100059
0.37113057445794273,5.348826302263008,5.03278001084603,30.91946609551675,-1.5056466944926359
-0.1393882102010746,4.571367859257327,0.8086597043046628,7.69668098133487,2.438677532383176
-0.5989505465993266,6.768294588097476,36.03918884684121,247.92384683149828,0.8112767472207016
-0.016810906517126245,4.82500845534461,20.520196246510455,103.01012039474368,0.5576957324168811
-0.8715821258497318,5.567437492752104,21.026542231979537,121.06395956525839,-1.6890816667480875
0.16394280382879756,7.582699110475115,6.3078055171542955,51.8301912839759,2.6434065180223767
-0.46201319112980466,4.817265533595881,7.828597198883838,41.71243146258837,1.6394725158151249
0.5951182012743763,6.031220255835116,2.219456548329493,17.38603129123073,2.3069505851567222
-0.37927608215285247,5.677086644664088,67.23839442518604,385.71819099988,-1.307086694182047
-0.08955970183639761,4.072496164182919,2.5862100424765777,14.532330477757206,-0.2719529296683265
-0.9767589201837987,7.171032454291251,126.58573638854129,911.7504238925866,0.34816211895825444
-0.8551062244108822,4.276183625258399,21.84476831119143,97.41224054988037,-0.5815295396918791
-0.21501288718663036,5.897020083907814,7.7517582563267835,49.712274123157265,-0.7762365290562054
-0.040122330565752984,6.2427131797558,7.3050919954209945,49.603594079143235,1.2419915349477093
0.20004109623860744,6.513705826458349,36.86354526848415,244.1182895992363,-0.36036480061734855
-0.41667484258139353,6.754526517231502,12.590457949137708,89.04258208153881,2.121436604782218
0.3899637722530851,5.01308953409086,13.585858141632103,72.10712326145901,1.6341663551094046
0.7202447943784092,4.0399151066337975,4.651221915052556,22.790541678927003,-0.23507575279619713
0.5597019777866996,6.8937746494196475,5.289527435647097,40.464810143273674,-0.09478507518376078
-0.9207623493032857,6.142626397390314,2.318325550384717,18.240607723537593,-1.8083640930805984
-0.038986105484342115,7.344470812828995,49.349106231704475,366.44307035795094,-2.4421843986630254
-0.7901396431636503,7.285553451602777,21.784941614129313,162.71535656978477,-1.390022656803521
-0.5159099682749451,7.373304671151533,22.955613846954492,173.25873480690035,-0.20322670863559675
0.9733251865342929,5.94037863991816,39.09729015351444,236.2527073066198,1.2140573538058155
-0.7150089141969735,5.334513583347462,46.5580102954676,252.36433833480288,-2.8356097315476125
-0.002223693097287871,7.16623281036548,27.40078558095865,200.36040866005524,-0.20297279242761923
0.2363114686362382,5.80517645211702,12.961578989970592,79.24425313483198,1.7557691551530183
0.4049299410882079,4.733768785613738,17.58466870162953,87.24175580513273,2.2493082219624103
0.1192973669738282,7.419896078245897,10.517204808847822,82.03656671527885,-1.0722832747551043
-0.9804583051616327,7.530239507089389,53.96160678829756,410.3438233032612,-0.15987541548955483
-0.3470773835120162,5.8652390245606805,32.60629878922254,195.24373610503372,-1.5886919354910638
0.03542328676942286,4.30279890923915,16.973098729814755,77.03183070105533,0.46120894435151966
-0.8242670017103333,5.551304359667725,2.313819164634002,16.84471441611547,-0.5576011585909277
-0.2987461375816385,7.214150637850413,17.213949096366225,128.18402185347495,-1.148980248571484
-0.9335937824172669,7.607096114184914,18.63953391284248,145.79272599860198,-0.28481779760950676
-0.8428430056899585,4.813890969990384,12.266015114182032,63.04725939592645,0.7823343737463913
-0.20615344759680787,4.267894448101086,13.663004843017571,62.31226251389295,-3.009228051478148
-0.7345684919138793,7.509401812531355,190.83540712115496,1437.05975213076,0.6486783280567585
0.1350816965231163,5.557619755915502,9.814338195501234,58.54435984655375,-0.16510443094649363
0.3789299382745315,6.167043857070253,13.275887637299508,85.87298130076285,3.7269014543019434
0.6011733982181657,7.872263248203035,161.7098440130588,1277.0224618966486,0.00016695764447027805
-0.5996995115103798,4.266258911656891,11.35554753768865,52.44570587940767,-1.5842081727244604
-0.6650348354818605,6.593272029808382,95.99417630058578,636.9157176271469,-1.09002475203228
-0.7908643193311995,4.296421690299468,11.437973723128989,53.14235839712675,-0.8243067201721878
0.2728604990872734,5.501875713866001,4.922523168729089,31.083110672973287,-0.7685789709730233
0.4129514529738023,7.2152581807737874,9.723063421212018,74.15441289208238,1.4243854860014484
-0.9368277103487159,5.733888931022538,3.7263612318703827,25.366541420413096,-1.6044125486164753
0.8724244924873796,7.988729415611802,105.258217188452,844.8794158882422,3.262588871319253
-0.8960574326970552,6.236237139786409,74.19638230446537,466.7062349648981,-0.7943569656930352
0.08259267060214093,5.2846486105438135,89.27187124977262,475.7704703607571,-0.34974403322499736
0.41812103890183283,4.8804453036190125,26.664363782828094,134.13396899789225,1.826880634661456
0.7419382474921712,5.402082137144648,47.649857812950394,261.4084457288217,0.20551083469254572
0.4281738642648556,5.490133095038203,8.715039530400919,51.84672695042028,-0.6117743796165359
0.6034561661395836,4.274854710895844,2.6671528061530276,15.40169073806234,1.871854636332726
-0.3210996149143879,5.478296797707093,36.20610428492008,202.34778516152673,-2.465274349544316
0.6296502274930245,5.8569540789569,28.393430322027736,170.29901754017888,-0.41428484058324283
-0.8397703072306497,6.890951008955218,34.915116704298406,244.59835868127428,0.38167085774280807
0.7896333121210553,6.626917938886432,40.48090777810486,272.2636539371304,1.8047959012273074
0.09518475230747248,6.8350626209166165,42.12817652353818,291.94872464341273,1.0261443525640195
0.6345955399249874,4.033454727507428,27.12739827464419,113.41713281584046,-1.0676004546200577
-0.09536343096339972,4.870669598322144,41.69246362182665,207.070215041983,2.3259021242785476
0.28715539039304994,6.646737153599426,47.82693282969855,321.8930513818615,-2.28683753903759
0.05280532187222642,5.9359574727189885,45.32150341453786,273.02651686838516,-2.034505954526711
0.46317904351066375,4.021253902673384,12.487017489659822,54.213467813045355,1.6420391672546928
-0.8367400359388208,7.21797856972729,23.285236958555938,172.07234135787863,0.2787568283625578
-0.8792958320188724,7.09123829316135,73.86091676113514,527.7653613045645,-1.2887119629702997
-0.5057935319797071,6.1936766519742505,5.4867892980385795,37.983398769563735,1.665657893073617
-0.6809106397736233,4.2658533031050885,24.211269433751482,107.28172368633602,0.8595528954656153
0.7435671331844034,7.066060198130339,10.365750592185218,77.24501768318596,0.5575933660510242
-0.5615720252839114,6.334854350925456,31.602317681591455,204.19607966455808,-1.3104514029356904
0.9517305116382626,7.127839908631836,15.161601218196475,112.0694662418219,0.5917639974978587
-0.3262084164577863,7.006987969583362,57.793884631985975,408.96105433181447,-1.265357102194524
-0.6357641686226014,7.212008287831349,35.59050603879054,260.679024519869,0.6518231767691668
0.5793970142849583,6.0720322656185,4.226017983578636,29.66051755137351,3.2487025311081354
0.3174155510017522,4.5612980727740595,14.899813072538572,71.96248865246393,1.19417539846004
-0.003608567093722037,6.684629893518755,15.869422904106097,110.08121873767884,-1.0349335945680704
0.11072710187526247,6.481895140207882,61.68830032176676,403.85709406334433,0.7186296017723997
0.4384035565445277,6.969012748796349,32.6495823246127,231.53535546310184,1.3147379858867323
-0.5430905173374025,4.679524024202941,15.412563638329178,76.12346182011808,0.07158251587220066
0.9926678321134839,4.779900799601156,4.188662392020249,24.02139071687688,1.4219501617115728
0.9495863242935663,7.561638068877314,24.32456640926108,187.93356736920293,2.4877225805565306
0.30065137269387376,6.999911193808283,20.932792757850766,150.52769034334855,0.004076961419470337
-0.6009150981417097,7.632913954801292,107.0353825292185,820.9918649647663,0.4678202888666958
0.36045648486258264,7.034861284655683,180.33346677192694,1272.620923721571,0.9034723499742714
-0.8556031820416483,6.3886212239612075,10.904099944815517,73.66216433564264,0.5824759893659239
-0.9386949955883879,6.616530948111494,80.24734029451596,534.9590105622995,0.9094445482546233
-0.48463422297757264,7.55651169576004,4.995704434846585,41.75009899047853,0.3560037537206218
-0.07475408652136739,6.3152270180477625,7.123677592895479,48.98764120251498,1.3108053752482658
0.736545010816761,6.52956529731355,10.034249512639487,69.5192874023162,2.8185334671212314
0.45433813953261604,4.625906864014402,2.61285826434536,16.086838979731958,-0.2749165990290926
0.4854130423999621,5.895684880464411,3.9128032092861957,27.068654721221247,1.4038206962508109
-0.1490133311038493,6.865588447832396,46.79578506031853,325.2806013173707,-1.1593900801348753
-0.30813001490607417,5.083770793265462,10.255536426216693,56.13679655287048,2.3389108589954097
-0.2579224740307946,4.809016722098139,16.182230518577274,81.82061716468496,1.1048631738433472
0.9752991274721157,5.255307232897662,27.608571954638823,149.09152788318895,2.5656454106058275
-0.919781617175035,4.966002511971334,15.621032590272025,81.57408708287696,0.7270809467489578
0.7340629922448971,4.859650548145583,21.924143011579954,110.54367360384668,-0.10439762761735016
0.15735081714478683,5.699403371472348,16.12175173330867,95.88436618285961,1.1114470566299186
-0.12276916162081908,7.631354055534136,13.855519033904862,109.7363713709203,1.5698055785242304
0.450515320830273,6.028238586954873,58.670290497037584,357.67850908209374,2.2626240522820793
-0.0266621171505943,4.751681523261292,5.969890758626181,32.36701961365236,1.4987136699987857
0.7468464761633211,4.307886677523497,3.381593472601479,18.567521469420328,1.6138227211475553
0.801403728022517,6.784624580551701,24.88821540348893,172.85719799257646,1.39983784573102
-0.15655814625308917,5.531195057745551,6.3775665721518235,39.2755647043294,-1.268380418845577
-0.44634440552989685,7.287323786341437,25.184570145677185,187.52811707137778,0.19022931712044588
0.18470065718672446,6.638043074563081,38.981043304524626,262.7578445468432,1.3804552936308556
0.8247266912333819,7.184965802165474,51.46102064075857,373.74567344838187,-3.2582011581983723
-0.5786756219886668,5.087784157673795,5.186515126560932,30.38786949445221,-0.48903195323172094
0.24593316712696556,6.769435689844233,18.11993062514952,126.6617050713887,0.43631986819957
0.2631204401850411,5.0562479387748755,36.68826591713347,189.50496892073062,0.9940078316856494
0.46622604483056196,7.756273917801167,79.40307350497072,619.8719880198532,0.6340910681512812
-0.7368646297454804,6.5454971261334975,210.1483274152753,1379.5252731584458,0.19092831085208395
0.4316499293641771,5.298047200701369,46.02348336192462,247.83458719217074,0.9663635930018522
0.818065041331282,5.078047449169091,39.77811127924709,205.99513651434495,2.706855066380044
-0.6406337822595161,4.763706340286574,2.701979411242331,16.871436452658877,0.1327578559742451
-0.5249133501522447,6.778563835574911,63.63364051491002,435.3446943203435,-0.1381055640094589
0.9427901880832792,4.874862451991709,10.851729023541733,56.90068635605225,2.9201103583781878
-0.6380460945810205,6.381213063709956,14.007945835835875,93.38768696337736,0.00379476679648294
0.7087701867391583,5.058540107701429,14.83939389697481,79.06566920182688,1.0332654041459781
-0.01544428710393042,6.647875779175474,71.46082691160308,479.062700385497,1.7273158614634747
-0.5055378511936459,7.259758914162157,62.22215014978577,455.71780920824347,1.6457296789658917
0.7414998025450228,7.112100972578613,14.549791810337254,107.47958848511593,0.9047513360180204
-0.10938948999466902,7.043405323723126,71.10527856359295,504.82329757962646,-0.576212832692724
0.029634707859380383,4.750889622769009,5.685148619815453,31.009513581780787,2.124956607731897
-0.2815332612004686,4.353539787938075,10.951243516148853,51.6766743749529,-1.5599587288663415
0.18590170286985486,6.795795313949542,22.077248298877876,154.03246053441478,0.8178100572573889
-0.6729522548299545,5.473388855177405,12.401633227750194,71.8789610947657,-2.2416695747880713
-0.21783692669647858,5.729384905613389,37.74811074102149,220.2734558950312,-0.7169616831908068
0.938824644670575,4.124596371173564,2.7790370026605733,15.462405936530859,1.1435298371323934
-0.4837331345977449,5.038305797100197,86.86437313935359,441.6492747494798,-3.3935193181989725
0.3134733290825844,4.134705615497856,1.279240750737874,9.28928391564958,-2.6115322268522334
-0.34961987155061025,7.51674309040499,23.587192214687526,181.29886410180683,-0.08485342777206842
0.5469462513732013,4.9735867328741215,17.40931236382345,90.58672500117372,2.022104176707634
-0.7382526785633003,6.229348678292032,40.40641282172458,255.70563430553224,0.13741950622554716
0.9396420901570894,4.155917282644522,7.224535351725306,34.02457132731152,-1.6552834717376883
-0.0924209172327215,6.667389565222632,26.47773204649292,180.5373543575478,0.6235093322017398
-0.5278990733070721,5.292109383016376,21.25526813404872,116.4852039307282,-1.2588898184692492
-0.8530065053399747,7.591676747830663,35.331287275060326,272.22371207700087,0.9042096654088725
-0.6604841898249185,7.552472755736144,175.8124208057874,1331.818518255728,-0.13147648682548557
0.039547897112035324,5.3011624734469915,32.78366427580824,177.7915308009994,1.6966282255248804
-0.3259936471374274,7.603843582761872,107.20534874341931,819.1727030803975,0.18495457524129827
0.6577667317652189,7.984630693995115,20.617879239757517,168.62615142285253,1.8950245702359692
-0.13822495267638812,7.301662656495792,35.56787717040479,263.7046405059739,0.46875362393437703
-0.5025714548247402,7.379485391020916,29.64450403234277,222.7611844307341,-0.7993324725850535
0.2342899732080601,4.99603494443636,4.447828931343474,26.22150876786703,0.2834948342194211
0.4135544337708916,6.306809595431025,33.56785731775331,215.7060846296661,3.9289711614984744
-0.6659161841981003,4.269023655869471,4.9375342660118156,25.07845058327055,1.2629216351899846
-0.6647615674233647,4.379671747286679,17.20568243685439,79.35524126147779,1.3421420998576896
-0.9266571461329141,7.995570448133162,18.682619649650913,153.37820156446077,-0.7006868290405084
0.47280403013128103,5.306556997703644,79.22715543391263,424.4234160759833,1.667931438526711
0.32760905524361017,6.992735648195385,13.464211502482183,98.1516717482495,0.26649813664332866
-0.05073824850037223,7.226660212107266,46.183954993503164,337.755749989302,1.9604877724402119
0.6883408979383943,7.432093084028917,90.73161403037645,678.3258011379419,1.1913672924513727
0.6113403059001064,7.990513189608626,30.710854675844434,249.3954893514887,2.690295086598133
0.1707087287935043,4.965985941027471,28.091347589133264,143.50123719215173,3.6376605526731574
0.7365425610265173,4.161403307438799,2.343201263893357,13.75100548956059,0.4774962794527578
-0.5883175799264635,5.644766071978344,71.84426104137474,409.54404719270764,-1.1416853950794326
-0.7761607612045442,4.520322679315788,9.72121494131452,47.943028369727514,0.7579160721307087
-0.46050077696602076,4.089703556648221,4.2564708175924615,21.40770384147725,-0.13134407339316342
-0.8858262878213703,5.441707308565944,11.264676788933846,65.29907401097446,-2.7286965575988855
0.06233905600206402,7.134953004300946,79.55079683720086,571.5911968881205,2.7199490686326424
0.873211384589923,6.2647227649002835,12.780314924171133,84.06512984804974,0.9133179673867238
-0.9213129186629807,5.251111956841417,6.528637629620785,38.28260711878651,-0.017469429090484906
-0.7557801719799464,6.617368021970879,21.91447578919002,149.0161513056411,0.7964808463670225
-0.09560194343312944,4.928072721235242,3.622173455888883,21.850334199548392,1.1367878378090825
0.8677500350558098,4.05752578428834,46.9604989322766,194.54343526075738,-0.20445454578315503
-0.367687790046499,7.0574135457457094,19.342643796870234,140.50903634256622,-1.4105119992813013
0.014469617376784871,6.494972339456036,59.09243754532373,387.803747327911,-0.3866254567846208
-0.9168542818992158,7.0492104980038395,41.849310975311774,299.00460226139506,-1.7995964659433363
-0.7033135980758223,4.155752066750662,2.9842306737622066,16.401722790148014,-1.5676940613488188
0.9732602459176938,7.348478511322609,39.18462876086431,291.94740242336525,-0.16999833412634258
0.9302373928720911,6.478104800145213,55.87154292232455,365.94171039663,0.05875131558761759
-0.9901200381311808,6.2535814028505605,18.88804847716744,122.11794869295416,1.347875690126247
0.9036235708464779,6.498456192458127,84.97363586460965,556.1974501800545,2.038602047401593
0.2782398756310007,7.457732987473456,115.6284330365334,866.3259793464206,2.976459892774859
0.7358365890400442,6.347746026235628,59.90667099446181,384.27233275010013,0.9643707828949988
-0.0905202887322818,6.323801519552717,14.913159148250058,98.30785848303522,0.028282586485747663
0.031192057158500486,7.962716628263063,18.201715836141386,148.93510535136213,1.640569169429411
-0.022306839486159635,7.026920668274272,18.171832470872438,131.69202516999107,-0.5570379017391823
0.3337285150922087,5.769175221804542,21.776437825250937,129.6320855206049,-1.7665330212392825
-0.7206974904873742,6.829588000131711,52.48779747836286,362.47003181157044,0.8231399160155796
-0.9400528202546441,5.556921886767154,1.8347157018345108,14.195371839519552,-1.0453377188920339
-0.38414011681761817,4.915501849933996,11.584149292216518,60.94190727580188,-1.3738680758255306
0.4093615254732934,6.387407507551037,28.55388429176468,186.38529489496133,2.174333944183827
-0.5962930957541033,7.712728392455806,35.8312328811871,280.35656717942777,0.01024484903101619
0.3468648666498346,7.716558080061851,172.35440981798018,1333.9828137152267,2.018844233671268
0.9398240922145409,5.367621112421961,22.322399371571358,123.81818214676115,-1.9642410947887916
-0.8121985684211632,6.11070986488678,78.69242038246404,484.8665495229405,1.2786642093251235
0.34520423645025256,4.846543594279445,9.091239675099391,48.0610894114121,-0.3886337585859434
-0.1124995613908577,7.982524437995534,138.2052240823841,1107.2265786962798,1.654669085170145
0.7362845087550107,7.924471631471743,269.6978370464187,2141.212858743634,2.3174266329653985
-0.6457004211052282,6.59803571882979,100.55565031149835,667.4697724854241,0.841433448639636
0.38525190445232904,7.2176562387098935,12.387482982932642,93.40859383367642,-0.999284906390073
0.6762305792962204,6.8604006451348,23.963318013515693,168.39796235949345,-2.1686391380654055
0.8892284389480465,6.372632876157873,17.13548967907631,113.19818487794562,2.457262637238773
0.36649605657929163,4.213391987955591,13.409327260784003,60.49875204446181,1.340821357208059
-0.005650471983145389,5.819057370210644,36.44784155560647,216.09208103242165,-0.6788330321716247
0.2356944804024277,6.699145208669642,12.313299400371205,86.48858068091154,0.41782137420340426
0.7378099689574364,6.710126455534739,30.658248390294734,209.72072360407202,1.0838041481295684
0.14121949327765937,5.492490473689534,2.06745401263947,15.35547146921349,0.24311928149432882
-0.9392258806063263,7.766767946632122,205.47594664263963,1599.8839961879455,-1.0725245274566086
0.8618973910139556,4.669428128947124,6.186316419109541,32.88655990195754,4.647087242655021
0.37905350206312227,6.001437784862242,21.254801701655712,131.55937004207087,2.114599205304235
0.353026771554493,6.763535906203291,21.587581938551008,150.0083855694954,1.4295907409365132
-0.5686496952045657,6.7885432235672365,93.71883536355149,640.2143647278509,-0.1404040970910465
0.3177709404653144,6.594555827075262,1.5837120213179763,14.443877338591603,4.3278355876775265
-0.21227118869168304,5.101152853807441,12.603393266649782,68.29183552982802,-2.128914823017244
0.30246595408298416,4.624826274746487,9.084724529055462,46.01527270080961,2.4699202868159813
-0.7868139393840186,6.543761307306843,16.747420829084824,113.59112441854997,-2.1091571505343483
0.31569060920607206,6.397208464557751,137.66604353664846,884.6783789948234,0.9725957835591544
0.9988274515413331,4.7174240411569635,4.35525238573944,24.545572309793453,3.548283717670629
-0.9035759222788879,6.820556582282253,65.5015933550603,450.757323707832,-0.6473228797756604
0.9543483684426346,5.820687966934626,26.22194805679165,156.62977752375195,-0.3896188082271196
-0.18618407855425878,6.671042366412612,99.19032068019337,665.702831595623,-1.0637230092219163
0.7415069006745183,7.349468319080603,20.23765695778228,152.736018663642,1.788171711536318
0.5647709681165469,4.678913714307693,4.985271962180512,27.325657353400018,2.947074131141602
0.1340325219733356,4.076579471987347,22.973919631295896,97.65500916002796,-0.34693623418115516
0.476898418502653,7.116410345583147,53.706094200665866,386.19460439048163,1.1106727623030002
0.7570311226026958,6.438789700610464,5.335899657544316,38.35673575848725,1.271497282417768
-0.19171935669793405,6.798558278488487,17.4610751215914,122.71013681920458,1.2755469626187568
-0.3459336768735226,7.35261989995457,58.13062327971706,431.41237752321,-0.22867715743076378
0.33518677112716944,7.211243739298002,85.06248390480746,617.4063045076799,-0.8415078895343875
0.6156918838825172,7.843680587715299,25.600442606813093,204.8016947119795,2.0203373490601493
0.5245702695532315,6.143740315408473,1.1707144083428855,11.192565308365763,2.180343624550014
0.595627297717269,5.953982530639621,33.12255436389464,201.21111005278985,0.7425027076833288
-0.128833370374134,5.60754879956292,4.871752408473841,31.318589369905254,-0.9081733843794372
0.6356684323500432,4.614764171376818,1.3364853399706869,10.167564662467091,1.8118086155807644
-0.7595818892587831,6.29042893152809,1.3673691166384447,12.60133825138048,-0.26434196812024713
0.08897819592169909,5.108050097303915,29.02059959983819,152.2386766097714,-1.3652119819134867
-0.9884826790037569,7.685230048851902,53.04987319849913,411.70047959288866,1.475069079557063
-0.3508283401994594,6.33276321710839,18.92956958630333,123.8764819918354,0.7667561984686034
-0.26707693025720425,6.37136072203244,96.99939331303041,622.018124615618,0.15383488196851103
-0.20765461678148922,5.41969864350804,28.4222987624764,158.0402940483736,-2.617129855661082
0.39093441337972434,4.20795740791083,41.27589802462536,177.68722086089429,2.196531063678461
-0.22288379745930853,4.1269750614919545,1.9557075743674572,12.071156386985418,-0.06094497114842745
-0.1026127547549387,5.6933405766127905,16.645163010700216,98.76658197315386,-2.218350785459112
-0.5249117382513451,4.338261512388952,1.7374480196245774,11.537503873313709,1.7635774956901784
-0.25349641674131984,6.427387822160556,19.772885484727624,131.08800337351357,0.8055560240246373
-0.545460745473697,7.52389202255863,33.55984146003597,256.50062343949696,1.399498089752661
-0.8536081524631127,7.531659266074889,80.83768621164327,612.8419084039773,0.5449698025761839
0.2068971867627558,6.63618164052893,28.894599276418884,195.7498092286115,-0.8535505461020355
0.3364255971100325,4.8449273258917245,21.028334732015793,105.88075356114135,2.8227156010622654
0.238980692019229,7.451987325435488,83.88390804538336,629.1018195621928,-0.4371979055396504
-0.0730119123988553,7.544373741252833,375.0710774998439,2833.6763881932284,3.534093644285945
-0.24042843964154037,4.786614339811835,7.98855997096749,42.238155711479806,0.8329364586194534
0.7266672991436505,6.9497043430827095,12.601671588032454,91.57789176545113,2.6621092085083102
0.03816357027243611,5.146078195708492,16.762139016121896,90.25927810429948,0.6471327103489029
-0.041636244740538064,7.210561249411718,16.494064642671745,122.93146335774082,-0.11816946498355069
-0.9487158683871286,7.988951599614411,238.99355098563265,1913.3079114441982,1.1657485506231775
-0.3175043447476873,4.120104021317571,5.911112013750696,28.35439637831285,-0.6565258445050526
-0.23960876242828588,7.589463463163728,25.258313870080386,195.6970502580967,2.6053742279461307
-0.20235443820619903,6.490522134394633,16.021720710988205,107.98933290575786,-2.6279983684452826
0.16034473845466457,7.893530476659285,106.18497939023908,842.1743709802902,1.811821591387416
0.06720509345375691,5.860038070105711,15.994934075461982,97.73092261103831,-0.8642002873659593
0.21581018558688925,7.3895517222854945,21.18109505207955,160.5187974219872,-1.8070183462364133
0.5297665230842565,4.2495762743931085,44.26259903223434,192.09729069035842,1.135195267036302
0.625971477432187,5.3411162003131825,6.13732058124421,36.78014238299897,-0.29091020223989184
0.4362461524529888,4.26806615100484,8.75477398206545,41.365954492551396,0.4450608071260541
0.9110473919098694,7.901372533916282,99.78246021952783,792.4183905451713,3.42900870554414
-0.9635348346472767,7.267895629087347,7.408386757942011,57.84338173663532,-0.8335792708810902
-0.6084440286329078,7.410189684983882,65.71684884944494,490.9743154738018,-0.8395284927537924
-0.9848742500437158,7.751860925735577,16.790660133618488,134.15886220710325,0.7554642179541103
0.294949428309206,4.340413944479142,19.945224735865807,90.57053156932226,0.9863221780605627
0.7960610978999738,5.542390370053333,6.101558150732271,37.817217136938964,1.4946563798266534
-0.5130354068474015,4.284139556176008,17.027655390328608,76.94885200664041,-1.1021520885003988
0.8540690895926133,4.8431724062001145,34.036016385188226,168.84229537371857,2.2078032835906085
-0.8794652194208783,4.91746310815069,27.665000092901202,140.04161734382708,0.5365959290804795
0.8688720536110286,5.876428844190315,24.27704054894292,146.66230133338604,-0.1412758379096758
-0.2967546255207312,5.074248669814571,10.032435479380588,54.90707238624746,-0.6700699275638968
-0.797158343101567,4.403912427271044,5.081145037635249,26.376917776008472,-0.2202187201088317
-0.02825648162734873,4.669964356376431,44.97095644214584,214.0127636569781,1.9545847197125883
-0.4864468645589841,4.589102254208363,4.928604607601901,26.61787051484761,-0.08255593501963612
-0.43025419607615434,7.892307191649193,18.340056036603613,148.7453561529359,1.510089473404866
-0.38542007014742685,7.037170027673895,65.6248180849952,465.81300289928,-1.6154250206797753
0.6060517956653269,7.871045861078247,23.089688379144736,185.7399961502537,1.9085294367419023
0.07832255335050897,5.758961946031635,6.885498102113035,43.65332154954201,-1.8014028123891785
-0.3773846016879927,5.113473926650626,3.043879037362669,19.564796093432413,-2.665452323726045
0.22066756662183673,7.193172788836747,22.503628321836196,165.87248689472807,0.1261020363545221
0.4323013484463871,5.305015672164587,13.063117641745514,73.30004381678965,1.6881065829199835
-0.45475199853293247,5.197533494821393,17.147604337368687,93.12524789941834,-1.5358779054002787
-0.17290179694929697,4.930023968831325,30.45707236352068,154.15409677258708,1.7175792696684364
-0.7562278133261049,4.518715912896941,16.220175686697367,77.29436598546347,1.062877154496871
-0.6377013009306394,5.025852244067064,10.196595626591144,55.24658301174751,0.4623976337097908
0.3622357079299656,5.421278993895551,12.335037875745533,70.87168172468526,-1.7379714952660787
-0.6371233046087461,6.695976832582922,47.37742669511638,321.2381515378949,-0.19334113084788052
0.05032676733412034,4.250259368877806,29.89525724861632,131.0625972059437,1.1581237784526544
0.41809252344486536,4.842027758661372,12.772929886043649,65.84688106765879,0.21310983220989144
-0.7862461538105123,7.236094561166706,23.310791931664433,172.67909471320573,-0.8944602118735913
0.1346244392578071,4.587687694335083,3.672886429820769,20.850055876779056,3.0261276277393154
-0.4868744325972725,5.370580586090086,3.4559073033432997,22.560228670662468,-1.74080879453843
0.9258537504751596,7.45863568743256,81.09225975056845,608.8376225501407,-1.4282801969668406
-0.03290870656015055,4.61970124457377,17.954291119143978,86.94346102854922,-0.9120697697046624
0.6119850995503162,4.33094734247276,15.530987105472853,71.26388733042636,1.8795086425096985
0.10045308431252353,5.938151980320043,17.12289648837265,105.67836169124517,-0.891427275322706
-0.9131749342903617,5.209678045114146,55.24477514688178,291.8074921899776,-0.6826279324651523
0.2663027511880447,6.2536334579354165,14.051065572779324,91.87021378557725,1.8350657221575928
0.902806684413314,7.215219561933901,95.85906291965468,695.644185966545,2.9202757784290387
0.20322364029266238,4.548593952610973,9.351661998139251,46.53691321159804,2.097294731232972
0.6383777188535804,6.32279633821714,12.846191735606675,85.22385406592917,3.6969074669876507
0.7684129266968156,6.022035041559455,36.728309293320365,225.17916558160903,2.3269626796828224
-0.543840456102135,4.576315144052798,14.846938623705777,71.94427006648715,2.011851903661076
-0.5759103201835467,6.49599394211593,36.78057050447435,242.9263631846332,1.042592069995257
0.22196197770198345,5.094561671443087,13.853795768294088,74.57901692515149,-1.4133180337658002
-0.17794306038659058,5.9513372741760495,18.873815824104334,116.32444361992587,1.1701342605143534
0.6797226057334407,4.329089297108247,94.90882001808514,414.86875694146534,1.9663843839447337
0.8000462467960223,5.838336228854493,60.547292847271784,357.49545338928937,1.849197409731324
-0.2931572413945638,5.225853872171282,28.099557561436985,150.8441816887353,1.21996503733466
-0.5262588820510359,7.289524844741417,42.80100486961171,315.99898837693297,-0.7896861427985086
0.5610510304877236,4.227914907989473,22.671636608004224,99.85375040350095,2.164629781798905
-0.4503879289037278,5.67442909967332,28.651601094616584,166.5814790035243,0.5966817507388457
0.6452286370273568,5.833725696525752,18.97396167381529,114.68888778143102,1.3363009515116213
-0.15252349270247434,6.9000243051964745,23.25331790241966,164.44845870315595,-3.7154762110900568
0.3350997985829409,6.297150300360844,21.49150654184771,139.33524687520335,0.9160670376895761
-0.8089293723306636,6.668849348776725,1.178213064431034,11.85732542745113,0.39770971683371514
0.24771864935314603,7.1081971426070245,43.15073325727473,310.72391884075813,-0.8057044255141969
-0.09646464252554177,7.448811894632755,25.430007318042744,193.4233409912348,-0.002922230148347499
0.1732169263509482,5.2555019868898825,68.06213185329123,361.7006691869332,0.012504147755940442
-0.6639715845102732,6.152090821455612,22.09584278470481,139.9356315881087,2.649664100252065
0.47374748988836424,7.3604323137567995,12.076395199590578,92.88748946076399,1.4725817801612946
0.7255941550864571,7.957804523860226,50.8572204654705,408.711819091078,1.274533286883464
-0.5665203998184487,7.5580772441750526,15.377686605935812,120.22574320437896,-0.4421245685711853
-0.8085708889596765,5.485869050497508,24.9367330916767,140.79965228814623,-2.8001945666567
-0.9527228279073272,4.780666068874602,14.60377999215473,73.81579548580392,2.0075497911106535
0.283943000886532,5.9575701496263544,51.24534096680948,309.2977136512887,2.516246734617968
0.21418807217756153,6.966565807344169,14.76709082450433,106.87591001193768,-0.2664887265282123
0.09339482542814004,5.97027628301319,20.473804458615454,126.23426918232155,0.7745360578702334
-0.5361058077680492,5.932723453254674,4.959673595441157,33.424371860161685,2.2582503973425947
-0.21818800818897066,7.352921684327202,79.67498117956534,589.8438968135877,-0.7263031595594636
0.1889526703723461,5.445615116268746,25.57662219023836,143.28044042225665,-2.2299452056819207
-0.00646628228166124,7.4391786992465825,67.72086772805426,507.78763669703653,-0.775254221964816
0.9755710404297746,5.627219203806894,16.69699283187205,97.95763870933645,-1.1083319932092872
-0.7271204948865337,5.312932422713358,21.56861183709716,118.59257714223261,-1.5443155256733214
0.3902891080951876,5.815959644798796,91.1329045598694,534.0252952335006,-0.28737784443899705
-0.19136246379141575,7.049787834699474,25.528606841770394,183.97126194993868,-1.5910455803588885
-0.14360077014877048,4.504008111455978,10.920581714298319,53.18638862301745,1.0076827583811587
0.43519553131635247,4.785676863488069,3.6940083144112767,21.678330123810607,3.334614845016114
0.3848723026487393,7.805779302652368,20.79325571646255,166.30756510632142,0.6398758705185408
0.9825119874043766,4.7019665095254295,11.574409086837921,58.42248389385871,1.3024985431030813
-0.7432114210917495,6.270909271724218,69.36539989255073,438.9841293230544,0.7129537906970397
-0.7917807012316673,6.3172578666477515,18.216870386936222,119.08066775757531,-0.03440297408412474
0.4486776342574823,5.958497848200979,15.538679930722187,96.5871909310919,1.943639535424866
0.1567738340128182,6.578980994307274,17.860744370319768,121.5054977565144,0.5358806846234689
-0.45167866688038827,4.919306903190474,6.854441119118364,37.71909951479161,-1.7232921299022474
-0.8411612620220268,6.210649071106992,29.972970471913573,190.15160121970735,-2.7669549327075345
-0.8286835008071389,5.488693020987588,3.4801968744888003,23.101732296669496,-1.9336976973232982
0.7883817493282366,6.646669038516756,99.9104311305818,668.0715692204988,0.897119592158911
-0.6162653505625142,4.564894173492598,5.038078647252052,26.998295862438358,1.813507949923335
-0.3532568757689585,6.2835096673579045,47.63931278032964,303.34208240148826,1.1468614154723769
-0.546687195546024,4.741081421533295,3.005795064044355,18.250719135077173,2.639744761107928
-0.2900073883361254,5.114572252460146,25.181919498230048,132.79474672933253,0.9737257083981253
-0.8611523145078133,4.874839201294333,22.406793821114714,113.22951689448965,0.8829853157896537
0.03811958181654074,4.731351119475269,15.640717839709447,78.0017278603061,4.048764385051805
-0.8647748728155702,7.302843806242668,14.253370161611189,108.09013600280633,-2.3198653081313694
0.6007130156447231,5.142830270643561,16.79302001738526,90.36365168093216,1.904798410843354
-0.532575836179134,7.708495127457797,14.457182920781447,115.44312410160987,3.2726728962536433
0.08002382920902118,7.879706101380764,39.92847767856613,318.6246691826432,2.262936599834196
0.7601581751229165,6.285041879748389,64.840735546671,411.5267384245173,3.0245804565001224
0.30175473809438835,4.572004490662906,21.817320493916196,103.74888727241668,0.6982617031264823
0.0659155731026706,5.498192973518325,15.867602141030568,91.2431385983986,-0.5801465350966828
-0.3513324937692488,7.190929053392856,13.744763988780665,102.83762269895077,-0.989572318210835
-0.33399617388360414,5.469562914788282,29.381615909844243,164.70459675703745,-4.045206151728566
0.33897391039638025,4.3480688732111545,8.965785074737845,42.98385100736877,0.783527290919315
0.9882787224423351,6.227139643712752,2.2105784505821022,17.76558070515692,2.3111642405498296
0.32367837969875723,7.380483405984139,87.60793090667528,650.5888802893219,2.12074765470464
0.1155668347400498,7.183705548574009,35.432162059125204,258.5342191821112,-0.23446853969281967
0.4613010204784922,4.700492560521413,34.90735417106653,168.08175858858434,1.9538013305793176
-0.0695887754325637,6.691058457649866,9.49019072586571,67.49942092101409,1.0394206405760864
-0.8797153147984296,4.882017053742588,0.4791721812617911,6.339326760599099,-0.12407088260870644
0.12459363175581961,4.872830138208689,15.11214805677213,77.63893050411112,3.5617468897834232
0.9152505690107604,7.49628709322074,56.80970781120249,429.8618794347587,0.5915834779874164
-0.6493941152846807,4.99867581096092,2.2449119004748,15.221586814641693,0.3973806987186887
0.3800097816413315,5.052989386072045,4.7020338406581095,27.759327089797,1.3449637134522339
-0.598132622681887,4.002613563045198,116.34088264699328,469.66759481950504,-0.4710659269754832
0.07165536894616253,7.482676136502071,31.053994706481383,236.36698513324987,1.1952478748442927
-0.8066471007065608,7.170379252836539,74.89960395016836,541.0585662099609,0.6952676996960961
-0.09925812748362972,6.509315740362712,13.517674384160074,91.99081064191101,0.616395731557134
0.5123266577904921,7.001063055755369,4.096891965418192,32.6825989825103,-2.0503124332603697
-0.30485695152203585,4.608194269697967,8.447232627735486,42.92648898993637,2.7031090821493433
0.32982344897443605,5.833294378350302,14.168803750889355,86.65080326801154,1.400398299251948
0.5908999215794584,5.404877549395124,9.999754433366647,58.04744823636775,-0.9533638203605269
0.8543556389589053,4.375106105028066,7.947935560405249,38.773061392698665,2.9288372822015596
-0.5307158362890929,5.944521940859696,25.445253994140337,155.25987065891505,0.30107993277890077
-0.20136816838138372,7.682958601370542,40.09943921019083,312.0823313900708,0.6057189828514956
-0.6951679733391651,4.160236476202778,2.261689431666913,13.409162871463021,0.0638578945317807
0.9849670043167504,5.165843653975175,21.522666132809086,115.18272825879824,3.7807999182742913
0.8540019358485906,4.830163744822814,1.5931451068631013,11.695151735412018,4.01024593311718
0.07991426056111917,4.952586614662785,1.5310225569581588,11.582521822337768,1.2202450974200088
0.6840665887528425,7.633738207517501,95.20663154528046,730.7825008362485,3.283462547503242
0.041915954544084366,5.872276216937161,31.28561416666908,187.71776800320316,-1.469242240191448
0.24717137600551942,5.865197651759275,17.72903091744139,107.98427050494482,-0.5744947327825725
-0.8217511357679668,7.042302569821129,8.378783862497169,63.00593112683962,-4.651125191321116
0.5105408409936159,4.617968816019703,4.95835219770634,26.897515827850636,2.6229955974653762
-0.7445730327295303,5.949061416400204,15.056111078617908,93.56972949884145,-0.22892903441833712
0.6521352605050568,5.719940856484239,3.5398220576014188,24.247572811958463,1.2217076626969026
0.5640561753407718,6.3876427621866245,11.644019762058733,78.37783855587249,1.6310208545676907
0.4174893954859529,7.998230813001754,104.73629811665816,841.7050868363929,3.450481698503636
-0.9276792389504758,7.077795576328189,143.4810760737937,1019.5297255219054,-2.7339483486254252
-0.3937432881093428,5.591462812069709,10.764962565423248,64.19188785788663,-3.1110083710028142
-0.47377486017831427,7.310212209096187,82.40074341193183,606.3669205285063,-0.6976852322946051
-0.2797271850569618,4.682833453249921,1.533199389040206,11.179717389499817,0.6983167565230823
-0.8247145064723229,4.12185474523584,15.18607081157937,66.59477803619592,-2.854703491446069
0.8739156460621256,4.817793489857092,4.977602404379636,27.981060458917216,0.8381141720482654
0.10760448142475254,5.361646224457038,19.84929974014733,110.424923009877,-1.733052046872311
-0.3889513786839529,6.04232302983824,16.01313137662047,100.7565124967792,0.7148591959807444
-0.20603696585143316,6.460516562164799,94.69605020921898,615.7854007482487,-1.2843528716910175
-0.10559491899032869,7.642422868857687,19.044451248291786,149.54574974479047,-0.8546641705446749
0.2011886667212346,6.03941603820183,38.37147391224516,235.74129495505653,0.8442623173051456
0.031358855392995544,6.0051025785029175,15.226598897115748,95.43728829889946,0.15280528469976573
0.8387839464288347,4.200972039291928,6.973941372498362,33.29733270952679,2.9430768155296967
-0.006073034188339488,4.139646210624895,6.592741111304593,31.29161575904302,1.138666396615689
0.9843160296466253,6.204639847665488,9.551009152594263,63.26057197360415,0.8996748220466645
0.7028499154901915,5.752714452993378,17.501004172868882,104.67827964716024,1.0197027594461037
-0.5829789712853284,7.356721579921194,37.17782821401332,277.5069311166348,0.762877103751004
0.8611904292878325,4.642718338847381,12.96948665110118,64.21367352050375,2.4291683822988395
-0.7672672042290478,4.099886648468198,8.452383477402629,38.65381416673623,-2.7899269526159785
0.6348994169823832,5.796155071720504,40.288742418414394,237.51979870173358,1.6901591287455575
-0.23875341304683984,4.94991422700903,29.91816226369329,152.0923370350201,-0.14222004214998238
0.755948640890139,4.19845749335535,2.8536686863717518,15.981006679851,-0.38659416627593074
0.7361133802149007,6.898393147390516,75.03608073224142,521.6283851303357,1.4743286730352767
0.6118508002352423,4.44637199982899,2.820317797655656,16.540182086115472,-0.06870955281146374
0.5800608726141228,6.433278000031087,44.90256356706833,292.87067434101806,1.2192640305376918
-0.39064172180391843,5.124199000667557,24.09099899470692,127.4470729737603,-0.8525339674781288
-0.8381614338974956,4.693984201420088,1.5460065842460717,11.256930481742495,1.898927460634212
-0.1940396424696771,5.519006091677269,17.330748475303075,99.64850640852421,-2.110717405290522
-0.6529509700269827,7.205783104891815,22.97474201158574,169.5510078263327,0.8441308736892442
0.3899021778049234,5.56837430761829,7.579307948937655,46.20442365239152,-1.8475203463795382
-0.30780054692442893,7.003078596844222,128.0462631042265,900.7180445510927,-0.4702692437636652
0.9512204017198298,4.501945187196602,4.939644934260495,26.23801073825411,1.4584630374849308
0.28194415469066403,7.091085678660317,15.474072945920842,113.72797705736434,-1.8473734443764078
0.6449611272687219,4.947733299626595,12.801490248572948,67.3383595877095,1.7712792125465207
-0.7349506545163031,6.709572519555492,56.84771387322382,385.42385880333603,0.7449344050507374
0.7240289645452451,6.263126219363985,19.883982809085246,128.53589407696455,0.369930642830125
0.8455143810267887,7.716578868846749,152.11852399175515,1177.834587794935,3.6774729699041893
-0.025876162362128197,5.549290071901256,27.26545995179752,155.30394621633127,0.4962902903870391
0.21250587550195488,4.264660755337761,0.9551556742859411,8.07341491936543,1.0798739644185131
0.5296196018059909,4.076621942205012,4.521500951310588,22.43244998981358,1.156751236570695
-0.6503227454791749,7.307434243891013,22.018324150184192,164.89745588814844,1.7029969781380854
0.005132152926884848,6.098942550645729,34.08414188471302,211.87722324292255,0.3646231185259676
-0.2026739444553738,7.100976207339797,2.523561121165899,21.91974747916679,-2.2722516717370675
-0.7072520156755018,4.937702400046058,151.08776735790426,750.0264315007244,-1.2812233269421194
-0.2649311554169371,5.3803349820529345,25.05801122842507,138.82049439297063,0.32628182692541907
-0.8636553812290129,4.120415488845276,9.107375213894882,41.52616989405803,-3.797857934413991
-0.948376186101026,7.845969298296449,164.7702971626385,1296.7826928092443,0.23622493354520166
-0.7296674216903545,6.671471626803253,292.7707460939024,1957.2117257234893,2.0491598130269484
0.9262302231783477,7.732820351037224,114.10930674510726,886.3867694413146,2.365939575011087
0.09905907179003393,5.06198562971629,32.45342262291589,168.27875895230977,1.0673920146018923
0.9316443223064399,6.445854444902643,28.60602176582726,188.3902525502394,2.125266450261641
-0.13500424333973604,6.713999873170551,24.915103434462463,171.28000129901213,0.7743413191561048
-0.37636773382948085,5.270198801030354,8.665104269541906,49.666822132142755,-0.8918578600830387
0.012283725680488189,7.39243694006252,17.638896259831725,134.39442829311068,1.9102425281171953
-0.12097662273417975,7.788645851600991,24.71249104429698,196.4768408548903,2.653646582780281
-0.7886706314765122,7.539420470784018,11.236352386789486,88.71558520190351,0.5802385052871064
0.28165262938041247,6.956267903757491,30.031970609184636,212.91043323525938,-0.18238556191390315
-0.5679236349808008,5.109858718899816,2.3875357861494164,16.199970553540922,-0.04238740621197001
0.23917590979565917,5.126464168422527,15.707661836148796,84.5247655727148,2.310052033203693
0.30040218479630676,7.853441281784152,48.929967096969044,388.26862351567695,0.04790678998713127
-0.6959502937427038,4.041137983742768,8.736453159041108,39.305212704190524,-0.9319188779428064
-0.8773007457786637,6.864199892968578,18.356218069321784,130.00075010674647,-2.129149261592798
0.5615231721368796,6.824984650221049,658.0972358732403,4495.503533187766,1.895389982911186
-0.08039915246135965,6.49075816379919,100.03248488437777,653.2866679083941,1.9293541628470194
-0.8836724089890484,7.960435384347463,15.420151486112076,126.75111952204468,-1.4508750869739324
0.9897326343395343,5.247517743054901,17.402727711351787,95.32112244287171,0.058443815231267626
-0.8844388780072667,5.359887455172993,7.940193018903696,46.5585409536741,-2.929927356115962
0.39007045771710636,4.315757611786222,3.137414581871228,17.540320863039838,0.4787445964073084
0.9673578505268272,5.77119254617495,4.690429715164946,31.069373010517428,2.342211977358917
-0.5216397915681488,5.044194104939392,19.1885499280766,100.7907704295392,-0.334310827538968
-0.7155012626256076,5.373546808710577,7.42901418283664,43.92015545404744,-2.350496650269986
-0.7572301211551422,7.33828716102251,103.2310422214276,761.5390317524748,-2.509178775565442
-0.3934497048648089,7.741938054109983,129.638685886439,1007.6546755490328,1.8504527946008174
-0.7979083779787066,4.742932288020743,42.32511009604416,204.74513126856058,1.0408767458698331
0.3843226833882638,5.490035726213863,6.636807814304405,40.43631200854653,-1.7619177835917683
-0.8754164037398746,7.714522248461576,76.14403430623341,591.4148467430591,1.0319721520334224
0.01884425629957942,4.2472338427568905,15.737889329324515,70.84249617306962,0.6929739840348201
0.9933937077059536,4.369442112445514,5.531963861311703,28.171595860142048,1.39527876373527
0.6279405390120376,4.6511639568249175,4.7294552229541775,25.997471668421824,0.480713940012081
0.23043887646202177,6.380851336507499,121.50389671925397,779.2983017719208,2.4779053253962626
-0.38749275842677666,4.601889084023989,12.533943170240407,61.67981625490636,-0.38116172490677913
0.24779167258327695,7.872305525802934,96.74905008445891,765.6380815960707,2.573230334151074
0.05408292782330326,5.786858109034082,7.935552999188406,49.92191922302316,0.44336238656453797
-0.14783323221925704,6.006071841400665,5.952143782101655,39.74900316564881,3.3666459951013343
-0.738579246519601,4.986634463221626,6.8473893108079436,38.14542752037027,-0.7042270842062794
0.7732084304809335,5.8838410097389335,16.7416414779538,102.5051566983309,1.471512221831786
-0.10043070235735496,6.647654530548046,9.579326228514645,67.6800514025831,-0.07850017182386415
-0.6107549763584699,7.004708547816171,32.86832622272311,234.233045644719,-0.7334270887107901
-0.26448129824542077,7.015472330839652,6.167113975489136,47.26521745617856,-1.0739665383517436
-0.17174049494214594,6.311564450776354,7.657877089038774,52.333184803591834,0.5679057587899359
0.6550757911337486,7.617439099975429,88.20210229426691,675.8741427163812,2.284434914387604
0.4672287611228041,7.269631389224438,69.31117959417057,507.8667268019547,-1.9203308957344785
0.5386097872826796,7.028192458794502,22.696698287312902,163.51676374242663,1.385700795471835
-0.9779374711427056,4.222422086721842,2.9845432924485036,16.602001516812088,-1.7330167618456311
-0.16769200364047698,4.027511848878597,2.6814357345264743,14.79951419281186,0.8116731234862162
-0.03731169672935275,4.849789108781891,7.78054438766285,41.73399943168136,1.1344480011698006
-0.9616154463538866,6.654094375653809,53.06755260773514,357.11650333684304,0.2484743095631508
-0.48037358250993156,5.644789955530183,42.548332672198995,244.1764008925856,-0.8219872804718472
0.52057964624427,5.609625037197247,10.057119414050346,60.41666886713933,-1.7765370088627377
-0.7257805885420019,7.538347552918455,13.676531715401623,107.09844938920946,-0.7958456673121221
0.0706202629051833,7.582251392527355,57.91458971686559,443.12297852835457,-0.690751801605043
-0.569596255965525,7.636701056214343,19.981674079662856,156.5940715490921,-1.1762368493624973
-0.9757584507122135,5.255512306060109,8.244147166116969,47.327216884498306,-4.151502991340241
-0.517597084800917,6.764223250957047,110.7624386976407,753.2218631712858,1.7028235877053464
0.9517475098201076,5.086532725097479,29.089631100628264,151.96536055435905,-0.15947338757178642
0.6030742237659792,4.762439332297799,12.669454999854661,64.33751081008484,3.4777260931048346
0.9191532886420668,4.738529829389477,2.9962032792853805,18.197598613808346,4.398697019722986
-0.024291912147275108,5.368430483454376,18.094568478881286,101.13943300697898,-0.7587651568013895
-0.780527602644993,5.719830479119286,50.53026836773324,293.02456912783776,-1.0072847167912107
0.09591897794738591,7.323796684220273,26.74278390380347,199.85871208149516,3.4012530151276232
-0.09124533088007825,4.479564373890849,36.266566250875904,166.4584181407759,3.7300858715254175
0.6887141654792319,6.939703389579577,117.04950726397152,816.2888623084025,1.245335115880003
-0.8038348384315108,6.125819656757221,112.91582848894122,695.7020017165831,0.9014601032878038
-0.023517725956443636,5.15178137070397,17.834482668950866,95.8793555700439,-1.247275456052415
-0.6999026706120315,5.971278338131299,35.624402583835696,216.72322345772676,1.4669146344120776
-0.35064814621988005,5.19976827910809,55.37185476273721,291.92081395066117,-0.30705447402476416
0.4747141547755993,6.384327820953224,38.074998049203145,247.0832693282674,-0.6700672896945457
-0.04796374126246694,5.735375691420977,10.659523713126799,65.13637318639292,-1.2203071139325885
-0.24822342970846134,4.657622116315515,6.555262889706785,34.53193741336068,0.931328348863432
-0.21104744285992938,4.466332298222786,11.8428120192793,56.893933823488155,0.6991393970925734
-0.08110646318802672,6.18678272828852,6.06679186444447,41.53392312306636,2.2776720658770375
0.5700330876741138,7.609652133144413,38.922292217705106,300.1851040013299,1.3361841048343064
0.7841693778804688,5.375830746230742,44.01200736487884,240.60110239544952,-0.8686844761394936
0.9106693730078566,6.932000428890493,3.5777938351159753,28.8012683995057,0.8302632687087101
0.5738067725105902,6.634645419759067,127.97114536536051,853.0431734596109,2.345710261823895
-0.36918620850397454,7.726219657237924,146.27436160577827,1134.1478479884922,0.0011223423634867669
0.3762694121730843,7.283924069196564,24.099652438842057,179.54003845855334,2.024575486648288
-0.12479375188921615,6.2664210356218515,39.51187839981072,251.59806596150656,0.8980351833855154
-0.49065875590789765,6.628121992936429,27.583250522373756,186.82514942402074,2.11805708795902
0.6817431588518452,7.5935458663361395,152.43881487523748,1161.5511325650396,1.40274962407151
-0.92314730207535,5.598075138347739,43.891501425495,249.7079229148179,-1.7668037434181065
0.803523984270847,5.3071788234311095,3.502646019829292,22.58916878241328,-1.462030627743162
-0.07704507075053169,4.043244334540786,13.583890665073222,58.92298897257877,-1.455811223893119
0.27440295361656086,7.306204296765857,31.420931991103767,233.56774832179013,1.9809635510988393
0.3187078444115654,7.2039228016134595,39.836914057682186,290.9820535260525,2.241260010371456
0.7902354814130728,4.417818072400605,4.396185069732906,23.421545850683746,1.6336785963840486
0.27333936433441464,6.307429524530801,134.5386921145991,852.5933188353815,-0.17338842782355246
0.22786716952012354,5.85592679266755,52.88000109424161,313.66141520405876,2.1248756149197146
-0.8666959188786201,4.474836382036446,4.471156173833889,24.00769231643876,-2.047893919756187
0.03681604389040816,7.922272908242894,13.825653935239307,113.53060360988812,2.0151273573683444
-0.6996619983659167,4.858783549853422,7.7192649359190035,41.506237487603585,0.16112535635691716
0.47486753744297117,4.268936720362245,13.052386704398275,59.71981289077374,1.0617186123242957
0.02444384162534896,6.379389518007638,30.87357385499719,200.95455343400374,0.44063418802831134
0.3604555584167066,6.95546670853213,113.39373910263117,792.7063772843292,2.115580052390916
-0.9166541987952315,4.129773784188748,17.371077564388315,75.73862072852019,-1.7385195941740172
-0.8304159679083936,6.634870554908089,72.74821016506922,486.6749575464831,0.024509233309301548
0.4326467761253645,6.129167503805817,29.708676836348694,186.08945664641703,0.7140780615164821
-0.8558313280026533,4.413060035500194,2.264222170876981,13.992148373790696,-1.1911147186130409
-0.8574865444694828,4.690095507785449,8.579273384099528,44.23761155882846,-0.24398058528004551
-0.9757830495302251,6.2718971892643225,66.42266473034792,420.5961242257155,3.262696797016898
0.9130027965989602,5.1854304540531535,12.694797939676512,69.82799184444981,4.72692263453356
0.4750167189180139,7.753262914605264,79.81582762278197,622.8330963062418,1.6780272734311454
-0.2934971829958717,7.274960917936204,27.625303431463358,204.97300281002484,-0.17050350585391794
-0.40692883742468955,7.934268826054652,18.86526809372553,153.68210853120993,0.7705995389453874
-0.3005935405083009,5.0386833558016555,10.979145545199412,59.32043791952017,1.7104771908096046
0.5493070623623637,7.878894531191908,69.9999626605574,555.5223229899035,0.7785407460944309
0.3227412221408288,5.7249354791662315,9.08641117610297,56.01911772036446,1.0628982401900942
-0.6296088642650641,5.3900751812550185,11.696929199469535,67.04732777495786,-0.37667550740951683
-0.6517813293318313,4.201398107877413,3.193877870673726,17.418752442640134,-0.9602108535847246
-0.8032087005732054,4.21106103143841,25.147926134459485,109.8994517663139,-0.9290937326648352
0.3206054394026763,6.768045023786619,21.967558563618866,152.6774254212418,1.0021876348404921
0.5287453244434719,5.831715977736112,78.93411632845402,464.32134738112626,2.6179763179957223
-0.46990714334999195,4.906086504144422,53.612974621238955,267.0298912362979,-0.10619923145431742
-0.9581100779381744,6.455881225300931,23.263710285385553,154.18775046226074,0.959481297061733
-0.8356566650471453,5.011432473000445,4.469459588783237,26.398394919991528,1.008989666503274
0.9357200696900609,6.310527017377691,2.9135306599547057,22.385913945602425,2.7429599546756025
-0.4091104450451595,5.436834987930761,3.477732221721525,22.907856221709768,-0.5276555862085821
0.5384462956762672,7.294208906447276,9.711100652247236,74.83479686902774,1.430833457928409
0.24932713770852755,7.282784643067117,151.39040275414322,1106.5437002856202,1.1412830800524534
-0.2361207206942082,5.909401592489605,21.553223408220536,131.36665273182268,2.0030060795658295
-0.5886254756088898,5.403276437340063,22.004406808185234,122.89589282431253,-0.12782679171553757
-0.7572271636811871,5.450239186236378,1.656486154078792,13.028245748418223,-3.8597039136408426
0.23002593607773325,7.2228581026728715,11.17258066902264,84.69796481301647,-0.49079714128704044
0.549267561275576,5.312717931190448,34.5856460534524,187.74378194998275,2.619664917678488
0.28780850708226136,4.836237494827384,14.952714567816718,76.31487884232686,0.8654295296528055
0.06060426649831663,4.338753367501227,7.554711475075582,36.778029852984346,-0.06283540939403387
-0.9160975531367275,5.866772483537634,33.056843184416344,197.9369779869524,-2.764292861328542
0.9369775551887676,5.9285283956793675,99.49048425624068,593.8321610130139,1.9592042302086374
0.5974283833091492,7.363634841611629,31.841642868338383,238.47023083945095,-1.5310887567599871
-0.4143559265980705,4.884954785784256,12.327680678514838,64.22016272813116,3.0737648059602733
0.9599406587177013,5.523965094673599,19.19364944154134,110.02504955447579,0.23894463560674375
0.2037631792726442,7.233622955574764,407.043928911372,2948.4023081006426,-1.129245795155135
0.16484531641449296,7.2944944429958944,4.701543960847498,38.29538629590298,0.9933629033474357
0.4961463588590642,5.538444303915073,31.577510265226454,178.8902818602632,0.47256680821534436
0.6235395761802751,5.836496093146724,16.501409439172203,100.31041172314303,2.7991426538365713
0.3129572146630053,5.213143563397132,23.887218088945428,128.52749722784938,2.1041651415993154
-0.7438085072676,7.730219513677248,24.723079568496342,195.1148321185857,0.8881136997389727
-0.3234649880110032,4.474575062966322,8.920236865117356,43.914269432406996,0.09912629977721843
0.8561672806520995,7.73499769200588,97.40810546070526,757.4514709212206,2.4196389547787294
-0.5507687763122961,6.735465807341373,652.3903667116299,4398.153008025082,-0.026272283208549796
-0.25566595232497336,6.126288610746925,47.999015235748665,298.0558203658352,2.0441374014701035
-0.135846234111608,4.1306362431379835,3.377894287660545,17.95285257009941,0.9732797707247852
-0.12119002061109563,5.902384767288034,12.521318875547285,77.90564179738642,0.2713438945500892
0.22587916498905103,5.630992420010929,10.613025862234863,63.76186818362447,-2.5355612965259766
0.8861516754894152,4.64487524790049,1.6934950178057584,11.866073090648767,3.0171688432699124
-0.5186145763349901,6.625638414002628,19.741618377091665,134.80082507383875,-1.047362461900034
-0.7569972473981639,7.884603629473143,107.24660438471291,849.5969661803778,2.1877096769289337
-0.6050590202801254,6.248755244258101,6.360744963079738,43.74673844543281,1.140845280185073
0.773849800418539,6.859013105775784,88.05742900350592,607.9870595959677,2.12819782854051
0.291621625310412,4.273801810264067,13.80009845028551,62.978885738652565,1.1551928734283599
-0.42818642152167974,5.670667983267979,8.175163116418327,50.35863574226668,-0.3428083644062805
0.6318938779372345,4.4654339406579835,8.094520351959918,40.145545912988624,3.186098614166399
0.7227399927268721,6.451183342146042,124.45117604566816,806.8573538162989,2.4447693383525775
0.6930286773805561,7.753928632856619,100.53562375692225,783.5460516708995,2.6835403953244663
0.8378530672791089,6.647110929886554,28.003769324342244,190.14416115385714,2.7389017333134142
-0.49551795965327683,4.307212193257686,6.793204536632136,33.259773411475365,0.6505988500940576
0.5100838574925566,5.418664819940331,16.215076870025356,91.86406658823458,-1.0954270469021021
-0.07892100545171998,6.202653517763406,13.323950442912702,86.64384808523776,2.0291105956877358
0.6839971057801231,5.612831024533008,2.017110428882441,15.321699995140447,-0.0918081837421488
0.4569813543232264,7.334576041900689,301.7098914932091,2216.914141750548,-1.1804064808789578
0.5528948929994493,7.258684018839957,44.0210095011524,323.53459815921684,1.4816279183161307
0.312323675362143,6.447324080412885,37.40518403322521,245.16334374968847,2.167019574583563
-0.6451424610605863,5.4938317805308206,14.717071410096688,84.85311462913072,0.03571207367534823
0.09005383779387666,5.021345495052977,5.903562290736207,33.643825913352885,-1.6991383502444495
0.9693394790490164,4.423497272852517,7.582357411646357,37.540537332210725,0.3169967168389627
0.8747761329942378,5.419590733946216,3.0355742164248585,20.45156989554221,0.623593045813515
-0.9136525284059767,5.6526900688308785,164.58572061898073,934.3520684142859,0.8905561093134324
-0.6703703685411257,6.703291700416294,8.307293399522928,59.6862108979451,-0.7757360575009612
-0.7365424530908762,6.632639297190294,9.819334642729007,69.12810482362643,0.6061947406529882
0.451959819970591,4.280432558565028,5.47371242700972,27.429856888794404,-1.1020969459581988
0.6355706597138902,5.5810372617246315,59.06239076168798,333.6294036075212,-1.9222922592692124
-0.5729772673786562,4.727115468869448,10.78403428807828,54.977375299993355,0.2698763492572343
0.011705385903657994,4.627250821267223,2.937296541499155,17.59160783395734,0.8280959871413478
0.6814060560224,7.309208598948984,135.49607325498528,994.3690637591598,-0.21517889562242376
0.4656030895325012,4.16766086686503,16.69035587705767,73.55974304286401,-0.10339588281776013
0.08447441098369657,5.676731503608485,29.27695562175974,170.19741630779106,-1.2524698540171095
0.18069538091754578,4.672814623066072,21.160612500168128,102.87961952382035,3.9590846979747987
0.01672109383255993,7.5173208627138965,470.1361492165779,3538.1642828217546,2.508395136569317
-0.40490309736235885,6.2281620531001405,200.1717847404042,1250.7023138215152,0.4994224418883342
0.13004398571803222,4.925522545507392,5.906455644383167,33.09238044044868,-0.19898548968603935
0.3777706041001814,6.009709148665506,102.38493341325923,619.3036710191726,-1.80840562694798
0.7466458317216154,6.925945438812463,46.8120622062898,328.21778871905815,-0.22362240433679104
0.27258270795849615,7.8324720356777355,82.70928210287902,651.8181391617809,3.4490731649894757
0.522243074086316,4.881784016981676,2.114083059422133,14.320496890058692,2.3718821503013037
-0.679856730090854,7.54472708851738,36.67068928466695,280.67034280063075,0.5845346492938654
-0.07688505116042021,7.737216456669961,21.23784300964022,168.32178843836138,0.7415413757106732
-0.9813367603458134,7.6656821781282645,105.73118727135716,814.5016779383845,1.43580939313185
-0.506642270956754,6.541657427447639,76.85413034830421,506.7533926230132,0.39192456640692397
0.45292343022600967,6.519282617738831,3.2711936793437726,25.325836093002987,1.2975484804830875
0.9836199026987269,5.612842532735291,16.189880755808467,94.87125130611435,-0.19776440355797995
-0.8016438008255682,7.009591529215152,102.17195931228898,720.183700518736,-2.6681994474599637
-0.1970113682774235,6.125176073403727,17.741545177063475,112.6700880237605,0.20753894431623632
0.600141937398319,6.709752284913177,59.37895005944638,402.4180458371158,1.1497491749619262
-0.5919287307422023,5.713831615395182,24.731587563415403,145.31212691875723,0.5675593644399508
0.11016989860457249,6.925985856172556,44.909670942907574,315.0437457559415,1.56423017877378
0.4661425920593496,7.297886070418196,29.30118787882973,217.83673086761797,-0.21151720604172247
0.23197090052035807,4.5857450264112645,2.9337800443555673,17.45356724698816,2.2783777620180765
-0.6239505307691677,7.331718862296912,12.734683861267762,97.36712187104492,-2.55653725513746
-0.28923086262852116,6.161186127161229,44.25399182129476,276.65708048086776,0.9455319809540961
0.5675835689707944,7.378663636360898,40.8044063233202,305.0819891411774,0.04786722592118585
0.10845302826403325,5.725206825364058,15.242554709621917,91.26677825951246,1.2396110017203208
-0.9895407729141745,5.51616194153214,10.321106037052951,60.9328923161091,-1.7997197767436655
0.5219815200561877,7.66024293006889,33.95148587290292,264.0766296232384,2.4466347316499175
-0.9293772901195219,5.004677070193605,34.787228753629385,178.09884607886863,1.3828531125184467
0.4914675654624643,7.376849301144572,28.59353286641959,214.93018294290172,-0.8070839623219282
-0.5950388796695252,5.936082290037616,5.088466111045763,34.205553565235334,0.6747811103254377
0.9161469602387604,6.056381770205039,43.460073265555984,267.21079545728867,3.0346143070470517
-0.26411849739583104,5.2338731259579365,11.156919619718847,62.39390176611931,-0.6873392523156159
-0.3461367673238418,6.292168802476063,23.98623842109617,154.92546108197402,0.7890766504016864
-0.7022238993351106,5.300844785104845,70.66855440687424,378.6030380985773,-0.11836766866796655
-0.38879156901957024,4.157077656966609,7.8301234106211135,36.550431081584215,1.7575702349779783
0.7533015236564011,5.087994421377424,16.999448184726834,90.4930975303847,-0.1748893963031215
0.9926686752544946,4.025516173626363,2.302129572211776,13.267259826722045,0.9915999877573691
-0.2633809389863033,7.913419148227426,41.97356946597156,336.15444833147336,1.1738738498590138
-0.10277873809091487,7.86298883927899,93.7864570865711,741.4418653472266,0.5155657979961517
0.4441418764054741,5.58062118988922,3.438161432132561,23.187076542418836,0.3128964561146952
0.772391560930149,6.913483417358584,38.767675812516686,272.0196838593676,1.6916190765195778
0.1860886683735683,5.3832243936417,16.320194534412042,91.85526932662485,0.26927396710686824
-0.21694860364434132,6.684372628343905,29.47297582483493,201.0083528793682,2.0148992834219754
-0.1747563183027525,7.221720172183916,104.3780062081187,757.7887529655089,0.9822931257789163
0.39123629299361373,7.787024978768963,68.5765750081821,538.0075025471375,3.26263239482896
-0.9935634727914426,5.600849103398688,72.13190451249793,407.9999127152638,-0.930082560767289
0.23917867491968137,7.133191931824191,13.105165301519468,97.48165939402102,-0.23154565934079308
-0.2890139791172852,5.063713802528476,14.407969175686448,76.95783238132829,2.576528174568872
0.5883946625541685,7.961329215174594,58.272564683592265,467.92707165863436,0.3375910422875077
-0.8140187203537357,4.103078395057405,2.6705506945183983,14.957478857583986,-0.8706783796032165
0.176404533896781,6.414115226004483,64.28669023927118,416.3422386931431,2.194910421056036
-0.03805422022775251,6.6380239266053085,282.50189800211194,1879.2543582494316,-0.5054294864848832
0.2846510518104548,6.752182228296515,28.762861958290873,198.21208534971754,0.5274281817907881
-0.8702928110340633,4.4815503151563565,15.577012126815676,73.80916360612518,-1.5589903493968258
0.15996757485626256,7.754119133892521,52.54017120208929,411.4027468161094,1.090364502067596
0.12296917591904744,4.724733116200332,5.20064100505433,28.57164078204957,3.481389075112053
0.12132018883234186,6.491013612959364,4.156804078585667,30.98187186050457,1.7699102692746742
0.20697533319290962,4.890704316492339,5.694943495923508,31.852284737693072,4.134297052322984
0.35293587445272445,5.228865668085083,3.3955795490729233,21.755029327399235,-0.418641694042047
0.6099779993615395,6.185834166912498,121.14875388813924,753.406101080125,3.0070826476642245
-0.4603585597435713,5.668773674258306,15.169353010953012,89.9916290040214,0.932536511811374
0.6500988203601241,4.640902403906026,7.203246829420061,37.429565526584014,-0.6003137489179029
-0.0034886354730927494,4.683745609683394,25.305623142372788,122.52510129339103,4.034616851459819
-0.8458834417313377,5.672579152651199,5.5541115509058905,35.50613739516797,-0.6822259411684212
-0.8828981415120416,7.0291319131020025,15.60672511611178,113.70172957267187,-3.214148295637343
-0.3315233626078784,7.591858587391155,47.655667487034485,365.7950884493002,-1.5429568216956266
0.5697939542229351,4.336510649037532,24.459637644495597,110.06947911695445,1.7006930429357894
0.4153618694818315,5.572415630237604,26.786361541724673,153.26473973230202,-0.3087209111241491
0.5772299293448129,4.400982254891506,11.574637360807355,54.93977363171742,0.7064544737784915
0.03453811288321873,4.0663699225303915,8.258993241437034,37.58412170736134,-1.4169062959644614
-0.11960200408901889,6.646874730575826,41.416246062095034,279.28859938545,2.0621041961873923
-0.7050949465874321,6.409797767866351,30.161063035761607,197.32631452310108,0.3485158157985824
-0.3436144927813769,4.652076455259545,3.6548898386849102,21.002826965113428,-0.2010376389296995
-0.13196126765224947,4.935251332372257,12.350603000324922,64.95332991295436,-0.12103619877335528
-0.8227991406407655,4.094831014578073,2.6477940208768223,14.842269076900793,-2.528254290099147
-0.5587760945775775,7.339788822777615,42.56264345203625,316.4008146771245,-0.5433986080046453
0.19645058812747762,7.898762384194206,32.096059019120645,257.51914366110736,-0.05867201423925539
0.4713262284783797,4.541838147178764,122.76852801856097,561.5947838276851,2.8953852765383665
0.9966950227858993,4.925900855061192,11.280279721625407,59.56553952608402,4.328410045553007
0.8662266626871153,7.473638095787736,10.304487517165661,81.01201046585847,1.2643474397056438
0.28513039907038307,7.705855191824739,41.212738078607074,321.57939169234743,1.7302297373333926
-0.157503893411856,5.678509531227242,28.7493026486918,167.25318910673298,-1.694250453184735
0.27235472941646544,4.202489889076297,43.58046025840199,187.14644359722575,1.3256306981446244
0.571303236160464,4.157567334771278,4.43412928070958,22.43519105563101,0.495681515661618
-0.7633276181532254,6.295799464276042,4.784931733894253,34.12497064684887,0.48659907860588913
-0.1801902206074235,5.5715804355727165,36.69451281180355,208.44642967511703,-0.01529188941203552
0.6796045712712344,4.114609710310618,1.967386769592573,12.095028706102239,-0.21700902015127288
-0.23233409613391198,6.333009569250227,15.338244394187408,101.13724852388751,-0.5935116130078217
0.14374454245437307,4.04521014635609,5.841482326521666,27.63002357700522,-1.4735993371160072
0.17553872172439644,7.149487832597092,33.285120423542836,241.9715634746485,-1.3043003172142627
-0.6310474937327213,5.225731290813487,27.16773626390313,145.97128949484687,1.5184865446279803
-0.27552911669542324,4.161032012036928,4.042574428215639,20.821281606847155,-2.401458521875812
-0.3309774225161357,6.353408883932613,18.228297417727486,119.81182675275572,2.1491354581323137
-0.9476065829358704,5.590737657732219,16.136737032904936,94.2162634027837,-0.28215840222745514
-0.9516164722172895,7.8952016534285985,60.171497950845406,479.0661101107902,0.21862125769509363
0.6633940873515469,6.176794650014809,24.196899369226507,153.459278570785,3.362386509884389
-0.4538583800543752,5.100956724148033,19.81588992459633,105.07999695584691,0.9499961215115255
0.03615753247763087,6.837755458535899,71.00265274220978,489.49877635857376,-0.3261295264820284
-0.4025488528224539,5.085968010170845,18.833140692899878,99.78475109513556,-0.22932500127866362
0.881358490230681,7.61697316563026,70.95686138961531,544.4765091220457,2.1838018588753663
-0.4814064822684525,5.498887882029505,3.213050425650013,21.6682040499566,-0.7144178481912342
-0.14068637452212984,6.199474251104821,23.335243742729123,148.6662427263041,1.192152437214924
0.7454605009692037,4.202292415296915,13.20576868411461,59.494501579420344,-0.7173585109633007
0.6838671335836173,5.704484951808923,35.916028438887274,208.8824437583738,-1.0940051821240238
-0.6277971643074454,7.32945415864398,19.538293421102033,147.2050259681026,-2.158849986320737
0.6052866195914208,7.222595221453368,19.14915014590631,142.306560338716,2.6421866727661625
-0.0836262265242147,4.8972742354141054,6.517797045728505,35.919439543704385,-1.4587982132897033
-0.03406225582928957,4.904316284042251,19.8573068348707,101.38651326747986,2.227813139338254
-0.7330400551681124,7.269221248852947,106.53692933365103,778.440510499721,-1.7716649170036747
-0.8387969724857507,7.721593680677302,31.6056762633007,248.0461901082353,-1.6086361955406587
0.4558786139475304,4.381443685092014,22.16876145311657,101.13117987506887,0.6565372090167879
-0.0070776952894004985,5.800234557704901,20.565133391904833,123.28259738353741,0.4220745007140366
-0.1262985947696409,5.349817115856916,12.81508228473826,72.55834654800749,0.4807746572675444
0.45901645730479346,7.482753821829757,34.123717865656275,259.33938027427985,-0.9255586705671439
0.5310257979822195,4.334099658720075,18.424129547776218,83.85201358523136,1.456493324764578
-0.6821836646612929,4.84450377023215,15.608719523257454,79.6165005789169,-0.8327649915467126
0.22045029895528256,7.009873350345977,324.0060222531358,2275.2411807438625,-0.42499739077318965
-0.7292918354446289,4.205175395924862,3.491610373859461,18.682834036309814,0.7010556106973025
0.5027501720580914,5.970141522857157,33.22067634194741,202.33213924645864,1.1103938433043932
0.31391031253427903,5.76842813871888,10.53826648579306,64.7892329299668,0.6715146344816085
0.9132292421669159,5.337604715954995,6.0467163400557995,36.27498165272396,-0.27928560254455237
-0.8620839672871576,5.578289261275695,16.09127973040068,93.76181292027736,-2.405203196862727
-0.8858905576974914,6.119762347720932,24.46475849559075,153.71850788740207,1.802619823697413
-0.4356258506135997,4.645469433553533,188.84154399213463,881.2576204005162,0.5148757492436257
