X,Z,Y
0.4967141530112327,-0.06665137043850178,-0.8690521130893323
-0.13826430117118466,1.003760330940601,-0.4451197993914111
0.6476885381006925,-0.26916605963338447,-0.0315394022201647
1.5230298564080254,-0.08991130542130743,0.4640853611937042
-0.23415337472333597,-0.6297763487579968,-1.5906889474623596
-0.23413695694918055,1.4771112763269791,-0.24269049675684717
1.5792128155073915,0.20734277780423221,-2.7154966607792423
0.7674347291529088,-0.35288628407221395,-0.7093063460837431
-0.4694743859349521,2.258399103174412,-2.016182503372937
0.5425600435859647,1.5188284370607998,-0.24159917164216493
-0.46341769281246226,-0.018062739066546873,0.02156418093652156
-0.46572975357025687,0.8304516123680968,-1.6903482944141954
0.24196227156603412,0.015943447263430666,-0.9843233651743966
-1.913280244657798,5.835373852270258,0.3531356073457525
-1.7249178325130328,6.441534723822282,0.18377898267408305
-0.5622875292409727,1.5608556600045296,-1.4941084611989215
-1.0128311203344238,2.4888703142901676,-2.158255252332897
0.3142473325952739,-1.2735239950721313,-0.07666598700591598
-0.9080240755212109,3.1148365764367982,-2.3731147500005156
-1.4123037013352915,2.8661437442015054,-1.9168822987404965
1.465648768921554,0.29086075414430984,2.142371772598333
-0.22577630048653566,1.5306722103330124,-2.3098910654356715
0.06752820468792384,2.2953599531228113,-3.406224452601516
-1.4247481862134568,2.8479905695238017,-1.0408926587071379
-0.5443827245251827,-1.2959680034071757,-1.474205261227532
0.11092258970986608,1.0788575738323962,-0.7933881262938958
-1.1509935774223028,4.961843559765235,-1.3145689350464673
0.37569801834567196,1.9257560585999234,-1.5155553434736184
-0.600638689918805,2.032942356296678,0.24931980285816224
-0.2916937497932768,0.8470567942215538,0.505788402686771
-0.6017066122293969,2.6323537022496675,-0.8875683669593316
1.8522781845089378,-0.8166668409368063,-1.7732511044606403
-0.013497224737933921,1.4899464928281871,-1.9986019129456227
-1.0577109289559004,3.3852415964838793,-4.653830410023504
0.822544912103189,1.499522127192476,-1.6659326055429189
-1.2208436499710222,6.149706579112211,1.2125144643737056
0.2088635950047554,1.203921888734322,-0.06593373764673138
-1.9596701238797756,6.5880219272063965,0.013028310343715016
-1.3281860488984305,3.7486166644069794,-1.672735978240905
0.19686123586912352,-0.9477713118653676,-1.1539204021169527
0.7384665799954104,-0.21686703832134602,0.1704328921041459
0.1713682811899705,0.4332287971758702,0.6949218179110678
-0.11564828238824053,0.5985125662246156,-1.7602299274406819
-0.3011036955892888,1.5037043352855373,-0.5608823118454334
-1.4785219903674274,3.564037728364042,-0.8164278093891131
-0.7198442083947086,3.1751438394508136,-2.26774099920242
-0.4606387709597875,1.5852932336148091,-0.23759118577091642
1.0571222262189157,0.33815394661694836,2.774788702603974
0.3436182895684614,0.3813048687567047,-0.1572782992315081
-1.763040155362734,5.985325679073822,0.6079119031512973
0.324083969394795,1.5482877787120355,-1.6410566907131012
-0.38508228041631654,0.602605031183267,0.034793927748910186
-0.6769220003059587,1.3096949888531022,-0.21819698782953229
0.6116762888408679,0.23871479026578546,0.1783498016857055
1.030999522495951,-0.9892206211187199,-1.5210586914134647
0.9312801191161986,-0.4252089019562519,0.09582629123007319
-0.8392175232226385,1.8383343088052309,0.28565701233233964
-0.3092123758512146,2.2367408510905586,-1.0633563154180647
0.33126343140356396,0.9805773251649004,0.5663765318154864
0.9755451271223592,0.5705767031821601,-0.3672966119481753
-0.47917423784528995,2.4656384221156498,-0.9142244647805501
-0.18565897666381712,1.0666398059081628,-0.18572829664578794
-1.1063349740060282,3.41372259648116,-2.75719746915376
-1.1962066240806708,3.204324575788221,-1.531471544223433
0.812525822394198,0.7090982010106863,-1.197913525405618
1.356240028570823,-0.3251310269375729,-0.701660802688747
-0.07201012158033385,-1.3641509369471718,-0.6760813545639426
1.0035328978920242,0.23230289160091244,0.2819310287005161
0.36163602504763415,2.119283979409942,-2.6100866325048284
-0.6451197546051243,2.8324306959051606,-0.7665527993873902
0.36139560550841393,1.6621008088597122,-0.4394258747398121
1.5380365664659692,1.4509331597745905,-1.5151744310816508
-0.03582603910995154,1.1251331155635644,-2.051824878276978
1.5646436558140062,0.406478241153432,-0.20626686721275514
-2.6197451040897444,13.114570956057626,-0.11154367649918817
0.8219025043752238,0.12352167190025393,0.11167840096955042
0.08704706823817121,1.5324051000438264,-1.2509763868416006
-0.2990073504658674,2.5524039728521157,-3.719036264851007
0.0917607765355023,0.7728770969189481,-0.6345353787970325
-1.9875689146008928,6.847581410680962,-0.17078631260089738
-0.21967188783751193,1.2461959035807533,0.012999365218124725
0.3571125715117464,1.3009004766494903,-1.3685938899260857
1.477894044741516,-1.2157372278163188,0.9636480584191335
-0.5182702182736474,-0.6170603291451944,-2.1273914645866085
-0.8084936028931876,1.693987444329807,0.2694992801480469
-0.5017570435845365,0.4309082663764694,-0.2944172569335475
0.9154021177020741,-0.10778459400466,0.848377956707006
0.32875110965968446,0.5720418324164447,-0.051204209329331576
-0.5297602037670388,1.2452765508701713,0.5197218922543145
0.5132674331133561,2.0510042361371688,-1.751858375454436
0.09707754934804039,1.2342303930879126,-1.7085268387103631
0.9686449905328892,0.6800714069847467,1.2314640501799163
-0.7020530938773524,2.6400985219537834,-1.8666825817530037
-0.3276621465977682,0.24888692935985346,0.20311290893978146
-0.39210815313215763,2.519209567377245,-0.4593892663295498
-1.4635149481321186,4.245357097168253,-2.2909412991199805
0.29612027706457605,1.4141785900726929,-0.18026391590772994
0.26105527217988933,-0.30161888735404285,-0.650233168551096
0.00511345664246089,-0.5588591711946159,-0.31264582851736133
-0.23458713337514692,2.0822762959364383,-1.3183121118215593
-1.4153707420504142,4.494422429643487,-2.515205535603373
-0.42064532276535904,0.6208924746730996,-0.9349097818070895
-0.3427145165267695,0.5391034436779698,1.2358373047090492
-0.8022772692216189,3.3560496439258523,-0.9364217349048792
-0.16128571166600914,-0.014391254903967976,-0.06346295134143683
0.4040508568145384,2.3102831211350274,-1.3216933384950869
1.8861859012105302,-0.7489716227627146,-0.6000116567786455
0.17457781283183896,1.4782034291837625,0.5202889146513582
0.25755039072276437,0.4443242004430358,-0.2754799678602477
-0.07444591576616721,1.6804745087827657,-0.7970257724911494
-1.9187712152990415,6.268468125178029,1.4149814860572894
-0.026513875449216878,0.8640755893521986,-1.0857442891184155
0.06023020994102644,0.9824669303754848,1.1616975704892476
2.463242112485286,-0.917029046004306,-1.9691991164331404
-0.19236096478112252,1.9529323117151263,0.34976953973616176
0.30154734233361247,0.22645924121730243,-0.3869489820282888
-0.03471176970524331,0.8067213394994842,-0.5112959370984246
-1.168678037619532,2.2233867249737758,-3.392043934375067
1.1428228145150205,-2.2434161537500277,-2.196535975685782
0.7519330326867741,0.2804265721119428,-1.0649455781653767
0.7910319470430469,2.865992114670672,-2.436402718264111
-0.9093874547947389,3.2674055274048963,-1.978683623506434
1.4027943109360992,0.22664847745391195,0.943485065240717
-1.4018510627922809,3.799822519135418,-1.4104394135702067
0.5868570938002703,0.5785381168603634,0.1734520842520484
2.1904556258099785,0.6589848832482077,-1.2724928483616136
-0.9905363251306883,1.511865420849312,-1.749050533670824
-0.5662977296027719,2.8760542470488186,-0.032284922860839727
0.09965136508764122,1.6205342463873516,-1.7070875072864187
-0.5034756541161992,2.3726473512442894,0.049429521965747236
-1.5506634310661327,5.153072694171168,-0.5893661208620936
0.06856297480602733,0.9533513141870855,-0.372208940842955
-1.0623037137261049,3.5658892627115626,-0.677659381084714
0.4735924306351816,1.214575152904821,0.6795490916259335
-0.9194242342338032,2.1538053313341714,-1.5592565970202454
1.5499344050175394,-0.3613398762114076,-0.47105026295249786
-0.7832532923362371,2.2904370845465607,-1.606827446340861
-0.3220615162056756,2.928989815339084,-1.503296846300573
0.8135172173696698,-0.7958109235426158,0.5504165386923063
-1.2308643164339552,1.956662573720646,-1.2789321831110996
0.22745993460412942,0.9613151763594574,0.23825729482917768
1.307142754282428,0.32147980287670186,1.6030741076693547
-1.6074832345612275,5.1635778206994125,0.04488829245526377
0.1846338585323042,1.0753618392184667,-0.16058505120516514
0.25988279424842353,0.5479397081456268,-1.638286132955653
0.7818228717773104,1.9474345956740333,-3.9057452986201766
-1.236950710878082,1.844188370852181,-0.7935374778448769
-1.3204566130842763,2.9166340379641094,-1.9339307221570035
0.5219415656168976,0.49011260701702847,-0.6082950125265777
0.29698467323318606,-0.9001334102426428,-0.18099917438107993
0.25049285034587654,0.602562640974416,-0.20683899502293057
0.3464482094969757,2.3686656100746655,-0.4764008097206205
-0.6800247215784908,1.994813018502877,-1.2303859995692834
0.23225369716100355,1.0234458863607958,-1.1766116596944745
0.29307247329868125,-0.5141966892016362,0.8348111560733538
-0.7143514180263678,1.4264998814456196,-1.0044940741411315
1.8657745111447566,-0.22042009283325614,0.4912604105568076
0.4738329209117875,0.3048961724448775,-0.5084033852837038
-1.1913034972026486,4.573012497307332,-1.584359006689954
0.6565536086338297,1.0763267402030405,-0.3888730632417976
-0.9746816702273214,1.5388654429022002,-0.8811882771508384
0.787084603742452,0.7016746417426815,0.2780647493685581
1.158595579007404,0.8121485052573006,-0.540911053938151
-0.8206823183517105,3.4121986084056637,-3.6431192726646344
0.9633761292443218,1.9621430563741937,-1.7207593149270477
0.4127809269364983,-0.35328694073797684,0.714237738453213
0.82206015999449,-0.3713322823677223,-0.3842713801671182
1.8967929826539474,-1.1075288005591675,-0.8564482093922747
-0.2453881160028705,1.0440974156142435,0.5399244980486169
-0.7537361643574896,2.5912826450056237,-2.442813918649933
-0.8895144296255233,3.421282028091557,-3.346712002454549
-0.8158102849654383,2.1850559666332607,-1.6334885314159227
-0.0771017094141042,0.7603044091711559,-0.7222459761644255
0.3411519748166439,0.8627088456189673,-1.2736457784751332
0.27669079933001905,-0.07685397732047028,-0.18218036096843315
0.8271832490360238,2.5268179817154715,-1.206712140209954
0.01300189187790702,-0.620578759538672,-0.22726187425952468
1.4535340771573169,0.418483340624892,0.24139417184034118
-0.2646568332379561,3.326589977559973,-0.016296223739967086
2.720169166589619,0.07266345612137926,-0.34189110828003766
0.6256673477650062,0.34486530716312236,0.23656508246211044
-0.8571575564162826,1.9990076574667979,-1.8293399744659764
-1.0708924980611123,2.737590950238072,-2.6379302700495795
0.4824724152431853,1.9901038666958897,-1.8973209795160129
-0.2234627853258509,-0.9614628051142058,-0.955684910986898
0.714000494092092,2.0231150079343405,-0.9813686710790795
0.47323762457354485,-0.800975134698651,2.0042211241338133
-0.07282891265687277,0.8088941795436986,-0.9861067559416202
-0.846793718068405,1.9029128774270423,-1.651910452731971
-1.5148472246858646,5.137279410464293,-0.42437547807860876
-0.4465149520670211,-0.0352682965739719,0.3934120162419023
0.8563987943234723,0.8868613893167174,-0.06122705201372963
0.21409374413020396,2.831582327684771,-0.5362211267950807
-1.245738778711988,2.1123274730287864,-3.8416104936817987
0.173180925851182,1.0306916126822299,-2.8224748728755835
0.3853173797288368,0.018252531436807495,-0.4951325345825843
-0.883857436201133,2.84610476437044,-0.7267164578012153
0.1537251059455279,0.8766554898024455,-1.8830367096430123
0.058208718445999896,0.30196610179475725,-3.037893822300697
-1.142970297830623,3.6239418902374885,-1.1489991536452462
0.3577873603482833,2.5035698512540945,-1.4419571365318562
0.5607845263682344,0.37985731928753286,-1.1426772195153299
1.083051243175277,1.0583188584881245,-1.4436613912539176
1.053802052034903,-0.9446631642135397,-1.4320942853016811
-1.377669367957091,3.009212004720569,-1.7410267787402196
-0.9378250399151228,3.0268258893531996,-2.4792910839779227
0.5150352672086598,2.0815955513476316,-0.8959640934850361
0.5137859509122088,0.9538397789665981,-3.2294985976805686
0.5150476863060479,0.28441407217820686,-0.8829055722289852
3.852731490654721,0.020513095772780002,-1.125239218098125
0.570890510693167,-0.6853856775536816,-0.5170289378471997
1.135565640180599,0.9257556898326177,-0.8915840029550107
0.9540017634932023,1.2675295321992093,0.15789324223400547
0.651391251305798,0.06922965205584447,-1.8582766884963422
-0.3152692446403456,0.9005861478441942,-0.28932727198522445
0.7589692204932674,0.7340269661655778,0.336855347483768
-0.7728252145375718,1.7291569483365683,0.7817736732212974
-0.23681860674000887,1.2010786187236342,-1.062127486728809
-0.48536354782910346,3.724487370653491,-1.340501497628013
0.08187413938632256,0.6743622171016292,-1.9896014604766736
2.3146585666735087,-0.259540240194768,-2.438509711857941
-1.867265192591748,5.8230345940292105,0.9933576880213932
0.6862601903745135,1.2476473515192312,-0.627529753485498
-1.6127158711896517,4.835192512469156,0.5157628862262634
-0.47193186578943347,0.9537151165381792,-1.7481790910473385
1.088950596967366,1.6578735377812943,-0.4875140772249821
0.06428001909546277,2.3573453815042376,0.272083706893107
-1.0777447779293061,2.337622561745248,-1.1638385944382754
-0.7153037092599682,0.17826766360918067,0.26960763816100064
0.6795977489346758,1.5143345104197126,-0.8620908845953874
-0.7303666317171367,1.3912117117624918,-2.325064190230869
0.21645858958197486,1.5959914839328713,0.40707906285414375
0.045571839903813784,-1.0146528571105762,-1.1349844337665713
-0.6516003476058171,2.8112061527595564,-1.3103050373667835
2.1439440893253257,-1.0939802135613512,-2.160304213297797
0.6339190223180112,1.2612727655496387,-1.8137385141355842
-2.025142586657607,7.591464341828982,1.0104464880552064
0.18645431476942764,-0.1240429442995249,-0.3612071758412761
-0.661786464768388,1.5312155490567998,0.5665493051694783
0.852433334796224,1.1126946096405175,-0.5818688876348352
-0.7925207384327007,2.314852071636139,-3.409879628658169
-0.11473644146689901,1.7059907776878718,-0.16095258583706962
0.5049872789804571,2.5799538371975763,-2.315251769108821
0.8657551941701215,-1.1435079147251246,0.05425183545110679
-1.2002964070557762,4.938313749649477,-0.5319879624732966
-0.3345012358409484,1.501599254035935,-2.4016456683562493
-0.4749453111609562,0.7091422111376644,-0.04194863065488644
-0.6533292325737119,0.5916151117153783,2.055411679932445
1.7654542402810969,-0.018011346567932213,0.49192328563594556
0.40498171096095553,1.5886391212594182,-0.9990004667219371
-1.2608839543350452,3.4009900563389674,-0.7348243705877238
0.9178619470547761,1.9105269376600371,-1.0314590617797827
2.1221561970126332,-1.3314025945546992,-0.6221879964759165
1.0324652605511468,0.34403898151239365,-1.1331703006347256
-1.5193699659540134,3.3169520004557986,-1.5979912181774685
-0.48423407286625136,1.9865633680449253,-0.27389384791002325
1.2669111491866227,1.1685877999466434,-1.387855413791208
-0.7076694656187807,1.6084946978181642,0.46408202895132145
0.44381942814622843,-1.9626325947411427,-1.5767001555644642
0.7746340534293368,0.6598205516159812,-1.0652145107225475
-0.926930471578083,2.963479909266356,-0.8488288070464531
-0.05952535606180008,1.4656274268168739,-1.1111584024216394
-3.2412673400690726,26.801884362026325,0.3995055417794899
-1.0243876413342898,1.7143356013096127,-1.3526596608388823
-0.2525681513931603,1.9675433317596707,-1.3525532344359137
-1.2477831819648495,4.6751215846541605,-0.3352534344910785
1.6324113039316352,-1.5831298864844277,-0.8038098835687539
-1.4301413779606327,4.498941835575394,-3.0059203172184894
-0.44004448669698376,1.0485964638556768,-1.5713766337978392
0.13074057728609134,0.7959227010261134,0.6680504397322823
1.4412732890661155,0.5843027566757251,-0.2692471868783186
-1.4358621511794394,3.716038734828417,-2.1936627746894835
1.1631637521549596,-0.36321212361958893,-1.442140078973181
0.010233061019587049,1.023971536099894,-1.509848652408933
-0.9815086510479509,1.5812330714821192,-2.9562181510159924
0.46210347426327075,-0.45586797666805867,-0.2264566252009259
0.19905969557347003,1.4988742542487883,-1.4543732061928911
-0.6002168771587947,0.6737199840356844,-1.1519567576175924
0.06980208499001891,1.5988908738096346,-1.0193818169061262
-0.3853135968617602,1.932666553004986,-0.8979421669326835
0.11351734525124804,-0.8331180164237009,1.723233851945885
0.6621306745210467,-0.1618133874522112,-1.5330701521365233
1.586016816145352,1.3988489078525794,0.3980349317813011
-1.237815498826849,2.4669073811268056,-0.6917603418271052
2.1330333746562666,-0.34592690031229667,-0.8557779585299022
-1.9520877995225019,7.5054382937793225,-0.1423373678837628
-0.15178509503558332,1.9473005887814683,-1.7325298726686158
0.5883172064845765,0.30372200236097213,0.15498990068986318
0.28099186773503265,0.15752428090401493,1.5045949760003294
-0.6226995198205938,3.286322896120803,-1.2324123540587029
-0.20812225035727522,2.9702633587970135,-1.3387392862315326
-0.4930009346588328,2.616080102414302,-2.1727659720427113
-0.5893647569442115,1.8881609507573118,-2.706031943169883
0.8496020970210246,-0.3806806861774154,-0.2992726068723556
0.35701548596504734,-0.13068274539048763,1.1915257790520237
-0.6929095952606542,2.5220389911094796,-3.2228305410898477
0.8995998754332507,0.8251305916884151,-1.336211271133028
0.30729952087660933,2.1370288841361478,-1.3088478407917163
0.8128621188389601,1.0940367424472934,-1.4725196576782498
0.6296288419236122,-0.9702907883155449,-1.2771744408675572
-0.8289950109220723,3.3429627554425148,-2.2494663090526528
-0.5601810401969696,0.7529288437673319,-1.5989814599032595
0.7472936051232618,0.08967542271033868,-0.9736662590903383
0.6103702654334648,0.7933499285222853,0.44378069673002607
-0.020901593964148132,3.0167890519521334,-3.1595776722936773
0.117327383308782,3.999212561492384,-3.070874476794087
1.277664895788425,0.8854103642796276,-0.9537482374348074
-0.5915713888358299,1.6236287923612902,-0.24287877236431066
0.5470973811700379,1.1131325570555,-0.7009321590562658
-0.20219265243389406,2.111739233995667,-1.8793218024237741
-0.2176812032272203,0.9225230537050644,-0.3067518062721882
1.09877685198719,2.128489839319229,-3.17398096684955
0.8254163489880298,0.668123330938695,0.3125456663055444
0.8135096360006385,0.9410426020071383,0.018343112120616067
1.305478807154329,0.9369669788292682,-0.7713059217226695
0.02100384163275905,1.4008018133914883,0.24274501299215168
0.6819529712949639,1.3445690499060725,-1.838175140926734
-0.31026675659345604,0.7465356787384853,0.8985936094510001
0.3241663524884421,0.16482818396297716,0.14914776945348485
-0.13014305436768459,0.03883707638056677,-0.33536668470044007
0.09699596499271819,1.3470608987559807,-0.732865242272971
0.5951570254369136,1.330412466826633,-0.8048329187009471
-0.8182206832334725,2.7242363572892923,-0.5665386179981633
2.0923872756854602,1.7978846460445141,-2.2158485377102544
-1.006017381499702,2.729092060245711,-2.551086361585485
-1.2141886127877322,4.036302215523967,-0.40668851430520814
1.1581108735000678,-0.7776219204680515,-0.9225978127110356
0.7916626939629359,0.06599111479777275,0.9016505719771064
0.6241198170521551,1.2312705214670427,1.0921827777260855
0.6283455092642799,1.3825758092952158,-1.1478903736522719
-0.012246772846914623,0.7183551239804387,0.46953201178274884
-0.8972543714858315,2.3812599652138573,-2.766050927991675
0.07580455819372633,-0.5908763837857495,0.5552015047777286
-0.6771617115121117,1.6112540401257855,-0.7636197442879091
0.9751197334177512,1.2675303572569254,-0.16691300418912375
-0.14705738150213865,1.7336254491338845,-1.724651936537315
-0.8254971967925115,2.7836813126004474,-3.4677818421678923
-0.32138584165299344,1.4288112555715742,-0.28629106262481097
0.41293145427562433,0.6687707971309443,-2.24593310957894
-0.5637245528039747,1.0968839910036237,-0.807612189509259
-0.8222203955664315,2.974375266612303,-0.9066813070356884
0.2436872114919123,1.204705682911378,-0.3916773631677558
0.24496657110872277,1.274749551616916,1.301832612978055
-0.5069431753711298,1.1341736216053335,0.5031212936269703
-0.4710383056183228,-0.5516865809354907,-0.8302249317289244
0.2320499373576363,1.8900592384149175,-1.1963784647719906
-1.4480843414973241,3.776118204875918,-1.6806709278733911
-1.4074637743765552,3.2228045353443724,-3.4300535960742837
-0.718444221252436,2.7447183640654593,-2.7344371548344393
-0.21344715171184725,0.845925433712151,-0.8563078429814218
0.3109075655980046,1.7927179910151976,-3.1705890776685743
1.475356216949552,0.8457031962748515,-0.24789777224700354
0.8576596232020194,1.1077229240483737,-0.7484916454015085
-0.1599385299634271,-0.19251697374783427,-1.7010404553244807
-0.01901620790268883,2.23114215293466,-1.1036174605548918
-1.0025293646378088,2.9864165883173643,-1.1334043323151666
-0.01851313599238993,0.6494084272813327,0.055425066823961505
-0.2886586389201383,1.4780245252951194,-1.1601928182733834
0.3227185603380895,-1.0520575948985462,0.0332163491341364
-0.827230943552323,2.6956300068005787,-1.0958823470431795
0.5193465142411723,-0.4344623225296834,0.19253928296685385
1.5327389130025777,-1.1367268794364647,-1.4625284908820446
-0.1087601484568576,-0.40746427721263623,0.17414723714185126
0.40171172209894146,1.7818620008456971,0.0712182020023393
0.6901439917111125,-0.1277595422236787,-0.6111876377146663
-0.40122047188583626,3.0273742491869373,0.24492445220914805
0.22409248181041677,0.2634397526244673,-0.5470453480744746
0.01259240078179486,-0.7198714058441216,-0.2523516518381888
0.09767609854883172,-0.209581823734734,-0.70490178297064
-0.7730097838554665,3.4020880956598485,-1.5865683936445016
0.024510174258942714,0.819889583013882,-2.0197541876220972
0.49799829124544975,0.059458676899699414,-0.5448404261796992
1.4511436077950417,0.3943204108682409,-1.1493404068024766
0.9592708260852069,0.884954919463055,-0.18805416810879608
2.1531824575115563,1.2335128570456788,0.3851844247720868
-0.7673475628880495,3.602544430234569,-1.0847873190091677
0.8723206367206782,0.0582117963384185,-2.370446830926668
0.18334200573835174,-0.49356429313489625,1.8977342195889395
2.1898029332176723,-0.3015263552591046,0.23497370951743357
-0.8082982853551515,2.50436644825547,-2.462552562909664
-0.8397218421807761,1.3519638245860985,-0.5604179075729595
-0.5993926454440222,0.8638615493436758,-0.13203046975275273
-2.123895724309807,8.707444485705343,-2.0674338211616448
-0.525755021680761,1.6430833118404615,-0.7954373205223345
-0.759132661553698,2.1692194107879956,-2.0680264864832245
0.15039378647620763,0.10187377328919067,-0.4044659014035619
0.34175597577715944,0.4801208538235747,-0.77561983761493
1.8761708392158862,-0.7710576263590833,-1.7548029592465113
0.9504238381860503,1.276775553697377,-0.502516984362052
-0.5769036556624031,2.8157661283484536,-1.2307602342394905
-0.898414671348358,0.6095190588219808,0.36482327762493916
0.4919191715065057,-0.3180590736305776,0.7537393542469168
-1.3202332070206422,2.247765216119045,-1.1957902226210533
1.8314587658543537,-0.4898442018700736,-0.6751139357041952
1.179440120721287,0.22401285597882672,0.8258158837702444
-0.4691756521047048,0.14903056516140456,-1.36117822157104
-1.7131345290908775,4.624459545271606,-1.7820500556722159
1.3538723741654128,-0.7457190455396736,-1.2675896455859057
-0.11453984525261789,1.328624650338488,0.38414029394329585
1.2378163119734618,0.35936117029294584,0.8967177855350564
-1.594427658794367,4.20377164002236,-0.8100962337654702
-0.5993750229537729,1.99780124588648,-0.24715354480801066
0.005243699718183166,0.448089939888922,-0.9558511326457743
0.046980593764742055,0.6824508026884689,0.1581713892103232
-0.45006547147924364,3.2418669588687754,-1.9705129927025493
0.6228499323474987,1.876874566680427,-0.3648643971534644
-1.0676204293825944,1.6088691590683737,-1.0759949413283978
-0.1423794850212935,1.9827465349913278,-1.690958367650602
0.12029563171189886,1.6980548281554904,-0.5046083966860536
0.514438834058749,-0.5504273030545798,0.7005666893881465
0.7116148780888898,1.3096285364914253,-1.3467527201996403
-1.1246420918378692,4.617046529840887,-0.9501304297975264
-1.5341141707356223,3.5146711222009825,-2.828491799179316
1.277676821898509,-0.6388188395064798,-2.7277169642897445
0.33231401197959165,1.734923525453051,-0.8798414894216278
-0.7484865365565536,2.385293748650753,-1.0060482882804052
1.551151975522523,0.7634798853732329,0.021955619343697608
0.11567463429285867,1.2313542169379215,-2.5568899068196425
1.1792971840638264,0.698190695831597,-0.550535683471506
0.06751848141010895,-0.39176168262176736,-2.3138910958549754
2.060747924881987,1.1746763861603329,0.8125850233816267
1.7553408424432044,1.3424383106350644,-1.7947573031434085
-0.2489641484790735,1.053305301573306,0.8014073277069892
0.9715709509543554,0.3350110349512298,0.9068873666082735
0.6453759495851475,-1.0066421700414216,-1.4175094079623374
1.3686315575323487,0.768709684358745,-1.3762704312224208
-0.9649234605801045,3.196644206152322,-1.500401611469256
0.6860514599984393,0.44136946041891983,-0.9183297836947475
1.0584244868495878,1.4713554461052085,-0.7273114610400785
-1.7587394864231143,5.471038122907441,-0.5555587758562801
-1.183258512665775,3.8296018444416995,-3.3794061878368815
-2.0392321777601006,6.665042105828642,-2.0190832240303562
-0.26940683444455776,1.285635504474889,-0.4297446990294113
0.7175422557959623,0.31359578191325366,-0.5947697538841579
1.502357052096028,0.44791277211252045,-0.6295900864355446
0.07409478041977519,0.5590567492861024,0.5711853866988489
1.6286155455712918,0.06472842187902494,1.1745793131827735
-1.3801014582148914,4.8013521058188005,-0.9702735810097899
-1.7033824393551547,5.055729798341328,-0.7805975931913556
-0.05554769889661878,-0.5494576614379594,0.32509716072932715
0.3840654489393073,2.4306707535143333,-3.0002575510880938
-0.03269474809409311,2.4146891728073996,-1.4103520159097673
-2.0674421000398766,6.612315421389153,0.7797286605388156
-0.08912003951278841,1.782919682316628,-0.4450179576762471
-1.3044695005048532,3.1827585247720998,-3.78878422418055
0.6696725488300385,0.7753633801268612,-1.0091622444473987
0.36659824609684827,0.9873121689562971,-1.2791613482197293
-0.9398797863273552,2.325265891741573,-1.4752561139588578
-0.5138669173366935,0.8879775394068565,0.15515458830673506
-1.0592135218889516,2.1935607617935364,0.017304949645462253
-0.06267909727317188,0.1484932085648084,-0.49857318715658816
0.9551423205012383,-0.4470648264377374,-0.618457524237553
-0.9857260463355437,2.61257851584377,-0.591176366186865
0.5040465155178444,-0.11167870606212171,0.2847477960352246
-0.5302576183724408,2.381422106888958,-0.3448116708593332
-0.7928728322623442,3.6969816711426384,-1.392197103381632
-0.10703035995455783,0.5329148022555903,-1.2694928665218261
-1.035242322419374,3.055192982171666,-3.1877342232988144
-0.553649305347182,2.2392748529658864,-3.065381627414756
-1.1978778925888485,3.7850810194502884,-0.9655320443751143
1.9647251329163893,0.21614968406671559,1.1760765827057504
0.03526355197172861,1.7080333809382795,0.7944120485385877
-0.6997255079925856,2.49544897698505,-0.8380040741906812
0.213979910734222,-0.4302978181054189,1.0499321302516256
-0.11232804969082982,1.9880359130242993,-1.8906335897308888
-0.22096959953322298,2.1345763491926713,-2.589570225899905
0.6141667000434252,-0.22219450507503546,0.8143238588033502
0.7575077100473051,0.50677127645932,0.31701713422179095
-0.5305011476105275,2.383112930674689,-1.506107777155683
-0.57581824064468,1.5692714228352107,-0.5356393550977885
-0.275051697151644,2.3895767852788836,-1.294510591973042
-2.301921164735585,12.35723541555073,1.7229317684639618
-1.5151910621985523,3.7643043996563588,-0.345750653491407
1.3668742674445247,-1.1261421305721349,-0.08355644803551165
1.6449677135012837,0.4968373901990993,0.7494331285447147
-0.24903603955637832,2.004350768482829,-0.8106770781113096
0.5765569630557664,0.33096306595231406,-0.49902791723482903
0.3112501545435361,2.185791270408921,-0.7168605121151965
3.0788808084552377,-1.292595077067972,-2.1866325511724654
1.1195749114345768,1.0193371449480775,0.6275120467306539
-0.12791759148076653,0.5305985241473372,-1.3058374983804915
-0.9555404406004258,4.319453295790046,-0.902856054548296
-1.6064463202575725,6.977579744050178,-0.7821911007033283
0.2034636358672231,0.04924328549120405,0.5546359131119917
-0.7563507452843033,1.5809301904801676,-0.9680558649516549
-1.4222537095976742,5.006042709816996,-2.083870000946475
-0.6465728842425266,1.5218566353562597,-0.4571103836247147
-1.081548003614395,2.9038302377329943,-2.4146448461519867
1.6871416350725648,0.21043612317524524,0.8695532739233494
0.8816397569494505,-1.50556983034795,-1.0116784302374824
-0.007972641316617372,0.9941667613566206,-0.01088433020896562
1.4799441388900259,-0.4620773692312419,-1.0858134645924915
0.0773683076476183,0.4324260816838005,-0.6599912791922732
-0.8612842013282637,3.809829420741245,-2.0701068331960815
1.5231240772696573,-1.0384772139736806,0.310939864869318
0.5389100436846587,1.396588955539546,0.9181517929216428
-1.0372461543264564,2.5424735750627923,-2.511629203318508
-0.1903386780836082,0.9298990448577698,0.7201936725612629
-0.8756182533847572,3.190730761353158,-4.02100920051479
-1.382799730964336,4.326097170399386,-2.376435175655117
0.9261775475316414,0.9666777565117347,-1.34355717899797
1.9094166404701305,1.1163514564344263,-1.8592567383058283
-1.3985675738191412,3.718086967394895,-3.252320111531402
0.5629692366905709,-0.0427212100653922,0.40994815652039013
-0.6506425691218269,0.8316215653878263,-0.4996609844969786
-0.48712538376469605,0.8022201450676743,0.1138349661502086
-0.5923939242388692,4.757406625642702,-0.052829775405467405
-0.863990769679816,3.6172899476807983,-1.457905047414753
0.04852162794482699,-0.39843763069975024,0.5593098144381226
-0.8309501164110378,0.9730407387330988,-0.45925613777148344
0.2704568257798388,1.2448969042651576,-1.8064851824396908
-0.05023810944913695,1.5987862411394989,0.10665555092871248
-0.23894804686640975,1.8187963942505208,-1.7476504972891291
-0.9075636620415979,2.223321457707543,-2.4375811249605115
-0.5767713305683327,1.6548269421572657,-1.1824388635202217
0.755391225825756,0.7977062945637023,-1.1753602744113776
0.5009171876243808,0.6918676186299343,-0.6133726497232395
-0.977555244798551,0.43864988193889864,0.2710735543037325
0.09933230542922587,0.6756421442326367,0.1618651186917177
0.751387123371789,-0.3796946579718085,-0.9882183053204963
-1.6694052811213718,5.48422090885981,-0.5504277697328063
0.543360192379935,3.566052394932608,-0.6736175415919206
-0.6626237589458467,2.3073570940629526,-1.0663823567988082
0.5705986685931593,0.25165729153145006,2.056070141477726
-0.7632591565425169,3.0670580682487842,-0.6749223480866999
-1.804882100664519,6.5619425533909395,1.3853981507451554
-1.6275424378831627,5.511441519923434,-1.430310598011432
0.048084946661381994,1.5599034181988918,-0.15021584847730873
0.25972250172148187,2.8278091458110906,-1.8724296362349042
-0.9043166251044086,1.3393548085779157,-1.2568263303287166
0.6385924587773739,1.0016672092514451,-0.2442361449492976
-1.6615200622689599,4.3409302735742505,-0.22265603431430891
-0.06607979864731657,1.6238246099565292,-0.4741891998199462
-1.2110161997624567,2.4382076834649324,-2.526358648740159
-0.6518361078021592,1.5016943857710465,-0.11615901867388168
0.047398671316414016,0.6586171918843805,-0.8143537010953495
-0.8604133652839524,3.3399544635671528,-1.6099091397462169
-0.38455554422982535,2.387415731951451,-1.9196640847338946
1.0062928092144405,-0.8801456617555321,-0.6268173470885083
-0.5768918695231487,1.8354299193293435,-0.4076262515033686
0.8356921120651418,-0.27600555918642444,-1.0919380065854856
-1.129706854657618,1.8362442451631247,0.7705771019624208
0.5298041779152828,0.3717031923923669,-1.8709624558217766
1.4415686206579004,-0.07192638821399017,-0.6038560648626266
-2.4716445001272893,14.268621348309354,-0.25082447341603137
-0.7968952554704768,2.6516017332203705,-1.1738557540213712
0.57707212718054,-0.8160774207884778,-0.45703957995355415
-0.2030453860429927,0.6603540665300481,-0.23513703626349808
0.37114587337130883,1.7113265852934605,-0.6475103314051918
-0.6039851867158206,3.9178375453224277,-1.7667200050856793
0.08658978747289992,-0.6689301070397181,1.1436547354841562
-0.15567723539207948,-0.7114753769044941,0.5605343790774597
1.1677820616598074,2.182021255326885,-0.5976864853284891
0.2544208433012131,1.1649796034000799,-1.5148024686246455
0.3376026620752022,-0.15481400813623947,-0.09911893435817826
-0.4118769661224674,2.0442777730930124,-1.6592898548993957
-0.48760622407249354,-1.0073342453451868,-1.5231417819013586
-0.4325581878196209,1.5445706580662708,-0.5392914349821656
0.39445214237829684,1.0018703939563596,-0.9500587482997594
-0.42098448082026296,2.447730774903701,-0.9981845011451048
0.2897748568964129,-0.26546389936612136,-1.1185823402548607
2.075400798645439,0.21119327613380795,1.7073261873738022
0.8711247034316923,-0.5069440081783956,-1.0477715350698997
-0.32602353216784113,1.6408317267576904,-0.7719094705275729
1.2012139221639448,-0.5945175149491326,0.5901060498316211
-0.4080753730215514,1.0958196727712004,-1.0600057440642463
-2.038124535177854,6.680383853976418,1.0585769196113155
-1.008086310917404,3.3914880544256203,-3.0421458469230434
-1.8707919210258557,7.351887769352694,1.2409817552173248
-0.35151348404130867,1.1865963408265823,-0.5534290698089667
0.0184183791895517,1.0199881975289116,-1.0233146310878083
1.6764373122752827,-1.261552262113026,-1.0599526281363545
0.32692737376416264,0.4214594665195489,0.7422646144161845
-0.21910052880886424,1.1947518073416379,-1.159222723531136
0.8294055811834892,3.0571016503029527,-2.604044536317172
-2.211135309007885,8.014104399168746,-1.0508234897546702
0.23561455810856594,2.2542623859166184,-2.7018533919505585
0.7708651938869668,1.459471418947418,1.0020136134568816
-1.4785862457798415,4.667375927937913,-1.4032539284866576
1.143754043206929,2.07724114234699,-0.554804238034496
0.3384964074944141,1.0849468128776474,-0.2707679785504972
-0.4152879139008013,1.903966007519651,-2.2207667215799485
0.6327818661062848,0.47799160780514405,-0.09441789518370296
2.270692857804396,1.326809506643348,0.08976386710527007
0.18186625505849516,1.9301820716450728,-1.4479622539902997
0.24822058630033608,0.1545105380531081,1.1888956831753608
-0.4593608995402441,0.2638147314217427,1.0000217685746458
-0.8498443694647918,2.1363021223712337,-0.5156199022739584
0.8303358165442456,-0.36413568605607727,-0.5435983820881788
-0.8560838259088672,2.2903996679883205,-2.630722974686302
0.07156623721939247,2.1683727477165755,-2.0734800509145597
-0.4776574467651167,1.1549914374761658,-0.3437189857956041
0.47897982574639186,0.5765915994900854,0.4125303588343394
0.3336621052869483,0.7743185087044293,-2.4186976430961384
1.0375399442578992,1.2027561527932102,-0.5899604224941855
-0.510016398854747,-0.5815708299463831,-0.035815459006623696
-0.26987493529337125,0.703100335892494,-0.48015877571222787
-0.9787637157823074,2.872447944345106,-0.5389396091652272
-0.4442932600761116,2.759466681163355,-1.3772158172825706
0.3773004930448522,0.1938075443449182,1.3011135148807247
0.7569886166453519,-1.4074758335079296,-1.1262742673063357
-0.9221653241776254,3.13444114986622,-0.9174385860224525
0.8696059201056602,-0.21624570666008502,1.600905313132123
1.355637858804951,-0.931883846127955,0.8603194836171816
0.41343490322370086,0.03702919661942239,-1.0909773488601373
1.876795812558066,-0.031445540453685916,-0.2557439615088115
-0.773789199103573,1.5632208981960405,-1.2624048270310118
-1.244654703311417,1.2661697563667191,-0.14946237104105536
-1.7787202489042786,6.819338729007677,0.8349511316665279
1.496044311489183,1.4988895828535977,-1.6948428775317188
0.6543656563540577,1.171293663230122,-0.48631850372922175
-0.05558467091045507,-0.0805271465670474,-2.027202365100418
0.2799686263198203,0.5543159195975628,1.3195409560074536
-1.1254890472983765,3.0752022738205156,-2.367648902281254
2.4457519796168263,0.6854553326924627,-0.13631306217375908
0.1292211819752275,1.5471200625645536,-1.2115359542998962
0.10939479460489289,0.16220266426312036,1.140978874082715
0.725766623898692,0.5659489728650053,-2.965525490488479
0.4810092317367132,1.075439615608743,-0.48891299046453723
0.22388402427913137,2.2552301630407907,-1.6314169143135586
-0.7904744554453119,2.908948627553552,-2.291331942972072
0.4714683571359957,1.413141902563071,0.9514473500002986
1.8820244964750337,0.23610812804593437,-0.9033377384112438
1.3454200461549777,1.670889437342409,-0.24798006266758987
1.593186626639397,0.6130396071983993,0.20434270239636265
-0.5112156764311852,0.8062289710691408,0.9932538350823918
-0.9896048202585809,4.093541131244938,-2.062196593011999
-0.12578692009964815,1.8319437738387667,-1.9036307926767515
0.055724912288694604,0.5027552567380457,0.9971526397154314
1.0941915184709485,-0.14468278199357776,0.40761263132129477
-1.6924646297148194,5.729429737033498,-1.4452903096732896
1.5295503194606137,0.6798178563556676,-0.7281980853789549
-0.15800789857898942,1.3684677109241077,-0.3465313623890783
-0.42688106994742003,1.843779067544022,-0.3437735235638649
-1.0121043752601675,4.4513422480134395,-1.7377838998078912
-1.6548566718657693,6.3038730805803205,-2.644117535565664
0.8231705839619146,0.6296730316353729,0.3624364844987076
0.07331796718840389,1.8706158752188125,-2.4263784726288318
-1.2899608997410539,2.6001206121071645,-3.752379856454727
-1.295078772063616,4.0492106319028,-4.26466926306712
-0.3357846992901282,3.2083441282890774,-1.0355804304971414
1.669021525289393,-0.029614544616083344,0.12669714777754948
-0.2595913513636048,0.448766277610104,-0.3024848897828207
-1.5031429531181062,3.8437080789995086,-0.19960718705224356
-0.24574306408594432,0.1889379831787794,0.6289313530235374
-0.2727235697476705,0.5287751851161772,1.5058179658225526
-2.6968866429415717,14.46296974826998,-2.1980270684512786
-0.05429486651781221,-0.34977114406458876,-0.11274183891786321
-0.23093453020867796,1.2753950933773368,-2.263810642911578
0.6962063648134184,1.4007499189279995,-0.992513103656685
1.8489560949453452,-0.7503547874571399,-0.5553992822953946
1.1265650295477574,1.8434286976771013,-0.5546026711070582
-0.26888869055483056,1.8193015720030754,-1.113441111092991
-1.1065259087416703,4.054415632206505,-0.8046136096063232
2.5733598032498604,-0.5815557213085987,0.5095445261714545
0.05921843401448826,1.797026099487887,1.0165566166894786
0.013929291912946203,-0.10576662859632657,-0.32618707228015875
-0.024125087110003277,1.914665952256559,-2.1868617322485444
0.19808476076785494,0.9921396606995296,-0.15861993793484003
-0.14436041192394247,1.7085516375300425,-1.8577196940282907
-0.5736620068802363,0.5991597228942998,1.3372842414999229
-0.5468589412403921,0.8327474674249465,-0.5695898212423336
-0.03275327021599839,1.6305237812497988,-1.5469768878738743
-0.543424771133765,0.7735458637973534,-0.7179390830363102
-0.7128457826771644,2.502994091771323,-0.9668792775999395
0.10643022769189683,-0.46810003254674215,-0.28900088367033594
-0.2549772174208553,2.138606433830449,-2.0780421862986262
1.5039929885826886,-1.010282334378274,1.1451618166802024
-2.650969808393012,14.720071946817963,-1.8856458603416382
1.0915068519224618,0.9613411803982177,-0.34508301205561387
1.246085192497629,-0.4091432121276195,0.5491003188854281
-2.0733902324081495,8.53376227128137,-2.9126246273591474
-0.34268759408034877,1.6691708613554779,-0.5378846625077573
-0.37144086599579146,0.9109802535869965,-1.397608905757442
-1.4075116947178212,3.0772214024045557,-1.032537235474149
-0.7778166875908753,0.21408893395519635,-0.974833291615908
-1.1105758454658288,3.3857562664486744,-1.1218367022120415
1.7522704434236227,-1.3914229242626854,0.21219779997796817
0.9356783931474612,0.48766382772883143,0.768954761488724
1.2715550949941588,0.016947025241374314,0.25202004320403704
0.7216720640432351,1.1650818305044621,-0.7800357923777475
-1.1290517712172292,2.7906770013110003,-2.385241501425183
-0.5245202662797737,1.3602002864135292,0.7458263818788436
0.48937456122791806,1.3448803786190733,-1.4104631147097986
-1.2221278088919454,3.729460724191155,-2.69907192421497
0.7129984301723881,0.8063282017248286,0.3970366666944555
-0.24032539815813503,1.7409304695717247,-1.882085809426321
-0.3748208075495975,-0.08084140870736034,-0.9573796355470494
0.7109599682034915,1.2479611411131213,-2.0658565450076214
0.44426331148603976,1.2537653318631108,-1.1103991652847411
-0.3609661658190799,0.4180317890767604,-0.14814062889515345
1.159329803364248,0.06961587501119679,0.2441442639241629
-1.0810633275998973,2.908505087791513,-0.8863061320004918
0.6159356069442637,0.40563852008560264,0.4658261758314781
0.5931012579683838,0.8864708023453751,-0.5153660731753491
-0.3095464393139903,2.7941736401521364,-2.008061806055563
0.326133022242118,1.803475905345998,-0.6342006107892338
-1.251113576385303,2.1820126924320165,-0.19793404473043985
0.924027019206901,1.0189874145930382,-0.2997840692416913
-0.18490213644298903,2.5320340141882824,-2.170116171403588
-0.5227230205190395,2.0734226078394804,-2.3761163938781564
1.0490092258368893,1.441265055389675,-2.2465079484457227
-0.7043436905427592,4.034789296686441,-0.7779629595328531
-1.4084612963635597,5.113367335027406,0.1938990611496071
-1.5566291735239037,4.992115685763684,0.07434865297218474
0.6060099513456396,1.5906116705271531,-1.0720232674955807
-1.280429352496283,3.743072116466723,-0.2468809372752423
1.7547941819843647,0.19684587666468722,-0.49363614832538794
-2.081929407883722,7.668513472374586,0.4581531922831945
1.6964563682900382,1.7467453943778786,-1.1301535064042099
0.2110174672026184,-0.008668743424894876,-0.6088218691190346
-0.09671311187039239,2.633912032977312,-1.1579519125217352
-0.5449190868089497,2.224332968194582,-1.0931068421946901
0.39913611435207086,-0.7284067986975764,0.06611698706317376
-0.037634702424848364,1.406001149166228,-0.6867853810997478
1.1033018820165215,-1.7682527124431364,-1.3265076692991484
0.11422764866203965,1.5175628745019885,1.5146511547508164
0.1503017614618776,1.7456797701009172,0.0938464784184192
-0.36361221221385587,0.8461603112919366,0.42711537230489904
-0.056945623721067457,1.1821459421525204,-0.45186666888911353
0.3078017688920592,2.6892184492775,-0.7664417071244534
-1.7101683926566256,5.02414588826792,0.0468649949316709
-1.348185422105713,2.791524691362895,-1.7828713712416775
0.743264094022715,1.9572225122004068,-1.5872196888299963
0.17086543812794186,2.805522183281936,-1.8940933993834614
-0.18398333635267913,1.205691465143284,-3.7548750603162055
0.01843393306539316,1.9931979680752347,-1.1044965548122063
0.34758170536167105,2.047870210901133,-1.8503321024294723
-0.5397596803093615,0.9731102889569987,1.2028919674872265
-0.7783047254023127,1.692471368570028,-1.0208890702063622
0.19584525509768155,2.053013959878335,-2.5551506305437526
-0.978372777615032,4.345138383428518,-1.2136540728444352
0.40825275571447184,1.2276916830245796,-1.6501701710691596
-1.7025836042378404,4.608293836977005,-0.4247040213845619
1.0291556373256436,2.3443696429201624,-1.297139602185231
0.472597482413043,0.09241004466497194,0.9581827047440007
0.25602973431387566,0.4389811693827297,-0.8639867073304409
0.9826909839455139,0.7166403348692245,-0.17677746056345758
1.6654744444625766,1.7432613395265149,-2.4531607350895697
1.0143700650181304,1.2166067682717991,0.10734225060613889
-1.8408742313316453,6.716910799279051,0.7115440818817554
-1.2795769667357015,4.058407079220583,-0.9288897629078134
-0.6248185776956788,1.9114217153329658,-1.2413113362837949
0.026091050210833786,1.532385894750489,-0.47306853319989056
0.517659020469123,-1.933646138977353,0.14788880312235042
-0.7257438131534656,1.7696599863533593,-1.3979684421668277
0.18676676447707832,1.0709591496079047,-0.32993265741480193
-0.7553829323533225,0.9774123270367838,-1.4792608984835995
-0.6115178029919482,2.2295502498744546,-2.374904453254165
-1.4066610968482223,3.8778309907045214,-1.4669337139619856
-0.9232332461109043,4.272892371704097,-0.12918577290515243
-1.3516846056163336,5.436948973186683,-0.3554452827486864
-0.9758732529773327,2.187677792670449,-1.7107969989224254
1.0536417966078395,0.19782795317899285,-0.41654682110365093
-0.949398888831943,2.5102082618135264,-2.224014377498636
2.632382064837391,-0.37975250515857506,0.20455882715966445
0.4933179008808892,0.8056221128718443,-1.7651143760508798
0.1848361236948739,0.07295842442419431,1.2819205668166904
-0.8583577801812136,1.2286677142858613,-1.2703447924090012
0.7003098794089914,1.1191426699711262,0.21277778592801855
-0.5756378262377739,2.4077939731789044,-2.8992092771450295
0.12200981464536144,0.08082392146793749,0.6696086965157063
2.5600845382687947,0.9726536362732024,0.28252225714846135
-0.09605989972464987,0.4692472719682751,0.2993002701719434
1.1492733262856758,0.5700321826553496,-1.1244456440933153
-0.7031764251258874,2.8405034246020726,-1.5730652613671046
-0.0349884904969617,1.0019952246963186,-1.5955684103046675
1.77080063563551,0.6249375808844271,-0.41099987533163396
-0.6269670577877674,1.3554948780930767,0.3085840826761692
1.8124485579969287,-0.03321267308198539,0.7944884236720609
0.7077519354554754,0.28689125773522656,-0.011446692151100444
-0.5624667758942676,1.0084180012672108,-1.392435969973578
0.632407739055521,0.35453683834547967,0.6009657367167818
0.9725544496267299,-1.1705023735392075,-0.6512013059242528
0.6218099622171964,0.04581791195729912,-2.319076781647884
-1.5702247198904564,4.5228529712357,-0.20337772380770736
-0.7271371758248686,1.812968759574602,-1.1773838138598436
-0.24751863555150475,1.0393457855105444,0.7598756736007858
-0.07443342910004629,1.0155094262002213,-1.5185754627004868
0.620672097550678,1.0170245260134325,-3.6012248147494477
0.17770100093325383,1.7117097800400742,-0.7793383769330817
-1.3353443587101013,3.151539506606676,-1.5625979116828073
0.3801978510059632,-0.5194747354605389,-1.848905567943036
0.6105857452838231,-0.4990117151846488,-1.1257080602518652
0.5597904479310398,0.08412585323738819,2.755878709163885
1.0807807255546218,-0.012590819606368764,-0.3063196166586803
0.8339221545489041,-0.3356536830107176,0.6582298688877218
0.4591800792284367,-0.6643152039147117,-0.8970942294719495
-0.07016571145864703,0.6165650954016597,-2.244075537246652
-1.6609609335159914,5.445793741606279,-0.26248893480851265
0.42961821913258585,1.245786959899366,-0.8858978708008156
0.20768768716311115,0.2550376859025746,-0.41955352624470976
0.27157883719537346,0.3491773712013412,-0.15767901732239195
-1.2767485758203094,2.6582662061691904,-1.4967266516095559
-1.0810565404082624,2.9163531977447685,-1.9891728944181568
1.0531528533329035,-0.4995924500293843,-1.411522516460077
-0.03955515385665504,1.613475689741497,-0.4789761900284463
0.6815006973726244,-1.2800092081689634,-2.7287582568740993
0.028318376130461172,0.6124491583803033,-2.2019565994579633
0.02975613949574519,1.27178955493496,0.09536153816122961
0.9382838059759977,0.5751333204292699,0.3744871909489078
-0.5160447282173739,4.368421576816958,-1.1984070237740334
0.09612077694098337,1.2581543257574066,-2.026904996515563
-0.4622752887050425,0.5836277172370115,-0.8446821455704828
-0.4344962274323156,1.4487206978677787,-1.071099337745331
-0.30917212346863937,-0.4139494998855955,-1.7012677551855007
0.22213377163371284,0.7202084824469562,-0.951990653356924
-0.4787486216634773,0.7809972895114085,0.40083939643714783
1.2557561255735208,1.2002506521174645,0.8476767589205638
-0.8946073022195039,1.8968346402131455,-1.6492441951653172
-0.18687164416135904,1.0887066298844805,0.27310032157253356
-0.4397310582741749,0.9167318454962379,-2.2608410410609636
1.4469778843537329,1.974131610751507,-0.6390454390456506
0.19655477651157463,0.5003135619550796,-0.9018108467303433
1.0318445394686349,2.188906097572767,-1.1684812778586584
-1.485560373036972,5.231591895792002,-0.5213987616277765
0.26705026586925884,1.2477013125455354,0.698395916351768
0.889630795623437,0.779540543963114,-1.1249718629097245
0.08228398927542419,1.3148076627033145,-0.055565654488376914
1.0654803750653512,-1.583110283475785,-1.3741937420467116
-0.5172884501003722,1.3985895316147479,-0.9194081367738993
1.40934744018558,1.0894606244269076,-0.6678744161981229
2.2988981236192503,0.05147219398663164,-0.8444272046229833
-0.36283856043965906,0.03221393986993881,-0.013008389481097825
-0.4455025214007718,1.5088701220408518,-0.9280937071072133
1.453384477117701,1.9378832485268054,-1.0253097752746836
1.5795721457307124,1.452954959920252,-0.7278543753345053
-0.5228600271532683,1.6248411709338555,-0.1779944825261297
-0.42018681709585726,2.473695187674908,-0.7452753225622706
-0.2817846088605072,0.9589861693809725,-1.4294552132627798
-1.344450511034277,2.132206491962082,-0.5624838130012194
-0.9186519464841982,1.5814440230520703,-2.120957132279796
-1.0041407667520679,4.292449703944948,-0.6266950971491686
-0.7677975651041284,1.8810216617579698,-0.5957707014178312
-0.03468488738678118,0.7919094440028902,-2.1700074218972913
0.23421473253652075,0.4913537067342358,-0.00105743650547456
1.5505004928140769,2.116278361392935,-1.8869183748831944
-0.998354040738791,4.339770242811532,-1.9277601841006349
0.9843223984765838,2.592472589124395,-0.3805577746946551
-0.21398884422550896,1.0795636266754585,-1.1294187369233848
-0.04946370965243295,1.3463319497310755,-1.5186918887976573
0.6748194921666038,-1.0073942137954575,-0.4418993184721074
-1.1227220215622986,4.550142593314725,-0.2724624936542974
0.3824097461840506,-0.48556409052134586,-0.2818120810907655
0.1664522082130561,1.0634388432822395,0.7040228890529121
0.4924512640081491,-0.48617600343925005,0.39049506906039555
0.2891686439078181,0.16001907296929307,-2.183018043994431
2.4553001399108942,-0.7514250027133006,-0.8370361467453442
-0.637739984251316,1.2843243816286112,-1.2170745906925402
-0.5309969550018176,1.1615042091138301,-0.06625800978087559
-0.6231405264247644,1.3165064363790644,-3.3095532584714578
-0.5554771191602547,2.5761062082758563,0.8255365494432647
-0.6373871273065177,0.7866692912403417,0.2758034291117709
1.1890165311075518,0.52506203040153,0.04008113830992588
1.4205042479898549,1.4595513161201226,0.3629617327027532
-0.5707462937494763,1.2563908261127712,1.7137922920337914
-0.8323555731042287,1.5808082969564015,-0.06326773857484391
0.4714155563864041,0.39359354304443694,0.8918372602806062
-0.5522230442809712,2.916835610416306,-1.7084526996310123
0.6329318177555108,0.7251402565874757,-0.3575117482860888
0.2029230208512997,0.28512678564074745,-0.5020142469098342
-1.515744114997232,5.036684330358819,-1.2848446502742088
1.5475052013300616,-0.8895139989793912,-1.1027040610057433
1.7958776730955217,0.8473412211605376,-1.6470955465159056
-0.6127886904843862,2.2541782629977534,-1.6007012574852508
-0.38770155993598415,1.1657814692428596,-2.2340123639903764
0.28586539072490497,-0.08722204877759054,0.18274446628724023
0.334456789987025,-0.17095415156066507,-0.05949205889195604
0.6585442726728304,1.0524216133558468,-0.30633511436302757
2.0102045387663496,1.3629417740822365,-1.2498935266222908
-0.1769472274940494,0.5562603568564438,2.9535257959164882
-0.7982972445384537,2.6801413045827807,-0.40987521564458795
-1.3793192280145272,1.8851695280957559,-2.4638104585885197
-0.7309300399419191,1.492393682588738,-0.6169059558638615
-0.033126972873797095,1.0026228475844463,-1.0210174293264997
1.7945578635177877,-0.7434824973875427,-1.316237571844587
-0.5176112990361714,0.7415082087569381,-1.5662247856862874
0.2237879516388985,0.13170508933640146,0.4301197245845664
-0.016422896072752075,1.3087512214385268,-1.3589813816742258
1.188393273448084,0.11738143893763606,0.9667966120606378
2.5269324258736217,-2.1583274779098507,-0.6744802337367425
-0.5308687729203206,-0.4202912162991186,1.265647618746123
-0.48943944251822213,1.0245362914375966,-1.2829547547008802
1.044160877069072,0.8096736419544234,0.20477554899676265
0.6818914896263114,-2.24184520544618,-1.1079696221742077
1.8467073257360336,-0.34197442577146614,-0.549329533432356
0.5839281853259639,0.03145543964469244,-0.7706951031196114
-0.35929209078705954,2.820652884732403,-0.20787967431660093
0.5906548306923093,0.1689426013247437,0.22167053812027945
1.1087035805829077,0.7129754695174677,0.4274076007563622
0.820482181197364,0.5814764779226027,-0.9577681719666551
0.5072740311072977,-1.5284317355849688,-2.2563500929563665
1.066674689589154,1.11235824238907,-1.0728022508138073
1.1692955904456728,0.5259821491795549,-0.23323383127843578
1.3821589910375272,0.7593046228056168,-1.301651525004715
0.6487098875896427,4.448957415563497,-1.0707968083067392
-0.16711808031685435,-0.902219124033234,-2.114778978130332
0.14671368643332283,2.5882378353430298,-2.8494256276278245
1.2065089665083568,0.011792595947582585,0.6714311724229689
-0.8169356709872361,2.55088183265364,-1.1070090789851734
0.3686733088729012,0.6461390845966413,-0.5616716731073779
-0.3933388123273607,1.0576840637819263,-1.4753630586346498
0.028744822934817487,0.401831451060063,-1.0871662205986008
1.2784518626072987,0.6079768093296928,-0.5225214440933217
0.19109906801990334,-0.691122947786277,0.37988907421357543
0.04643654815614881,1.7052042988948233,-0.12403125974874707
-1.3598561409799192,3.47943843467426,-2.2803231092256944
0.7462535660272207,-0.6559297770412853,-1.3943514444559204
0.6454841811410754,0.07439571389121935,0.26879042875155584
2.16325472330546,1.372099596711738,-1.5598385352427409
-0.30777823495300083,0.8250641794591481,-0.7993289408808143
0.21915032766393897,1.161654583962406,0.7795262629270849
0.24938368371075526,0.04832464290709759,0.8283613356269409
1.5774532797634744,0.9644221776017088,-0.22505697227464366
-0.0952955323869521,1.7854916267490943,-2.3995631432997246
0.27902152577033923,2.605132451582523,-1.5259967947490527
0.6078965097165392,0.3689310597667045,1.0136481056242514
0.1866091231563581,1.498422814864383,-1.231139968839344
-0.44643361455052827,1.6607964811881706,0.3409208911891324
0.19408999289830758,2.1194555661047603,-0.12824757085929872
1.073631749859772,-0.37706733198722514,1.5744490457473093
-1.0265152994110602,3.536327258939874,-1.455789177420402
0.132969674146876,0.6807943456204559,0.39793157849854743
-0.7001208149391732,1.9498078364700522,0.13707391879444852
1.1950466289248425,0.3944423241996596,0.3901338636308716
-1.5231869047837747,4.839060081187881,-1.1599945598122567
-0.5589218472715883,1.6325569819783219,-1.4318791108028566
0.37721187506452086,0.9004839439487906,-0.0961885867028551
1.5655240292343404,1.7870965312074787,-2.4196999582224707
-0.0657502610729878,2.053409658296688,-1.5097788118957312
-0.5551995266931984,2.611443175671837,-0.6437775411830304
1.8811570694405901,-0.30312587551012316,-2.252117520119616
-1.448013900416244,3.36541511953548,-0.2856990257993577
-2.198805956620082,9.969544231148815,-0.34032919956796603
0.4400144500533324,1.5200739073195413,-1.335876724665876
-0.5020542243526112,3.1247822708873425,-1.3118225200092777
-1.0212328171307132,2.172635088276669,-1.4600720817559736
0.7083564472993533,0.2629042496438011,1.208688837446484
0.24380071377119883,-0.8558403744074874,0.5945465008882952
-0.5640786307367284,1.3653563221406655,-2.1300830886842532
-1.2803043986708944,4.594305215147499,-0.32530699039088296
0.8724573282801447,-0.048572067594437496,-0.20923879944405344
0.650201177958661,1.1624205584217024,-0.463583989636033
-0.09917586377938291,0.9137573759075206,-1.0727370463353743
1.8466369960476658,0.4818238739046476,1.6580916073622372
-1.0700847663261526,1.7679352466451608,-0.07120026192788442
-1.5255251709247388,4.682766888529772,-1.5606412669150633
-0.6919080698812444,-0.9936126574968294,-1.8398800043854266
-0.045586016355497805,0.8597448708269522,-0.6909654460054014
0.24333944932269183,-0.8464679051986791,0.053903462779571254
-0.24123605785632987,2.4788159759001074,-1.4315130560425577
0.3520553965142968,1.4806485165526042,0.4145170036174384
-1.251539424190444,3.9623911956868363,-0.7119891926871689
1.4437646040732595,1.7570437234302665,-0.13149972456793035
-0.0821511783925688,0.13670339887386695,0.32433789665980567
1.1172958315881276,2.074526502093574,-2.773466436522439
0.34272534637770413,1.6420247072940102,-1.188045395717161
0.4567532191537839,0.39678132890611817,1.002042937431753
0.5697672802322039,1.7012772101464482,-1.10008751135769
0.44770856001731496,-0.4672025988736225,0.3722869564789556
0.6427227598675439,-0.29865547538751624,-0.37806018023634314
1.3291525301324314,-0.3438882304289637,-1.105704067155493
0.19652116970147013,0.2926062303604291,-0.15132489093032034
0.7090037575885123,-0.5644234044392016,0.12532146134689964
-0.08973569428722672,2.3169681925013608,-2.225130709507531
1.4401172154494728,-0.021954411653870076,-0.2370505565707942
-0.6763923020592697,2.3192743760113292,-2.5104951499332113
1.8009404329108156,-0.4052078576332771,1.0177983672849855
-0.04015795064434341,-0.7796281166397372,-0.6230318809896916
-1.4307751021180481,4.451996724479723,0.39486085050208164
0.12810441491078928,-1.0324934612911019,0.9884469990686013
-0.6810516574748808,1.9073206213373686,-1.320294448209536
0.8406435489887241,-0.9368822528960784,-1.4641044489824049
-0.6526239793023909,3.9078497680100472,-3.6289208355049505
-0.4461834332147797,2.4737007471119843,-3.1408242091550576
-1.889540730945531,6.722083099117684,-1.1831629155899743
-0.4523063192490767,2.835640065946527,-0.4429012524863085
-2.4238793266289567,10.443254428904453,-1.0020751248653177
-1.5839028234857233,5.417420249038688,0.2749472970974342
0.7604146561442974,0.6672829801708418,-2.4021013025749074
0.7858001586508322,0.7197749609713742,-1.4106634794581518
0.42545756178496474,1.9258242135938703,-0.3687362367753877
-0.966976143129213,3.36247184380882,-1.5341804564589347
-0.047711356141979855,1.3375915251855863,-0.8514163514342472
-0.0036025390905684044,-0.6512784001942902,0.3270519096277723
-1.1583646891925428,2.2246747114770007,0.13279884614000603
1.5033983017671506,0.09966424988124127,-0.22103401837143752
0.8773622905756714,0.5092508069512747,-0.03237909181915248
-0.22096417382966393,0.11707501986892277,0.19158811410057452
0.02688583899453078,3.3851490433437963,0.5773316537913602
0.20838280794755248,2.3282902321603984,-3.676565227876473
-2.0417348684242906,8.306081294506361,-0.41377171742833274
-0.24717738252059693,1.3524430756011812,-0.8327935258722144
-0.6819842479977986,1.7655893136540857,-0.5422967036107944
-1.0016200098949155,1.7707705807960288,-1.771284497596323
-0.2811002928859549,1.4020669623897108,-0.8133326008519423
1.7976865268495226,0.4234342855982478,0.6440429389280972
0.6408428612670098,-0.7149123985535463,2.8316686969525735
-0.5711789897827968,2.1045294669091983,-0.6008352475370392
0.5725827813561586,0.4088076459345187,-0.9102372500107783
1.3993554365860021,-1.6610515953179836,-1.6004914038369813
0.9246336829127688,-0.4637083088619086,-0.5824703513913194
0.05963036992017413,0.5285071690052048,-1.906003124032286
-0.6469367777055739,3.7973697368879735,-1.9497324100328361
0.6982233136135899,1.0540214889026682,0.2782442329134622
0.3934853854217496,-0.6607803911219109,-1.5183094677468931
0.8951932200277323,0.894564944513927,0.7180835303708163
0.6351718016819695,-1.0174595366087336,-0.038885402029509464
1.0495527153193351,1.4327853598027125,-1.5275266830058833
-0.535235211560568,1.2367252492375274,-0.7536746866172912
1.3173940656343257,0.17419615812251826,1.591859971208776
0.19759960469239965,2.1464950386878634,-0.7091071204383933
2.0752608726252655,-1.1616398910539418,-0.6531826993280834
-0.6891878180895679,0.5949787458281728,-0.3802121119791273
1.7359638031652493,-0.40736905922683475,-0.025801869982470735
0.1979107834626478,1.858821897979794,-1.7070704184054026
-0.6514180036144483,0.39891292408859225,-2.1635176809976384
-0.48388583405432156,-1.2097891820276898,1.3330381492558665
-0.32034730819432017,0.9264472767503829,-0.19873100439889801
0.4241659464019164,1.2060560915415803,-0.1866255110071499
0.5228354880354996,1.7930989295214286,-1.1926304914363213
-0.573700003938579,1.3116604031587076,-1.415392672825048
-0.02435459226098284,0.6132269805968702,-0.33793330224993495
2.1422703586118637,1.2712887615897008,-2.242758680051722
1.7275431701007113,-1.6920211966024945,1.0678754991963666
0.4363236696740321,0.2578876940707013,-1.2547695355630908
0.03800347816820029,1.1531334823445436,-1.5703149558923106
0.1200313267182613,1.3361113741307415,-1.1430996687040151
0.6135179727304166,0.0316360406948889,1.2891558986974618
-1.0227925651984056,2.815390926198297,-1.8014468021843766
-0.2573765374233451,-1.194795255097583,-1.930492198864763
-1.6685840738775894,4.646403070225525,0.3957080260386422
0.39922312260527926,1.124349717415466,0.21743026443207103
0.647195939702741,-0.45878235537923906,0.41182311866918353
-0.483186462299374,1.6802163970990347,-0.31288892461693696
1.5739867632900328,0.6540899074333765,2.2201393775187266
-1.2257656630023412,3.0642243240400657,0.33013784155413783
-1.4643748802098202,4.49530262374613,-1.7008044140146839
0.22445181855997204,-0.16377849475440753,1.6022807015940925
1.0470983026121545,0.1443433575048665,0.37995994882713624
1.6839276914578687,0.7958595618480222,0.23777834942834414
-0.45888426286894,1.7392805214154872,-2.7766691049319236
1.0786808334312956,-0.2464874652425702,-0.21301093893065817
-0.03850846950070721,1.26347593462083,-1.449098229093817
-0.17262729994081963,1.9030328878125926,-0.40733432631883204
0.8836599374866724,-1.636673671771156,-0.0800245012844909
0.6523228784134196,1.6799086001793002,-3.1028177053279498
-1.5763921569842494,4.5012167135178025,-1.0301087755532348
1.4765403497258958,0.6539165323057002,0.9477360678161699
1.3800913541474515,1.4488024950105052,-0.995108937117953
-0.6255627015095294,0.4976238208518118,0.6323571348085519
0.39580353343740904,-0.036302070188428126,0.3486898680296276
0.4940301862827388,0.321613668403334,0.30633888776638013
0.2606737658239071,-0.013221268553707755,-0.2720636597445036
-0.5503051538454201,3.468718583235182,-3.0043215798987544
-0.6716233679380516,1.1006402494365113,-1.6149595630487943
-0.025554070991445278,0.4703365958151414,0.6240107766136761
1.1727290192593647,0.5139101301937073,-0.08434455377652386
0.5436001545944323,-0.6214954854952339,-0.3570662627362975
-0.37061433208610595,1.0529435659793198,-0.877589144427745
0.7716987106483447,0.7796804719932234,-0.5558167008762155
-2.8485426206300755,16.929744929895513,0.2760207749251734
1.1487657003721035,0.22364097642235303,-0.3490279061876261
-1.7397137787780996,5.166380842975892,-1.6748569741896326
-0.36244094140313216,-0.07763794800365398,0.7367500218854405
-1.1196698946261439,3.385435856759179,-2.019573331158134
-1.2946814757209058,5.404766300119068,-0.09343284556644323
1.1608267873785194,0.33162873236485596,1.5695363372642133
-0.46770120131189136,1.8215844702399648,-1.1816734629548544
0.3465038817307158,1.3998788294093487,-0.4731292465617956
-0.04692057887918407,-0.22129172718621692,-1.21443477448212
0.47704082722312147,2.3231318488292763,-1.7933510197676081
0.07682189106025536,1.1283835739762222,0.09250434142111486
-1.2829922241885696,5.239274694201304,-1.822068798711483
0.99626681944714,-0.3637776272828621,0.11704917480431082
-0.4937565831613125,3.4565216061303445,-1.691311233505619
-1.556581898659751,5.517738373895648,0.003461479981836303
-0.4281151609659125,2.087402855344527,-0.3576652414061168
1.5007597906343109,0.4569851466838476,0.2544155664797215
0.8502217421134929,0.17879154849105505,1.4710309594755289
-0.3486521344078592,2.6176877832060645,-2.736781027554602
-0.3492577043184288,1.5583744415865612,-0.7766934758111357
-0.3216350512173826,-0.5876884230184409,-0.11312908747577621
2.076747983560841,-0.9918493130812606,-1.5729543989041361
0.38193545223155334,0.49669335596711234,0.859986877501917
0.43004164719106963,0.9604809865764536,1.9446883403259188
1.0302834540318422,0.30031729094760173,-0.04685971070360388
0.23878915902651351,2.0065517089897558,-0.8216152812902973
-0.2590421458207031,-0.6554134525098272,-0.1559990672622561
-0.19634984908497827,1.3605405171208713,-1.4391098118443184
-0.07160125941406395,-0.743752304604361,-2.122714771622989
-0.03722223650984159,1.7976359552248067,-1.8447119460147614
0.7276295436369798,0.388593974889184,-1.4472735223140711
0.05194588580729943,1.368990212422251,0.9707005882441766
0.7326400772155792,-0.38324456946658514,-0.207000423906549
-0.08071658010858232,2.3635285394906766,-1.9467322792813793
0.07863519031609059,1.9661017487126098,-0.4023085882040984
-1.9982006845321076,7.95931711300799,-1.898576858701094
0.9163276747024814,0.27046797627817987,-0.7897857026881346
0.3464884758979927,1.2870242539997294,-0.5896245038830947
0.9980101098596522,-0.33828035832047376,0.9550378712205738
-2.8962553781936893,18.96177298918585,1.1079143865643073
2.0883747047807275,1.7733692217054604,-0.8680140670007869
-0.13958962815517376,2.2204124156982323,-1.421683295284719
1.1081828167375165,-0.3994440952470232,0.30134020302596926
-1.0399059271255309,3.1903681915661015,-1.649712076215829
0.6127739050625697,-0.7512957899221376,-1.3374465450636561
-1.0534155631736561,3.43981860493638,-1.7517668408482223
-0.6237689606958051,2.316550901134466,-2.6428437581707227
1.9140313538667861,-1.7223317157036793,-1.1598069526169168
-0.19068240076334658,0.04829122821357612,-0.47940208756402203
0.21743287317972287,0.5214427153686494,2.432218235213395
0.8700677306887542,0.11806342719076468,-0.040969996430775674
0.49568188797260465,-0.6003215455083768,-1.6095566532543315
0.15041890514357642,1.2493262262874276,-0.7576632299513939
0.3649610024662254,0.9456973323037063,0.15072064794189188
2.403415585238275,-0.10386050502525243,1.6627687580908872
-0.05761879703358539,0.3035196060388371,-0.6201005350990174
0.2010990467149675,1.8665385504427774,-2.784773559927259
1.050654396007612,2.005115939244823,-0.5085622623290685
1.1055259329579838,-0.1525247505242276,-1.3998634642981758
1.1870303055603801,-0.30704086608628883,-0.4983938244056068
0.6387302220291846,1.0191700590255555,-0.683865620337136
-1.1430049127304835,2.7781487822336004,-1.8746201235205988
1.633431532301096,0.05586118705885751,0.6903937890367712
-1.146345393018688,3.886325172541702,-2.2423009595168404
0.30263546523903323,-1.170487697011212,-0.9442975014791437
-0.7542758500193579,3.4443736960823856,-1.8105763597536373
-0.06413834659299254,1.138920423544888,-0.37647190155330756
0.3287624103034804,0.30832087226397065,0.06596945891474913
0.32135721545027307,0.6359300106529879,0.2718217694988464
0.42192075423528475,0.6182153606183857,0.6891915227575319
1.613711269058647,-1.5320541512106485,-0.6482464688230438
0.45353430151397983,2.130316786644035,-0.9761551296175967
-0.24415663529064868,1.3178698989833726,-2.268215390928257
0.9640871682883573,0.8243332625107072,-0.23034692842061927
1.1894704889246406,1.2559321658260387,-0.14993960531684997
-1.2276078151369925,2.39189264649453,-0.8902321666407444
0.597400069849858,1.0237122635409144,-1.1222539741403996
0.7011727423108983,0.22836218764541227,-0.6736476313735766
-0.29756350335999193,2.193344659820328,-2.0533402692527862
1.3757068133116195,-1.8745664717962036,-0.8609672887544925
-0.15005558703252672,1.062804527199875,0.5720576388053474
0.12557645347154225,0.27916767499558803,-0.4323135669826375
-0.1730718242838696,1.621214448241394,-0.06457214548560497
0.015579047581467534,1.454585865405387,-0.6904236340598947
-1.0962750868952018,2.285370687247673,-1.6716001230641362
-1.4400508825942944,3.5087367182372695,-1.9838309179963236
1.5945050632249722,0.09234361169451916,0.7469572600388403
-0.8469613483183278,1.4359060432896984,-0.47066198420416805
-0.9913923494563072,3.5369679165302785,0.5150665274598545
-2.153390113603715,8.244804230095188,-1.8953389532575307
-0.6389617476895022,-1.0124753438523915,-0.004062453253265597
-1.3230897934074983,3.3801836066411726,-2.345374105009111
1.642015160136369,-0.8449542858020858,-1.2486743629119377
1.0098170893426341,-1.2669902102633608,-0.7771121000424352
-0.6881503451777238,0.7526046178411199,-0.09580552830716269
2.2524358053443088,0.21455127682122577,2.905915813574879
0.9817654869915943,1.7032899048046397,-1.2346132955748972
-0.32483138350862245,1.6969817691281897,-2.174680477078984
-2.499405714873573,11.568752848373013,0.2545422574263025
2.2909425725907417,0.5570752510038949,-2.198365543016867
-1.389572466763596,3.554043627812609,-1.8452895881520504
-1.6453987469568918,4.488475861662184,-1.0049979247146066
1.0225704320096403,-0.7946934226095093,0.4545693168349395
2.439752406339273,-1.6646463721436375,-0.20688434910875542
1.3842728185105182,-0.1394178097333919,-0.5202677935699067
0.5639091200523596,0.7270339876675167,-0.3677660390952346
0.594754341665286,0.4550744084385784,-0.8453956978284645
0.8534155587803077,0.009990633461898935,-1.1276130538431515
0.7589285897867651,-0.47757830258291123,0.1738390902231451
0.2811914239693758,1.363130010476628,-2.0015229018733116
0.10420110395187607,-0.4160878442714069,-0.5209720415119031
-0.06259312789952241,1.840621511510567,-2.17381371642297
-0.7539645888666763,1.1231926918572375,0.03710146639925793
-0.28067507686677406,0.5715880908744704,1.6706479046543676
-1.6929568141953855,3.968743625945871,-2.7985746691059896
-0.09833962679474989,0.601935297556879,-1.9991287971491247
-0.9885911071509175,3.662757939592028,-1.8247797959284011
-1.103589317215771,3.530596392025984,-1.7477633567130926
0.17989415115347845,1.8137807405070585,-0.935242800913292
1.3920022863445993,0.7707196294414934,-0.6911080737335684
0.918316606002313,-0.7044793579024567,-0.4745421369527263
-1.570500603623177,4.478265797331878,-0.6638642146157194
-0.9896281365703375,1.910034757603018,-0.2012549120112861
0.9407711879882159,1.7209016080324402,-3.0221438676422805
-0.9824873935383096,1.4743033962449548,-1.201532423142318
-0.2246331499970246,2.1455610752466328,-1.228104429684581
0.5500520990245519,1.4698736227499158,-1.7463666531179511
-0.9683444548636353,4.463201038034665,0.684565767105354
0.1053755061459599,0.4902999160323035,-0.7290012657078974
-1.3340254949182044,4.508616794405238,-1.0418298493246807
-0.6013676439512137,4.106264351553262,-0.8280568236210043
0.31978193414253697,0.10866572571884503,-0.5917645486070277
-1.5929937335316693,3.3834111951160786,-3.6618420210820877
0.440474737960399,-1.236279288797855,-1.1641059379703504
-0.019637798926681216,1.7325439177795612,-0.048621576356533636
0.5524899544171478,-1.3076351893826614,-1.1443274731617392
0.22391413406466143,0.42706471831982834,-0.9151219664239579
1.3641404299738442,0.6929134749737786,0.7291128024511017
0.12522450264790727,1.067474338761002,-0.7964623424115402
-0.429405541125253,1.961788822920067,-1.7978348256920116
0.12229750303228377,1.1071749291473263,-0.3494994197956815
0.5432980290363879,1.859695310823966,-0.4253541825091455
0.04886007032570433,-2.003322505439442e-06,2.381713431564409
0.04059169120388238,0.28322597818615747,0.8014565287724772
-0.7019916878067554,1.2451080256635072,0.5401580754760291
-0.6629009175509482,2.770604968133602,-2.308572843087251
-1.4026052717996935,4.966177227530266,-1.5549144084497322
1.7495767431869393,0.6250728293421295,-0.09597785032763989
-1.243863235391285,4.652482799930288,-0.7451518085653008
-0.6929051977959073,0.8214752256464786,-1.3571292154521708
-0.7184072655691974,3.7183877601478574,-1.843849767028857
0.8949243769444413,1.931877121676652,-0.86189261745294
-0.2949496782920278,2.0786807692201856,-1.027221165138863
1.2477420726737338,2.068951343525686,-0.8752410464225068
-0.6734906242438685,0.30444754065357515,0.26008453921667296
0.27899416222380197,0.23209618347592675,-0.5222845526745837
-0.8353470532597573,1.5703106196524876,-1.4379026211431554
2.1451491277733883,0.8385299040074491,-1.4893348616285964
-1.1875984190295128,2.229055747791271,0.27850053548856835
0.3098207102270275,1.4910736168890093,-0.8350689961545601
0.6337768809320985,1.9011202030735759,-1.458524469639483
0.41379909745149823,1.356336661466082,-1.6504041933594573
-0.1852876588777083,1.4873156300418324,2.090709604628085
-0.12982069973342616,0.15075086849592756,-1.077160234014591
0.0438114719791096,0.11028342099085509,-0.4294239851308029
-0.14700200162848862,2.4079751869231347,-1.2134871563580711
0.9638791167949097,1.1607594807338004,0.05524197182853274
2.2105230015913513,0.07062377052485183,0.9589641943289473
-0.5574917850078336,1.3283773937823848,1.1119212084128924
-1.3698029795790778,1.9087675542829272,-0.7343904899452034
-0.08828204835125482,0.021443740231772646,-1.0551890957295942
2.5797093376543185,1.9872151190134981,-1.5668490240652635
-0.8036745679697308,0.9532783024489928,-0.06660845580140828
1.6391168054440675,0.3836312613069418,2.0145364157058854
1.6777008140764407,1.1942469506448536,-1.972127156671701
-0.5535882417079946,0.4845608522234772,1.1113930029879235
0.5689830791852754,0.750811300582465,-0.052105362747769696
1.628396623128538,1.1341595125693904,0.3158547950696863
-0.3791277409874871,1.473508976546999,-0.9338339060354175
-0.20358036010236177,4.094186713450394,-2.2368878560735848
-0.5816809139486437,0.12044387339781792,0.7496322769971928
-1.0147567306928669,3.8174207404812335,-0.9519973226717021
-0.6492775450660071,1.7413556994736565,-0.11429162682762029
-1.2239402667622565,4.172480640505752,-1.3390623588106836
0.03408346825922607,1.407797981662777,-1.3695748404351216
-0.7699732310586418,1.426552242792535,-2.346199373753665
0.2337859117907477,1.0205276477257985,0.3920359334521253
-1.5558956462036273,2.8814279357992514,-1.4082840655006024
0.33088023221445706,1.3215386926059143,-1.6551568753521857
0.8335289616089246,0.7326716631150847,-0.7592128865015165
-1.9937356425714554,7.9815732581582886,-1.264942448587652
0.37405656984757213,1.7460563192678875,-2.573748138376262
1.2276689924732922,0.6605945488064261,-0.9955646301770837
-1.2096410186912054,3.500370450089578,-2.909598504232278
1.6725723868377034,-0.6933048929983442,-0.6786139798125401
0.4190190093660452,-0.054529070802199375,-0.7429140134577574
-0.7050118557584089,3.2106052994792673,-3.4763165399705898
-0.05576907765770601,2.493688894704352,0.3424641423392407
0.5583269125217224,0.334055110185419,1.2138253075474186
0.0760053914124115,0.9728139569777272,-1.1685666302209339
0.5387559924463692,-0.3211407282874926,0.2051107188427238
-0.9206735930793662,3.6837380452395623,-1.2709189231089268
0.169360824036078,1.5096210629351678,0.3249256688563027
-1.4137144969049802,6.052415546171824,-0.5839936513331822
-0.11122606134870032,0.239324458028071,1.0755000276635749
-0.9039076414647897,2.091225262380667,-1.9458772496816
-0.7355299425897666,2.31803339365285,-2.9060397459072416
1.2360931752104374,0.937006540456192,0.3621091213748985
1.091310120594269,0.12010866042427501,1.2895414825880755
0.609138120907177,-0.3291417167569105,2.517635839672761
-1.092312764672579,3.862568358142276,-2.7752633745352226
-0.3164084496948019,2.093325974561824,-0.7007791496338565
1.2130976999791834,-0.6189991176037322,-0.6267755324159672
0.14171691363990474,2.223309704102798,-0.7186173026198112
2.319329539981694,1.2685382054037115,-2.111355548713679
0.39331783939437187,0.8091107281983344,-1.5329793915541325
0.1920491164900316,0.9048641956866206,-1.1138474511646805
-0.3091164642025014,1.9162787823648715,-1.1683196807065253
0.1335409047822823,0.013288606645287526,-0.6405053491250478
-0.1524698363805439,1.1947388089401672,0.08429839010132001
0.7081086766885905,-1.659808609130829,-0.14853157803987527
0.9567023167945841,1.260613275133413,-0.03410418377721114
-0.7859894605079495,0.6330840919490048,1.4561527863114982
-1.331232953557778,5.289127941998922,0.19349680159776128
-1.8362053731032966,5.9425704288688515,-1.0172957984042843
0.5079913269125437,0.3900360084309599,1.3075847532708993
-1.1033666061738736,2.386563005531321,-2.2209239751721834
-2.152890592952483,8.321670754529993,-0.2000314360498594
0.3885786045309641,2.096551269495096,0.17138829997602145
2.4929995174327906,-2.4051470072478063,-1.411959586610162
-0.006070911539893324,2.2830547629597637,-3.041825316729489
0.8384907744516419,0.7703860449965407,-1.1627834215956518
0.08182935854756501,-0.2855924685619532,1.2678573098961905
-0.09888965319114267,0.028632083038260037,-0.16810197583487194
0.9190764829877686,2.075280277404376,-1.3052202069146173
-0.29027454418865134,0.39128756685402644,0.7026174293893198
0.26739231407190295,-0.38797776453620514,0.602410591461198
0.3216978061960136,1.8622317650909597,-0.9196194450798134
-0.6680904536430488,2.289062050832356,-1.7586019767333911
0.9920423495365228,-0.5671070005655627,-0.4979710304500574
-0.17495975669540864,1.4078232532972514,0.08812224915713818
-0.7557451594928447,1.1034448404771091,0.05777076250976959
0.5365098435704035,1.6856070867733917,-1.2910322225905648
-0.8984679817910373,3.5172088042458864,-0.6869044820966661
0.028181157369128247,1.5042184262598428,-0.990053215504797
-0.009118996644203544,1.3708217626131332,-1.586772865462979
1.085895565831578,2.098787432932831,-2.1631488428015886
0.4746982328799528,0.6217590766340658,-1.1352760314413044
-0.025026958745143917,-0.15653136331475648,-0.29249333204719324
0.8177662992002871,0.8908904594448348,0.9060110886833581
1.3902075490173134,2.3350706641983554,-2.386912990497062
0.5578103063518622,-0.4422982860734036,0.06988484320444285
0.010352619843380607,0.6282380173824038,-0.8167013567987844
-1.3118362323501596,4.1294313983476325,-1.6242538720654058
-1.0651136630753726,2.8472638720730905,-3.334344487928806
-0.30522470435466764,0.3746262964266882,-0.2713368208839473
-0.6095122021592831,2.961391715476516,-2.0398841829602383
-0.186971302985446,3.5256334096598616,-1.2252521176770264
0.056649924897107164,1.14105626514443,-0.30462875704735715
0.5296927543567308,-0.31528244596013844,-1.2635723219452049
-0.07049877805909122,-0.47591726681901725,0.9489898461992774
0.4865016438262019,0.872749313922123,-0.10427517611499576
0.06447441481012024,2.041437444924669,-1.158028926919319
-1.9754665663538713,7.685150551076955,-0.5221082261821404
-0.9393353938187543,2.55587676318435,-2.2311087953012616
-0.14408755572161547,0.5657135778739142,0.08989804865131279
-1.2096947428411076,2.2602975008597017,-1.053701324161093
0.5999287299962045,1.3836020776201496,-2.4939513947750096
1.5307508323436974,1.1301447677396403,-1.0572916073577106
1.2187618516973167,-1.2501338546476373,-1.0042532201528402
-0.213442870930208,2.8277717524807313,-1.563142309521123
1.490726136849952,0.7992802844455549,0.9297098125930763
0.14866745720211155,2.2614503162922617,-2.301868142368901
-0.33708597111803934,0.058731743533413816,-0.49675378033189493
-0.6134026635409398,0.4808802786481614,-0.6021887663554076
-0.30246968648812833,1.204227345889251,-1.3846786096337966
-0.38817681854122876,1.9770748700235001,-1.648255233732037
0.1704162223754877,2.639674560417826,-0.9822144002636113
0.1605739810498646,1.5577337287390582,-1.9658425122839334
0.0030460201534144695,0.7542773374472407,0.1935925362150227
0.43693816974634986,-0.3803578344430193,-1.7925702657096418
1.1906462747863413,1.5340252897719497,-1.4507417363725037
0.9495541354413237,-0.5777919297336248,-0.5211295636998485
-1.4848979684499035,6.04298352476629,1.906921882338037
-2.553921134901955,12.573036100029508,0.19186515812573096
0.9343199112392737,1.983435022194271,-3.5078585724889955
-1.366878698415421,4.602017719361891,-2.9034896665367587
-0.22476540189268354,1.1150334686693302,-0.4715969495965938
-1.1701130260593595,2.702960456414668,-1.1651491534747864
-1.8019804375800197,5.720732407847957,0.47017036991351696
0.541462728204788,1.0102131655567836,-0.25149349561550494
0.7591551603026468,0.5452181933367124,1.0441664372640793
-0.5765104007267194,1.1860053261987562,-1.1066495410775716
-2.59104229214491,13.178040952181261,1.1961814244150246
-0.5462444482524828,1.8053329339460107,-2.7780947103909144
0.3918040054025465,-1.4528975331193155,-1.8626705718800778
-1.4789115687741288,4.846334977633976,-2.458303122483162
0.18335991977915564,-0.147252744777558,-0.2930572179834911
-0.015309849172995557,-0.1379047579126933,-0.06267408298464457
0.5792914996010884,-1.1270491517691734,-0.5145422859415959
0.11958036841415326,-0.9065998032212232,-0.3680630783516178
-0.9730689408815555,1.2906050871598722,-1.588521645548884
1.1965715016644913,-0.40679232963042694,-0.29239401070891535
-0.15852957302697002,3.1250457145154167,-3.3526531433577826
-0.02730453950993186,0.5018010486015559,1.2647245584981506
-0.933267959073196,2.720555504620564,-2.0891100032773844
-0.4432822511915103,1.9582933530855442,-1.7734845961400794
-0.8848027140269009,2.553571604018223,-0.12323596063406694
-0.172946059923423,1.1113585185587813,-1.744750017156568
1.7117084801423434,-1.0147367127825215,-1.6497895392406456
-1.3719011429313563,5.393767024272279,-1.2299738066027162
-1.6135613978767411,6.827856637168665,0.0766466148992723
1.4711703274936085,-1.4530021396535555,-0.5262006147409501
-0.20932367715186612,0.20881538649751752,0.7283390946460473
-0.6690727386599166,1.672615729422449,1.5505809686604362
1.0399046873960764,-0.6110494226597756,-2.461410055299062
-0.6056155397368641,2.3383453178364326,-0.9752967500318076
1.8260097135469362,-0.5672172597613496,-0.7424980645492215
0.6779258713392691,2.672724939485487,-2.3534039194546628
-0.48791140814570266,2.8194591297189024,-2.436847050174611
2.1573082132655035,0.3282100004829035,-0.94587222500398
-0.6057149230033384,2.859548144636243,-0.14273723538027827
0.742095372009307,1.5820156554076534,-0.09286856806549804
0.2992925804064919,0.17739498736018577,0.016333236079715433
1.301741289398798,-0.5441595952994152,1.1789969255378305
1.5615111967268527,0.28796181705210366,-1.539409323580232
0.032004149065766624,1.8301386881879735,-2.4997050804179173
-0.7534178703461835,2.2633084261706733,-3.709443276717866
0.4599721429391164,-0.9456952507321782,-1.1626558186742424
-0.6777153697521061,1.1665488549484804,-0.38831548154358275
2.013387247526623,0.05956272605631678,0.10405894918603129
0.13653533108273744,0.7967098934184097,-0.11254248384381052
-0.3653215513121087,3.4135194585875897,-3.217406713975497
0.1846803058649084,-0.5546179169059167,0.6251374808646711
-1.3471262895296965,4.351945560869254,-0.9175110211613295
-0.9716140385106515,4.131318749559551,-0.6292371773643662
1.2004139079444254,2.5725193164545774,-3.6144656415313063
-0.6568942789713957,1.524395307349517,-0.5687373174538659
-1.0469109826819396,3.340266856856561,-3.0142826721859586
0.5366527525272862,1.154462480407957,-0.9368243142108017
1.185704154662997,0.50101269423587,0.4362009703857853
0.7189533106650667,0.38841679984158645,0.035836891466163256
0.9960476858058164,0.8053116828809805,-1.11918775158504
-0.7567950885694608,-0.4008118807394623,-0.09322506954675899
-1.4218106667418438,4.826687662600984,-2.203064238574221
1.5013336519554867,0.3490106841805267,1.1072780386748187
-0.32267983884213575,1.158348297397783,-0.7481586315298414
-0.25083301645504735,3.331957672334985,-0.7099252388939326
1.328194141849058,-0.40997871756643656,-0.6301128631930638
0.5562300094006599,0.17029059193908075,-0.5295620424852533
0.45588777208160763,2.6254382749024945,-2.510889636705262
2.165002344901084,-0.7173116393295085,0.5932330951473511
-0.643518230380143,1.3530496040582793,-1.4279862579339264
0.9278401280812372,0.24838139338890855,0.6262493056886093
0.0570131248970845,1.7853161538774844,-1.509933116685368
0.26859227886325693,0.9722573838812325,-2.3650771108915953
1.5284684264125317,-1.0757577854319753,-1.1505092479641887
0.5078357562896237,0.06962804182562199,-1.1780559182659605
0.538296079049633,-0.023612377441444066,0.032442648373316584
1.0725073373098022,0.26492851144453194,-1.212137435959677
-0.3649527295428853,1.866289574632787,-0.2761436489825916
-0.8392096673390064,2.7327427554331103,-1.88094120644203
-1.0448091940210336,1.0668442839208716,-0.6427614841610199
-1.9663565893760018,8.208539292621362,-0.35465038907415236
2.056207129940322,0.3805071501656988,0.9112288555615968
-1.1032083657216831,4.398352013240471,-1.1315843590244792
-0.221253623585772,1.6918381486161977,-1.810833970319083
-0.27681329988892067,2.420243063252332,-3.4109079532175706
0.30740669780910074,1.2018967857009286,-1.267135753298255
0.8157372125392968,1.788538884555356,-1.747693352327877
0.8604734883597454,0.9452124034423919,-0.26121060910788696
-0.5830774385689385,1.6936280739949243,-1.386474953409147
-0.1671217137864115,3.454332830295236,-1.1049371010789248
0.28257995048829965,1.6428734922439807,-1.6061376495145174
-0.24869112618354708,1.8560903098293875,-1.2498523721603634
1.6073455760199926,-1.075885511162855,0.6036731276172896
0.49097495163825133,-0.6762782133202704,0.08734067597999157
0.7348777860498175,0.7722795469541754,-0.30583764728941437
0.6628812686674127,0.6608854880198972,-0.7799911510533342
1.173473857485325,-0.3048319237261962,-0.6946923271510764
0.18102155870370695,0.9754000691571009,-1.2421765355516672
-1.2968319479558466,5.246317466971373,-0.801355902306878
0.3996879517526416,1.3659317254207761,0.025117007438078875
-0.651356893791829,0.7771332689272052,-0.4708501173302676
-0.5286166817497568,1.585074942170316,-2.28785668130891
0.5863640187550933,-0.24862000385916427,1.724913622344723
1.2382830714336357,-0.09781841966514199,0.3102818820512994
0.02127157673606165,0.5653374019568811,-1.5346643985506279
0.3088330125989638,0.2566577965977445,-0.4618542332514339
1.702214944635238,-1.0728560340220448,-0.46660430956771065
0.24075317948856828,0.6583809306411337,1.5279590792713291
2.601683114180395,-0.4864589644008759,-1.2487397959039317
0.5655096456315442,-2.3613781317106497,-0.8600435842453309
-1.7607627591558177,7.869844600016917,0.7089275662494512
0.7533416211045325,1.5595603713051804,-1.5424033448125885
0.38115838488277776,0.3067689682135096,-0.30897795395621225
1.2897527540827456,0.2941579008220289,-1.0646623502591948
0.6731813512699584,-0.6615711075084535,-0.44806489005719674
-0.13845598398377382,2.8442220059122127,-1.86013830767333
-1.2242982362893657,5.299066695374771,0.44600558122079237
-0.20902325728602528,1.389167390435939,0.3379164553723637
-0.8505204542093001,3.36439549209177,-2.5685460868816765
-0.5805234498047227,1.9622603558814953,-3.255413607272174
0.5885784044206096,-0.7816095645289634,-0.35131830116507456
1.6699045043514062,-0.22355832569090223,0.2574116480036743
0.3946715298229811,0.8058293261691151,-0.018578561503102803
-1.1958830620351844,2.8519285866404163,-2.1521170657612
0.4446026682201407,0.4224256690384351,0.057749054078026635
1.196631486645651,0.21081094185612087,1.5037915428415676
-0.6097829043193822,1.7591533945761468,-0.7213107474066371
-0.1340171666729177,1.1956709385611581,-0.9489476275633826
0.014688194729197093,-0.07518591580592549,-0.5067893176400124
-0.78489831308224,1.4751678638356118,-1.003265673016992
0.648280433843859,-0.761640024426084,1.3216287366914994
-0.12094814860778157,2.1063819427977113,-1.5936827260162538
0.41953244390702776,-1.4482928439520253,-0.9726980694973215
-0.8874921778021001,3.5826207734901714,-2.222623183584361
-0.43745830032341043,2.9351151115210143,-0.7432806373442895
0.7223813578277714,0.1834139167407316,1.9521927966604369
-0.372833152091767,-1.1512950050186015,-0.2013357411491405
1.7269638512334051,-0.18348707220563573,0.05676976019964748
-0.39963618561460235,1.4270978877846208,-0.7511441416074519
0.22468472575188592,-0.21183020987949086,-2.4173068363486636
0.9325908318730899,-0.12168558270487878,0.731653479072742
-1.4183657329330317,5.660560001189046,0.19301798504892062
-1.7608088119807759,6.482067627400008,0.6854545893523603
-1.5256563145700948,3.673596304497673,-2.4054568406725703
1.262584103427182,-1.3146771881901969,-1.1990711356882957
-0.5518581458924467,1.4094593312942092,-1.1823398873158741
2.5581992856682523,-0.13601270974474916,1.0055636939385963
-0.5642475986573886,2.2543236571048166,-1.9036958865792875
0.18455130319703697,0.2961605687946972,2.0538233253087563
1.5421099525678756,0.7254288196995277,0.2146989205232963
2.006092888159123,2.0696672475032103,-2.6558080575365217
2.061503576636398,0.9427634995258697,-0.4949477795855719
1.2083662305931424,0.250596355882735,-0.670458767077061
1.0240625258114624,0.17598251449274005,-2.201066943238022
0.5925269492011831,0.1962551619962255,1.59003939863199
0.7783610761666377,1.639798832286751,-0.28708644409340633
-0.5511857163285334,1.107995937212888,0.03355615510983362
-0.8181988834223072,2.311636792199813,-1.4003523330075622
-0.0033744574109520514,1.0545780591829896,-1.8370599863366572
-0.17018462252492844,0.6837395126853779,-0.6747920277906329
-0.4532280493272752,0.20091740664444369,0.8316602587816504
0.6963874474567153,0.8213569921689163,-1.329755617612527
0.9553052085705107,0.3236907426542802,-2.567647073569
0.08840688629184736,1.4156288114073283,-1.0042258976783405
1.4775300810552618,-0.3053996764924485,-0.2034178634870602
-1.141689114133505,4.35287559565119,-1.0206672919189788
-0.19365945927971812,0.3369091229118564,0.6890039365136061
-0.7168223206028049,3.7599555260673387,-1.0058393318089145
-1.86653661707306,4.718227303225591,-0.5252425842005106
-0.08268068584269925,1.5209649803099983,0.31857062423661
-0.12174750838328353,1.604899566876312,-2.4759566413291383
1.513449743242131,-0.5754078597005143,0.3143639803096232
0.6308116845547775,0.9565536177257843,0.24958014071882373
-1.024186824329205,4.0643486533455135,-2.659288242030968
1.8540925663341883,-2.060223861577841,-3.081495131471041
1.221033695525353,0.7976699539886154,-1.0084672170447875
0.5820977034686158,-1.9345457234940675,-2.1188821619358658
-0.22648409884983192,0.288517863205215,0.7264084451908857
-0.9594392367234797,4.239398705406703,-1.8790780938822023
-0.372206776071053,0.8691509351035351,-1.1683464397531016
1.088748619704186,-0.8372424726474904,-0.9848707755225222
1.884586305934609,-0.046045845780396,1.115267466890693
1.543243528272189,2.2815932149043583,-1.5315813999547672
-0.4888494217862741,-0.20124305469072756,-0.20954510790259667
-1.1196174332890112,2.01237200471472,-1.441647890128529
0.14088624691120394,2.366019793838323,-0.3103883478642602
-1.7684393655628516,7.719400594737392,-1.294787475060767
0.32316771418478146,0.6204212195742593,1.1596867768387242
-0.14760258629866868,-0.08000052092231114,0.20328992676678986
-0.46603650186824225,3.689508671852027,-1.8455716902462316
-1.5947030672667954,6.521308298888345,2.7509249591060585
0.5136001065697166,1.2772846052721976,-1.7044563100430576
-0.5327008396619114,0.8911247054859591,-0.6815699216959639
-1.169916835710288,3.172695354103046,-3.0852555468519487
-2.8722622132816493,17.516601979344028,0.7715521449984485
-0.027514905050636255,1.3587482404645295,0.9653325377557801
1.772251596669744,1.620951337210003,0.6976389694133874
1.66125921454787,1.0693167461500157,0.7567338961039334
-0.45709625658627184,0.5021048353884179,-0.29625623507903376
-0.6022120603617805,3.202650348477709,-2.215408408009502
0.46877425607502377,0.9389009707379516,-2.0346344013800355
-0.9983854391882915,3.400962334114041,0.22569748295264347
0.30179189981946597,2.2060327965627953,-1.0199537515304051
0.7660802783846903,-0.6467487373016074,-0.7267756709467998
1.2269332238843076,0.2573647707993802,1.3079067737654868
-0.10015407647995278,0.5738866606800461,-1.104680701683511
-0.20367375017696587,-0.34196128620895205,0.3314757504448461
-0.877982586756561,2.752750805856332,-1.9693923769771327
-0.82688035403986,4.797732097217608,-0.06280037015188611
-0.22647889190152676,-0.5859016082246389,-0.2600880619270172
0.3673655068161781,0.6602758536197388,-1.6286300349023377
0.9135846262332494,1.0416268432547,-0.36885868538442323
-0.8031789506803448,2.355705272278036,-0.5467835338873055
1.4926885689595217,0.11163948691039147,-0.029875199665622826
-0.2711236010425688,0.012220791921287777,0.7756513015902429
-0.021367294348436157,1.2543839525582425,-1.6735776118591807
-0.7472116791478234,1.354341386217948,-0.7460169906183499
-2.4242402602729416,9.103724222629552,-2.207743713124704
0.8840453963610497,1.6077005603509216,-0.21267600638312567
0.7368438970924334,1.4370079347433888,-0.765788925837906
-0.2813275571182134,1.3765484860525492,-0.050385511009352624
0.06699071722487192,1.164278570789527,0.5396756099749975
0.5159392177040995,1.6712576876512055,-0.32850712856493525
-1.5625458568865427,4.99529161473209,-0.22672164208254109
-0.5290526773462948,2.6013411884042275,-2.7338281737799646
0.7942646796218271,0.15443121304720725,-0.006995104346390031
-1.2542894231692494,4.817330409619862,-1.214288008708253
0.2935579321666293,1.066391752972984,-0.8088546742755507
-1.356581804623405,4.076950031235538,-1.7836517308931639
0.46642998243352635,-0.6428235637737462,-1.2121825159750075
-0.03564148229748357,1.3232401079355374,-2.6482823945054204
-1.6151318159055095,4.196595805256514,-1.9720902639438087
1.1647393544571714,-0.3262787526479563,0.12417335017348963
-0.7345915767980492,1.2692547788713557,-1.989693581990216
-0.810252437014381,1.1822405815873793,-0.5480667132963787
0.20056919723094285,2.9430362694206846,0.056753137911664364
1.1486373494287152,1.6484075907439129,0.0246384269806319
-1.015821818978397,4.681999528802416,0.8218740325472196
0.06167984984797165,-0.2827111809430648,0.3371945953982549
0.42881650033057295,0.722533177687315,0.9531246822550208
0.6931056072631441,-0.7934868381236044,-1.0630724562777838
0.1764415552772252,0.14255289168497975,-0.6473814324537325
-0.3670278390833223,0.525311119132873,-2.848048626820914
-0.8275902206487197,3.527383007906953,-0.5786643087198264
0.08614388304637476,0.5212325363627814,1.433255031355341
-1.072139011985607,3.9900015395952284,-2.0334950858291196
-2.9213504834946074,19.170464967484968,0.3115386226825617
0.4365598041576678,2.949894600048681,-2.5984112263150596
0.9039348410861953,-1.074471207071047,-0.1963420154536477
-2.3629324355418384,11.881287555964876,1.3472201793782501
-1.0097307047099375,3.8913026075424018,-3.297851080271419
0.6191542610051978,-0.4349792474012458,0.29433012308556045
2.0574954697116987,1.1349069187683463,-0.7992896043550868
0.020793707675407894,1.3155659537896842,-0.5704757122681817
-0.7280029412291344,1.8434644250033114,-0.7222550852033186
-0.18289644110484016,0.37675457253424993,-0.23967749302963667
1.3748764191481848,-0.4662386075810259,-0.23390717042009584
-0.6459641791245353,3.957637724190122,-1.719449417831778
-0.7991920066502536,2.2244262514603346,-0.532496644394278
-0.4827435221820324,2.4026442272869506,-1.207220437109113
-0.9533286082587124,1.803431432438507,-0.9237332991946705
0.12267031599479553,0.10470229198638448,-1.2712065652129187
1.6246784584695606,1.27895980991588,-1.0289219562492238
0.3230792731160291,-0.6256597465722283,0.6774686449407217
-0.2523535021262876,0.8718371642128308,-0.27622677490515674
-0.2918112689155441,1.3728777221943462,-0.07749864440841747
-1.563190808696657,4.885402586378025,1.1553875209532847
0.883109777147159,0.2344017477916828,1.0229112100230087
-0.07783719701280203,1.4767664440943467,-0.7417721326586182
-0.18047991359062565,1.8906478177149633,-1.735213022242013
3.193107567844861,0.7756816706083127,-2.8015640932165713
0.29875290836568624,-0.24406114346684715,-0.2102981177786759
-0.7517910500951843,1.8366399693135333,-1.5009942612155256
-0.4263575962055433,2.7264312578973415,-1.3972470448701557
1.1484457091967548,1.211776485238478,-0.7437586529508377
0.11327041053776446,-0.47995027606387997,-0.4576549475822979
-1.4382779783173667,4.564913841984009,-2.7222687616015864
0.9192289345752035,-1.5793988055380062,-2.030741993589529
-0.668144085538994,1.9975486889171539,-0.8422139035539016
1.8732977762175456,2.0513832503667997,0.351092209595679
1.0800480657146485,-0.6083135141333991,-0.3077953570252296
-0.4473218956587512,0.7297946554667972,0.10895440506445664
1.281016361735113,1.0417846391093388,0.5079143683999803
0.0678555105274033,-0.6084060410764925,-1.0212215599232555
0.8527736751222195,-0.20652396550892194,0.3351839642245155
0.48473281729447476,1.212302859967075,-1.3308116237735461
-0.8463566549908735,1.6968523729071852,-0.17955488415274368
-0.643549832317462,1.6672550444316516,-0.8649235077127274
1.0299608175811612,1.1012066595544925,-0.19545582384093002
-0.33477533210654087,1.8191724317158402,-1.9414843099504964
-0.4036484632419967,1.7640959026469358,-0.4006390514316943
-0.955122579349353,2.259866866522936,0.5557362508393022
0.42359906559346105,1.0247474308343576,-1.4386500788934664
2.062524919243145,0.0033998847455109366,-0.33959480746102394
-1.0675329142542729,3.366001483649571,-1.5884185602112333
0.02421945667275807,0.4791394557342476,0.6974704702064983
1.4122205554154292,0.061032776558014784,-0.5583612198065384
-0.07964139124571515,0.09294086854423489,-2.8327099219698715
0.4523717962497339,0.6011100096019929,1.2135061673284078
-1.0623935281468797,2.0822870104212483,-0.6300938180969023
0.4283070972076486,-0.4624351740960637,-1.8713699183908268
-0.18714426500454878,1.4644623752776718,-1.4308285535041374
0.985729995679863,0.5859064932494629,1.4302639843425877
1.1873860515647512,1.087891257948965,0.9650920644345204
2.589563642018614,-0.3560727867532593,0.8579500128142002
0.5796331732135757,0.9681566367957873,-0.5620384481558464
0.32579631658216646,1.272749794426724,-0.5617042537311985
0.19438430157733602,1.268115239882657,-0.7714078869056783
-0.35316629281068834,0.5979141700488333,0.9842046020752642
0.33848384346169114,0.8622137787601618,-1.1828895972079916
-0.29540141013902943,1.7078059075028347,-1.860534852238736
0.1684609762696143,0.8521427033400574,0.7103586541716862
1.3175975356079597,-1.8186998018061922,-1.3849313276623756
-1.0065425652796411,2.896614294074694,-0.45684395938944755
1.1398785611290454,2.5323889020328103,-2.3726850136611546
1.3171150673398653,-0.092132186702307,-0.0636367650097478
-0.11806852699107874,0.39724412574730683,-0.9806160496980479
-2.1218548990085946,8.719953807196696,-1.4009820323877833
-0.6078219870944325,2.1488054880065968,-2.923034688784372
1.2969945465611092,1.4660872721548561,-1.3124335359714145
-0.022868062298882122,-0.23473661489063535,-1.4754842075528165
-0.9993022322949108,3.447766013345138,-1.101223006476626
-0.5047749212282174,2.247034671415178,-0.8030041292535441
0.840620026504553,0.28929639748642244,-1.7574571885129786
0.5467335682013793,0.9175247767681314,0.9865131692913123
-0.23893209916969432,2.2993497885126555,0.9402289888401996
-0.36682441181468756,2.3154598777718776,-1.5223954553057804
-0.3917581490438219,0.3365605182566571,-0.6805309250092222
-0.9224101844985025,3.3355037235712306,0.9966826348552407
1.6153756894694418,0.13412735831205969,-1.3212661648677368
-0.3223204692113399,1.4532011554236615,-0.7924860986534185
1.2171585208254965,0.36926724127113764,0.1305083031622959
1.5213160519224513,0.06818125127529903,1.3462274375349588
0.9983108981479604,1.560208849211509,-0.5546285127781159
-0.4316203127180484,1.4560324206739224,-1.3139070065892433
0.40373009033660945,-0.45172177919266876,-1.074330602840801
-0.024195606390916165,0.6309608392501298,-0.5033051635894181
-0.9037018607301281,2.6474198098724875,-2.7633046363202873
0.324359281721603,1.952205222758855,-1.2314055018493735
-1.1790397911598025,3.854345508747666,-2.145475889046689
1.1876793884615637,-0.5456072155187542,-1.6668813284251986
-0.4646172972983931,4.076594954004318,-0.15427200443666145
0.2011596558728393,1.0825571684324113,-0.975911989565031
0.28328787154614216,2.028693640171459,-2.6137400091627416
-0.25890497370407733,1.1437962578190737,-0.698531828602297
0.5866938014752747,1.0895222784941616,-0.41570068745237654
-0.47490365662252443,2.4473277879479647,-3.3998151080607344
0.8712972974572442,1.63660310861363,-0.655540073598748
-1.3459796802467485,4.899316884011614,-1.644047644418412
0.12637957954641182,1.7534772673965189,0.6133026672074464
1.9389289990582848,-0.17122879190412862,0.5007384515228971
-1.0003313246055747,2.1474365693751634,-1.8433021652289232
-0.6777449705248515,2.3020391050577884,-2.304238245721551
0.513907849658915,1.5312815839143556,-0.9917568032726678
0.17958178193959795,0.6128989087796075,0.4609547763057962
0.3506300992735592,1.7694161718397332,-1.1381404569630418
0.4891871301476635,2.065741327650737,-1.5940101004853715
0.6347214685617699,-0.3862378065040778,-0.03479642702541612
1.1096998419562232,-0.5072628081007571,-0.7554689813342792
0.40981865692851255,0.5233955505185677,-0.4512486118523769
-0.24125765461854246,1.5804616166617216,-3.0194761753674206
0.6725737012027313,-0.014173727652692203,0.9729168476960184
1.8998819348952156,1.5017889579669674,-0.5599101121893875
-0.13263374638257355,1.5658985832577845,-1.6932497878611348
-0.9745293046706415,2.689366660842188,0.12507777812652265
1.1070806692869728,-1.1053870654971771,-0.5210201848327238
-0.12038116395359824,-0.18788912177537553,-1.0631815893372596
-2.172669546014036,9.062705168912368,-0.7140593542391516
0.8474216771504216,-1.70407725862551,-0.8237775079053944
-0.5353281859539227,2.7206461043897283,-1.3909370160829704
-0.09053328230416077,0.9366040987298396,-0.787478008744662
0.33198033056901455,3.9605944051553506,-1.052800480548209
0.1904996797790664,3.1344622730224634,-2.1166736166356004
0.7094518171390395,0.3104647130203215,0.5235365252419413
-0.43548637056984335,1.4393776637484184,-2.7044636015142074
0.5131057981760827,1.5942149679297448,-1.3806733614718314
-0.2595466775839172,2.99951490234365,-0.12849767837672244
0.738810480887503,-1.1603472681122207,-1.4277797226830296
0.6153674840130534,-1.2459332104303806,-1.3489372596788882
-0.9354387020445953,1.9262963650900995,-1.7041985793898817
1.0859821161750323,0.9203076731676941,-1.5642580634507204
-0.535963445114048,2.205967658132196,-3.6971630894661214
0.8080577982811451,1.5154943648862367,-1.102337645563138
0.36728731340134063,-0.5070869082238858,-0.015656168867988235
1.8381836767951225,-2.1570377109551733,-1.7196217331357966
-0.22346598237185214,2.108417299107299,-1.5569182751502995
-0.3493167961181975,0.5899020942822111,-0.09689961374379387
-0.01941960588773261,-0.9988784714150518,0.5128750246810877
-0.30317978283427544,1.4992216428632872,-1.046712191245281
0.7999419019420501,1.2425307582344385,-1.1914448443526076
-1.616310608436588,4.912424703752943,-0.8646395885862539
-1.053682419146354,2.41034520005158,-1.0514569610008513
-1.067802921579193,2.7496189817851207,-0.38368096688853615
0.9503075919735757,0.016039320912505428,-0.6274707217624574
1.7106133725819253,-1.1672922234249998,-0.56852422519992
-0.1044492185374715,0.3954183429926367,0.2807696979926382
-0.16882172319001063,1.7051889615928748,-2.0448404630258024
0.07005216311318138,1.254023725986586,-0.6073055515377972
1.1618783026081905,0.4809577175850411,-1.555360555895672
-0.9273531341905741,1.5326610605077242,-2.657153948554068
0.23836898273478513,0.6064087494231916,0.21831183013112965
0.9751976297824297,-1.7999472299568509,-1.7051968424538602
0.5010941699398452,0.7843440389218224,-0.05140966333135155
0.1895816165987434,2.2561629001195787,-1.544173859344453
1.0010460925671412,-1.106637325602834,-1.5856204116474537
-2.703232292999237,14.341977517676668,-0.7368024361127921
0.6778753195309076,0.8368013146172073,-1.5222831677456443
-0.6540756831274238,3.1762065322235973,-0.4615868065352342
-1.830632896856457,5.7896086982756225,-1.2239788110731942
0.5112025995249807,-0.09247647209343024,-0.20469270346477153
1.3736585451629577,-1.715744146118228,-2.2762868346257057
-0.13744851462769186,1.2507807623968674,-0.05437388239287755
0.9528745472029388,2.427706954565824,-1.9729472928779668
1.6122782579886454,0.4767911988467737,-0.6066369659186374
1.3149144535840473,0.24621831205405267,0.8352780871207496
1.639964529371393,0.5160692337739456,-0.07533042090633485
0.7421274910718922,0.4650079349724242,0.4334446422332896
0.0754336389015928,0.11432689561713827,-0.9821541031792663
-1.6019658118971685,5.786058646703873,-1.2746457940274798
-0.24606248812994858,1.5047410151931895,-0.7543083425436596
-0.8432465953161917,2.341512755809432,-1.9050136569083904
2.1709427174978138,-0.8612959968849199,0.23388388731726373
-0.1758858124323366,2.495809836757607,-1.7612191588094817
0.12320480678448567,1.54878532324088,-0.6983986653375343
0.5514853760404675,0.02317262174756962,-1.6224930429932014
0.043602446372453724,1.9591593273049481,0.6030760945784883
1.695051040430753,-0.3139809801020793,-0.22895331715672204
-0.622649361734452,1.0818560519390523,0.21993337768753324
0.1946074552372427,0.06345460341553089,-0.8349365357517143
-0.7424705856980482,0.33005155156242094,0.2704026955673391
-1.3200225112207058,4.215048027612393,-2.589909667150639
-0.6117690909052854,0.0125452925748335,0.4526162150482601
-0.03703679704841202,-0.19071262568474223,-0.3836859245758739
-0.42930222451725997,-0.5394027719897334,-0.1401310358479836
-0.692420979873856,1.9124784330767297,-0.5459041369760581
-1.4063174636718339,3.930579177941982,-2.758682729992252
-0.08310557262869477,0.7599603104920716,-0.9223432288628829
-1.5047203740310022,3.4603166333695348,-1.3334360557313356
0.7600559636896026,-0.704593498033153,1.8242387984307842
0.08243975293450329,1.3852367792615579,-0.8866681611834543
-1.4575514994649306,3.7448773493465115,-1.0615818559262726
-0.30920907704986345,1.6787054977938576,-1.1341621083335365
-0.7521564055905832,1.2363213668145603,1.3304630892205629
0.31917451041918043,0.9078114557880681,-2.087373692990097
1.3404504460231446,1.5650057851167671,-0.8243213928674857
-1.8751724696457446,7.108109661075541,-1.647820691095823
0.11502607914741717,0.4789290799243976,-2.5954206152520065
-0.1601327955666404,1.4308656887365019,-0.4940194966950921
0.6713400764504657,0.2703581339009499,0.11660005524207664
0.21319662823768915,0.8158774312158886,-0.5596343358011242
-0.7519693317388191,1.7955621476302706,-1.2432061719423653
-0.31905393566661816,1.2114903230865628,2.5087004436004827
-0.796025856803489,2.4288072148584208,-1.900362302316441
1.0760071385985983,-0.6524045053880694,0.2715925885034848
0.02131164867194222,-0.036964987162037666,-0.6518979053842032
1.9011906857530074,-1.2391519178504984,-0.4430863842042931
-0.060660813814620775,-0.5377326498097654,-0.4066128122745961
-0.7084067669104628,0.8134705244119587,-0.6836803935421444
-1.5137143926128271,4.70303862224171,1.0190975638614952
-1.803139676255945,5.17588373205467,0.8522799427969694
-1.5841359430054898,5.388691677801507,-0.0011507849122987246
0.2671266510114834,0.8002898530895911,-2.56848869860387
0.5087250232299338,-1.3672425284322542,-1.229611181561041
-1.5811907020321334,5.515715644184442,2.663721891240126
0.8950383140761154,1.2193905891098304,-0.8272955944054217
-0.4830610516834395,0.6271661936975734,0.9437830930310567
0.14679301198554937,1.2836642303123598,0.7873121419293454
1.6122206282554243,-0.6570540069404961,-0.022639354205804985
0.8968393158655319,0.5055271077033379,-0.941942714761048
-0.2685306479058323,0.04354265818068792,-2.4340853988807587
-0.8911922254152874,0.6449281535514624,0.5150382034406394
-2.151815401329305,8.217640325957046,-1.8335171867590687
-0.7191533192424201,1.9289655514731114,-1.0824666384600514
-0.21113023882769444,0.8373935054580592,-1.539413628183938
-0.987179527151184,1.4996240547862347,-1.1218862658727997
-0.13125696709230472,0.7403616910273876,-0.19171502641099342
0.07685188295876821,1.195321756409744,-0.3066771893162965
-0.22485598180807856,1.2072493418027785,-1.7006538018394228
-0.6500025808234597,2.098046803292198,-0.20666062865399026
0.16865467196672768,0.17468538589074134,-0.6034172813114859
0.44194064956940904,1.8145056987713741,-2.8290420622265655
-1.090399077442846,1.7992879385766127,-1.249495742393149
1.41093237974627,0.7314760520755649,-0.18552237349105555
-0.09858813228426173,2.2855027568853172,-1.386818778343521
0.018849622944847662,1.4622350129491593,0.5409836481934909
0.7082144232565571,0.2899986230586003,-0.2638092540729884
0.23321613126350166,0.26368533620909407,-0.1410858998914813
0.9531366339132451,1.4216175099738122,-1.8859448239601722
0.2871241652018242,-0.6725563780798083,0.5685855088286891
-0.6124373746404379,0.8747984304780674,-0.13174225037212825
0.36150352520610163,0.29907037482167476,-0.4495746578959728
-1.1437262073206618,4.376094843854096,-3.0381443718756915
0.10855970577652314,1.2768929656943624,0.7959518725804571
-0.0332299906444608,0.0657425150229467,-1.2265584962924878
-0.2081168572725397,0.9210493487836908,-0.9412849046086845
-0.12853751143893075,0.5228409330557089,0.2505518890055041
-1.881849045497639,5.85584480864083,-1.032663876309012
-0.5487249077409615,2.7099339273330623,-3.2750648511753364
0.09284490114111471,-0.4604082929350001,-2.251363850118439
0.15985639199740037,2.4610470281554573,-0.9404499359759751
-1.0276751409259581,3.622791005536054,-2.2659460779161495
1.2657078408647007,1.3729012569265122,2.190218001805251
-0.8661748482145009,1.9148584853263069,-2.2403666048376456
0.9694572005267368,0.22934814095265868,-0.9362343191414066
0.42719436187168486,-0.7808150640109203,-0.8948657445828653
-0.646227309843803,1.383665294919827,-0.5039802119890149
1.775310892609512,0.663085614180533,-0.6494960056679782
-1.19363683175648,4.59512059522668,-0.29939504792872085
0.9191541736100015,-0.7083005552011699,-1.2551694630682049
1.0005823180429783,0.002159343710747774,-1.3814860884880154
-0.6706202090766449,1.804150512063088,-2.943198372692189
1.3924653000643288,-1.1473271866439243,-2.8716922712954167
-0.2500465145989528,1.8754343857625295,-1.7285075246296318
0.28869362927985703,0.025251384224688644,-0.3000373391495233
0.2603218387712207,0.5754131202601726,-0.7641087443792903
-0.1343087414705478,0.6917965150137713,1.0475054556362717
0.8108082731597821,-0.34483986105660613,1.1517683143945703
0.793488720552213,0.44521923083926457,-0.410271698658386
-1.7485319732381808,5.530551384551974,-1.8224428740489373
1.3043402428781525,-0.10050638019092134,-0.5767895911125226
-1.6624919880356743,4.543971706211792,-1.5642061625090782
1.0325462043416573,0.6756237749635201,-0.8436009828049723
1.1267051368275833,1.9777166306663982,-1.999348013773698
-1.0909664302151982,3.1170371231489487,-2.5088473694217415
-0.4108142879545848,2.504163483290748,-2.0724832179285566
-1.1057046684859357,1.6311308457738876,-1.61751961340943
-0.21492103028873533,1.397525428589741,-0.5517814964294268
-0.30803428418574125,0.26337932129122343,0.33896705453123843
0.7796605322693398,-1.0183632757623362,-1.438121950402059
1.3103087461196083,-0.4696346441108881,1.139039420618794
1.395683810789956,1.4395629578062374,-1.7797565265371742
-0.5621680265783021,2.7044879508285917,-3.397301578501905
-0.20922187374452778,1.4757231981090222,-0.4531622636318816
-1.6834381922209503,3.851334973973299,-2.4007772089208697
-0.8058700664961888,2.042362768970596,-1.0359137240470215
0.9648516330974576,0.6827397381317879,-2.5942606327778095
1.6155828235482317,0.3743110156265179,1.3417572009248486
-1.234348871879922,1.592346841004841,-0.27272508989827615
-0.5924642591528942,0.9181215442702108,-1.8482946264292188
-0.02640575695892703,0.9626797138059533,-1.8604604826298865
0.2801611588196068,1.2919528595714072,1.0100653010602538
-0.8096035199216461,0.05088909150006771,-0.7361332537053016
0.4240610444640897,0.492259958693148,-0.9286052695270868
-0.47383934707091613,1.749197703647707,-3.359764270521933
-0.014452270878279104,1.864169198387415,-1.5509644043618156
0.5462842480036996,1.2719551848844173,-0.8716890850443002
0.0064222698109378164,1.5761696276950805,-0.21409709051362347
-0.4363858905265686,0.7471651863018759,-1.6287911342235013
-0.10960980392583083,-0.7921595490179327,-1.858379992217869
-0.08836295920533532,0.6993317840454284,0.25059744936617895
-0.3700110298821277,2.4493824083021014,-0.6478403824858148
-0.25879606266710237,2.6888241311910672,-3.344596067194103
1.598647170504717,0.9127189366905372,0.7377212476200941
0.5609194479412387,1.0000249310244438,-0.3734050702918931
-0.29548031802916036,1.7234112898358265,0.0223443850809788
0.6969544045107356,-0.05801873959204373,-0.07480812528117431
-0.33381948975600995,1.2662307824283716,-3.16105017641298
1.1731246375866413,1.9784681964167574,-1.4542525367888797
0.3696421921980939,-0.25157648080057826,1.0160067387261562
-0.10730214400422888,2.728049362406826,-2.681940110596016
0.4477169258102776,0.3170574125660502,-0.4220801469209596
-1.5708761520684993,6.136293503060292,0.07731033255247405
-1.1267674689098053,1.678850840988312,-3.9268423329423863
-1.1939250063990554,3.885912576333126,0.11238432662783149
0.14294309476370676,0.13003325719635628,-0.9033375252174157
1.732514999485092,-1.23842809194218,-0.23186072494461585
2.2313001461926323,0.3259227607102865,-0.12318138442251823
0.6380511014407572,1.5377928541179,0.364624500027908
0.5008444749444569,-0.23892276261689038,0.3656318175670728
-1.801057734152739,4.5570338080606305,-1.1858976168786697
-0.5426737997340217,1.628756496054751,-1.8732328360608026
-0.7877837519082389,2.111083231630685,-0.6163570854175938
-0.620847598251116,2.408823961494901,-3.5032957112856016
-0.1681438185847896,2.132701322515928,-0.7857624654743621
-0.47209057769712737,1.5439274229579087,-1.9978871339521338
-1.9792998103757877,9.093176781485463,-0.3279030718200877
0.7479102561175338,0.6975894545283555,-0.03802938273207998
-1.0727430257398065,2.5769609329501066,-1.0797694966219593
0.23924686411114954,-0.8243468372138817,-0.2810531542827842
2.0740826697499735,-0.13698786327024895,-1.768618172622736
-0.9193845915864234,2.171359681178286,-2.3229544066298247
-2.5302875227463297,13.517420870454886,0.744504695528843
-0.2860042218801108,1.793581699043771,-0.9685157199421373
1.100959634998571,-0.8468173194551036,0.8001107634656297
1.9583474542205939,0.3133457747627238,0.3701273422610573
-1.2295495944524168,4.091220114228066,-2.363692989527704
0.4966992232365217,2.136567349161123,-2.2308108936932847
-0.46531045678005334,2.480012484629862,-1.5694843163294148
-0.10594835430413566,1.8726111114862627,-3.521916638368544
2.6443433470170348,0.1311379895440023,1.6713910649427892
-1.5029703283951532,4.88333295429197,-0.17149770248620244
0.25373966149457344,2.0253986714860295,-0.11575954769431407
0.4676931717654332,-0.7063316920771536,-1.855803667589135
1.0857863249393471,-0.01180313748741263,1.2439051730854611
0.09798315347089544,0.1340954290134816,2.2292039279250964
0.3080505395041023,1.1140312954180231,-1.8256526282212455
-0.3916485674217911,2.709639880106612,-1.0100430552795667
0.26912694124510733,0.1670719737872849,-0.00449533929332318
-0.3431922754974105,-0.980864630868292,-2.0383953376345287
0.6215718898560508,0.12487876740425174,0.4913212319269818
-0.36961033604363397,2.360644326579302,-0.7653104972863393
0.37710039390218647,1.2234771185112052,-1.2014079232244033
-0.029262813684978354,1.457881424711613,0.3488923286075719
1.1260502507721681,0.04431837796684185,-1.665531839809919
-0.05139372358848624,-0.22629343701545301,-1.531630353588016
-1.7730324682068814,6.403977880262204,0.40330621421263046
1.2619215007139917,-0.5511723016358029,-0.1506453989677257
-0.9057323008626189,4.6578395172840725,-1.5633350521046587
-0.6537663386488198,2.49327621616621,-0.8703007414592396
-0.5956612940434921,1.233581985486285,-0.07843062117606714
1.3744380931708173,-0.35840353936513736,0.7765153868877371
-2.1356742139786955,8.369806081789934,-1.2744281377027806
3.1377485336599937,-0.19612156457239935,0.5735556835020494
1.0560568090660518,1.464658424292323,-1.2690958982085783
0.22323891412915967,0.9863398831295973,1.6536854796993965
-0.05489400061628639,0.3247968890483086,-0.8487215190244328
0.28555407485765694,2.642038382696723,0.3512495771197841
0.5211224283793383,0.6431619471172062,-0.1332620777737037
0.645215585950057,1.2933891203944639,-2.03902524209663
0.5556044660034485,-0.03450114855785036,1.3657576987017714
0.08958068125524882,1.277430121851822,-0.5230479026325652
-0.1973384203073261,1.529266210902551,-0.033744625175241794
-0.1512732836535117,-0.7263347626060386,0.934485298688844
-0.194908280352681,3.2304746341670487,-1.5089433815441538
1.1337700968670645,1.6124621435321256,-1.5564359321419592
0.5935567222808619,0.15516388242670093,0.9714277720002387
-2.9403886346642802,17.820929354060812,0.10652506926651992
0.655900776529761,0.8665359858460076,0.3757297416010067
0.19473619471877485,0.9097494542331626,-2.495318609464733
-0.018708756445897416,1.3745538103157464,-0.2916137984105006
-0.38851845308888583,1.6663715939161357,-1.6540736399637068
1.1241127199860135,0.831181642141755,1.3680202988541332
0.9475264621228578,1.8350045255086984,-0.5503906746544397
-0.7728776678236091,2.734093499834649,-1.5504848474029338
0.4070522871245351,-0.3840461123191934,0.3940783899090075
-0.971656734541286,4.004881308045054,-2.4669134686894414
-1.3796181647889305,5.613998723310852,1.6523282908943915
-0.6267172245899651,5.023513646018104,1.5196142197375804
0.8623934723827588,-0.7013435665593246,0.12120017607925526
0.9531250453760867,0.6284163398308144,1.4302953812141377
0.513085420097293,-1.483453050137285,-1.5589086693655916
0.7250957868479971,1.037427335632501,-1.2381272999727833
0.5161782871149584,0.04859668380990667,0.042171046793766515
-0.6414815952229522,3.8227385736751973,-1.1679300981045644
0.43192254467394064,-0.12535530666202244,-0.4081208232818261
0.8004095252276823,-1.240038047722832,-0.2014358791524724
0.7542913298135743,-0.000919925411311584,0.3063430616136525
1.188913371474643,-1.6709357519754195,-2.1854149981920856
0.7083038472010638,1.2435782632639285,-0.09951177877941242
0.3514482075415829,-1.3614147525272446,0.000942236800640539
1.0701502383164274,0.3714145694506117,0.12168355540536321
-0.026521259249060063,-1.0509357422122758,0.5954553766160142
-0.8818746512277178,2.095125736956748,-2.618580378330554
-0.16306696394376388,2.8204936671507723,-1.34940659313639
-0.7449026448064491,2.4668842633850536,-2.835129190253066
