F,A,B,C,D,E,Y
1.088791847229004,2.8542680740356445,-1.4292762279510498,4.175675868988037,0.0015364803839474916,-0.5414378643035889,2.1504878997802734
-1.129145860671997,0.9270795583724976,-0.7103894352912903,2.0347836017608643,0.013070876710116863,0.8036508560180664,1.404756784439087
1.5102349519729614,1.0807374715805054,-0.8032583594322205,2.232804298400879,0.010722731240093708,0.6939582824707031,0.44591763615608215
-1.4625985622406006,2.6563212871551514,-1.0299861431121826,2.8010270595550537,0.006074763834476471,-0.6044456958770752,1.0568629503250122
-0.719066858291626,1.598097324371338,1.0757274627685547,0.34104955196380615,0.07110236585140228,0.006807347759604454,2.1164841651916504
0.08486581593751907,-1.0653605461120605,-0.13785843551158905,1.147813081741333,0.03173299878835678,0.5989700555801392,0.49580568075180054
0.4348541498184204,1.5094141960144043,-1.272029161453247,3.5680854320526123,0.002820981200784445,0.4181521236896515,2.837474822998047
0.5274330973625183,2.597123622894287,2.1018388271331787,0.12223146110773087,0.08849434554576874,-0.8431792855262756,2.3569889068603516
-0.031644731760025024,-0.08848442137241364,-1.3374606370925903,3.8093578815460205,0.0022162406239658594,1.3770235776901245,2.011568546295166
0.016996102407574654,-1.9412035942077637,1.0940945148468018,0.33484265208244324,0.0715450644493103,-0.3285108208656311,-1.4156684875488281
0.6056387424468994,1.6484365463256836,0.464589387178421,0.6283930540084839,0.053344834595918655,-0.014722935855388641,2.2672119140625
-0.15503515303134918,0.6346443891525269,-0.30638813972473145,1.3585095405578613,0.025704359635710716,0.9411335587501526,2.430124521255493
1.042195200920105,2.0099098682403564,-0.6930994987487793,1.9999046325683594,0.013534818775951862,-0.2251468151807785,1.6701304912567139
0.5845229029655457,0.872017502784729,-1.1541776657104492,3.171414375305176,0.0041944230906665325,0.9604246616363525,2.1853673458099365
-0.14953207969665527,-0.4678269624710083,-0.2604764997959137,1.2975481748580933,0.027320081368088722,1.0223051309585571,1.3544106483459473
-1.0579158067703247,0.6269065141677856,-0.32245171070098877,1.3805081844329834,0.025145074352622032,0.9478969573974609,1.3054543733596802
-0.3388659358024597,-1.4329439401626587,0.5030449628829956,0.6046866178512573,0.05462455749511719,0.19788485765457153,-0.38344117999076843
2.0320606231689453,4.224191188812256,1.1985102891921997,0.3016432523727417,0.07396018505096436,-0.4388706386089325,0.7657309174537659
-0.6547826528549194,-0.9408590197563171,0.17705006897449493,0.8377378582954407,0.04326882213354111,0.6728678941726685,0.23477666079998016
0.7752658724784851,0.4915972650051117,0.6491371393203735,0.5224964022636414,0.059303827583789825,0.933829665184021,1.6657804250717163
-1.7162343263626099,2.150068521499634,-0.13771243393421173,1.1476454734802246,0.031738318502902985,-0.43265047669410706,-0.19121316075325012
-0.3771108388900757,-0.07000774145126343,-0.467736154794693,1.5963761806488037,0.02026294730603695,1.157188057899475,1.7519580125808716
-1.0879101753234863,0.8466659784317017,-0.21791639924049377,1.243483066558838,0.02883780375123024,0.7868325710296631,1.3813443183898926
0.15444310009479523,-0.32196375727653503,-0.16137535870075226,1.1751259565353394,0.030878007411956787,1.0661284923553467,1.5292567014694214
2.167022228240967,4.020809650421143,0.4066530764102936,0.6658751368522644,0.05138237029314041,-0.5711669325828552,-0.2375076413154602
-1.2928767204284668,-0.32432234287261963,-0.4698917269706726,1.5998209714889526,0.02019326761364937,1.1078490018844604,-0.06116387993097305
-1.037488341331482,2.801466941833496,-1.4274338483810425,4.167989730834961,0.0015483354218304157,-0.5259137153625488,2.1325325965881348
0.6593607068061829,2.0954670906066895,-0.8491691946983337,2.3377039432525635,0.009654906578361988,-0.2671577036380768,2.3173820972442627
-0.6323932409286499,1.2710164785385132,0.44456472992897034,0.6411032676696777,0.052671097218990326,0.35942018032073975,2.228675365447998
0.36301442980766296,1.2405670881271362,0.935791552066803,0.39227524399757385,0.06755181401968002,0.3634873926639557,2.4926793575286865
-0.2650096118450165,1.324920654296875,1.1431283950805664,0.318820059299469,0.072700634598732,0.27528777718544006,2.6087026596069336
0.4126180112361908,2.2812724113464355,-0.735524594783783,2.086576223373413,0.01241113431751728,-0.4435371160507202,2.701555013656616
0.03324555605649948,0.6662670969963074,0.5717546343803406,0.5645340085029602,0.05686250329017639,0.8425877094268799,2.4110844135284424
-0.7713643312454224,1.9277122020721436,-1.2762738466262817,3.5832629203796387,0.0027784889098256826,0.008940130472183228,2.258531332015991
1.5647494792938232,1.2887829542160034,0.08764809370040894,0.9160832166671753,0.0400082990527153,0.36989837884902954,0.18616676330566406
-1.3592536449432373,0.7392905950546265,-2.0302882194519043,7.616281032562256,4.923695087200031e-05,1.5005748271942139,1.0773329734802246
-0.8872373104095459,0.8096104264259338,0.39200928807258606,0.6756978631019592,0.05088012292981148,0.7573503255844116,1.754567265510559
-1.6757203340530396,3.871609687805176,-1.1165568828582764,3.0543196201324463,0.004715478979051113,-0.43973106145858765,1.5734424591064453
-0.3558722734451294,-0.45232558250427246,-1.1675440073013306,3.2140891551971436,0.004019192419946194,1.2208421230316162,1.3367292881011963
0.16838620603084564,0.8621858954429626,0.6885443925857544,0.5023066997528076,0.060513317584991455,0.7010100483894348,2.594034433364868
0.7804802060127258,1.3100309371948242,-0.10700301826000214,1.112937569618225,0.03285922855138779,0.36911389231681824,2.0520272254943848
-0.27051806449890137,-1.208533763885498,-0.9436550140380859,2.5693552494049072,0.0076584904454648495,0.6113263964653015,0.3033708930015564
-0.5059047341346741,0.7618879675865173,-0.28178662061691284,1.3254958391189575,0.026567120105028152,0.8560836315155029,2.212263345718384
-0.509924590587616,0.4215967655181885,1.482606053352356,0.2270452231168747,0.07968847453594208,0.9351412057876587,1.7156836986541748
0.33033472299575806,0.6860507726669312,1.6821259260177612,0.18597817420959473,0.08302916586399078,0.7923516631126404,2.125408172607422
0.15465696156024933,0.9878209829330444,0.4971230626106262,0.6082780957221985,0.05442872643470764,0.6113380789756775,2.4967262744903564
-1.7228347063064575,2.880277633666992,1.4044502973556519,0.24550196528434753,0.07823117077350616,-0.9415009021759033,0.179758220911026
2.1021251678466797,5.46000337600708,-1.0213783979415894,2.77701997756958,0.006222365889698267,0.9575933218002319,2.8696396350860596
1.520285725593567,3.617455005645752,-0.2226088047027588,1.2493317127227783,0.028669631108641624,-0.763964831829071,1.613152027130127
1.4481093883514404,1.5611779689788818,-0.3254750967025757,1.384688377380371,0.02504018321633339,0.1480870395898819,0.6046553254127502
1.4691834449768066,4.894844055175781,-0.45072269439697266,1.5694459676742554,0.020816046744585037,0.3383890390396118,4.066743850708008
1.0032179355621338,-0.3377131223678589,-0.5325692296028137,1.7033028602600098,0.018208114430308342,1.1138451099395752,0.6243810653686523
0.2195240706205368,0.9330012798309326,-1.4284052848815918,4.1720404624938965,0.0015420762356370687,1.012629508972168,2.471891403198242
-0.5061816573143005,0.5428611040115356,-0.7003129720687866,2.01438307762146,0.013340267352759838,1.0576725006103516,2.1120548248291016
0.09679975360631943,0.6598432064056396,0.05371200665831566,0.9477049708366394,0.03876296430826187,0.8848588466644287,2.423459529876709
0.4555731415748596,0.47534310817718506,-0.3152499794960022,1.3706018924713135,0.025395404547452927,1.026196002960205,2.1278021335601807
1.1530556678771973,1.3686856031417847,-0.032967910170555115,1.0335173606872559,0.035575345158576965,0.3040892779827118,1.3326307535171509
0.7938786745071411,1.2966917753219604,0.7467323541641235,0.4739125967025757,0.06225616857409477,0.3180762827396393,1.8905619382858276
0.09759585559368134,-0.8839977383613586,0.6983911991119385,0.49738484621047974,0.06081188842654228,0.6838033199310303,0.8303980827331543
-0.43419814109802246,0.6837183237075806,-0.007525558117777109,1.0075539350509644,0.036511097103357315,0.8759846687316895,2.262852430343628
-0.6609000563621521,-0.19773569703102112,0.28607267141342163,0.7512080073356628,0.047179628163576126,1.0556347370147705,1.2873467206954956
0.3182002305984497,1.2796368598937988,-0.5039713978767395,1.6552820205688477,0.019103817641735077,0.45259130001068115,2.6093056201934814
-0.4957387447357178,-1.4523457288742065,-1.1653282642364502,3.2069754600524902,0.004047886002808809,0.4388713538646698,-0.20680201053619385
1.1264913082122803,1.8442528247833252,-0.09665708988904953,1.101482629776001,0.03323779255151749,-0.1599128395318985,1.4207189083099365
-1.5324290990829468,2.6109211444854736,-1.2640697956085205,3.5397984981536865,0.0029019173234701157,-0.5084875822067261,1.001953125
1.351361632347107,2.099700450897217,0.5311182141304016,0.5879471302032471,0.05554664134979248,-0.4457928240299225,0.8331918716430664
-1.0484352111816406,0.8875582814216614,-0.9845657348632812,2.676649332046509,0.006879327353090048,0.8989725112915039,1.4452626705169678
1.1850075721740723,1.245150089263916,-0.9625272750854492,2.618305206298828,0.007292634807527065,0.5817516446113586,1.5083316564559937
0.09799618273973465,-1.2491735219955444,-0.5815013647079468,1.7887219190597534,0.016717370599508286,0.49497875571250916,0.2167944610118866
0.8426726460456848,0.481515496969223,-0.9953705072402954,2.7057266235351562,0.00668217521160841,1.1568667888641357,1.7446494102478027
0.37776580452919006,0.9646814465522766,0.9845508933067322,0.37360697984695435,0.06882473826408386,0.6070394515991211,2.4552502632141113
-0.3308711051940918,-0.4017658829689026,1.569299340248108,0.20819100737571716,0.08120518922805786,0.9411910176277161,1.290250301361084
1.315463662147522,1.7799162864685059,-0.3201207220554352,1.3772940635681152,0.02522602304816246,-0.06986971199512482,0.962222695350647
-2.1429991722106934,3.966844081878662,0.49365895986557007,0.6103889346122742,0.05431395769119263,-0.6173333525657654,-0.1865801066160202
1.8821104764938354,4.099173069000244,1.58748459815979,0.2044392079114914,0.08151043206453323,-0.5550565123558044,1.025554895401001
1.6967121362686157,2.0018656253814697,-0.6640910506248474,1.9427238702774048,0.014331305399537086,-0.22357012331485748,-0.03691960871219635
0.3933833837509155,0.10955394059419632,0.11994549632072449,0.8869687914848328,0.041190244257450104,1.0827018022537231,1.8657842874526978
-0.9480389952659607,1.3656026124954224,0.10320107638835907,0.9019455909729004,0.04057794064283371,0.2939513623714447,1.7436081171035767
-0.0215532835572958,1.5995970964431763,-1.0214323997497559,2.777169942855835,0.00622143317013979,0.24892020225524902,2.9336771965026855
0.8747234344482422,0.31842267513275146,3.3033487796783447,0.036759860813617706,0.09639076143503189,0.9534063935279846,1.7371139526367188
-0.8868128657341003,1.629267930984497,-0.27160272002220154,1.312065601348877,0.026926329359412193,0.07276827096939087,1.8854466676712036
-0.5007227063179016,-0.8288493156433105,0.9786512851715088,0.3758176267147064,0.06867276132106781,0.713306188583374,0.3819330036640167
-1.2013252973556519,0.5798639059066772,0.6438370943069458,0.5252730250358582,0.05913938954472542,0.8890645503997803,0.9114088416099548
-0.654285192489624,0.9469294548034668,0.903785228729248,0.4050336182117462,0.066695436835289,0.6246813535690308,2.0392532348632812
0.23846867680549622,0.6693837642669678,0.6324624419212341,0.5312819480895996,0.0587850883603096,0.8373323678970337,2.3310208320617676
-1.0763616561889648,1.0840777158737183,-0.09252437949180603,1.0969399213790894,0.033389125019311905,0.5774220824241638,1.4781370162963867
-0.4808574318885803,-0.8942322134971619,0.6709192395210266,0.5112383961677551,0.059975236654281616,0.6772415041923523,0.34605032205581665
0.49987056851387024,-0.273514986038208,1.5959620475769043,0.20271341502666473,0.0816512256860733,0.9830987453460693,1.2425053119659424
-0.9195709824562073,0.30106914043426514,-0.12384314090013504,1.131838321685791,0.0322439968585968,1.0682038068771362,1.3294947147369385
-0.18709197640419006,0.1339406669139862,0.5741636157035828,0.5631756782531738,0.05693979933857918,1.047360897064209,1.8776777982711792
1.2855303287506104,1.045615315437317,0.47433051466941833,0.6223015189170837,0.05367077514529228,0.5635998249053955,0.9160032272338867
1.222083568572998,1.7317860126495361,-0.3564467430114746,1.4282454252243042,0.02397291734814644,-0.017470628023147583,1.1939460039138794
0.40588849782943726,0.8393901586532593,1.142912745475769,0.3188888132572174,0.07269563525915146,0.699805736541748,2.2674336433410645
0.03432995080947876,1.839550495147705,-0.4310458302497864,1.5388660430908203,0.02146243490278721,-0.11164392530918121,2.7163479328155518
-0.4553363621234894,0.9937998652458191,-1.2296473979949951,3.4200234413146973,0.0032711669337004423,0.8875114321708679,2.614471435546875
-0.9445939064025879,0.7758184671401978,-0.6869539022445679,1.9876517057418823,0.01370168011635542,0.9126132726669312,1.7074593305587769
0.22494973242282867,-1.9343541860580444,-0.021657483652234077,1.0218937397003174,0.03599127382040024,-0.2534124255180359,-1.239372968673706
-0.5874198079109192,1.6109193563461304,0.9980714321136475,0.3685896098613739,0.06917092204093933,-0.0032533034682273865,2.251929521560669
0.7920762300491333,0.1624707281589508,0.4769360423088074,0.6206822395324707,0.05375775694847107,1.0488989353179932,1.4015955924987793
-0.16825515031814575,0.6505236625671387,-2.272623300552368,9.704826354980469,6.098843186919112e-06,1.766249418258667,2.7827558517456055
0.9248455166816711,1.139904260635376,-1.3741490840911865,3.9517126083374023,0.001922175521031022,0.8128527402877808,2.139759063720703
-1.0166730880737305,0.30940526723861694,-0.12101909518241882,1.1286464929580688,0.03234707564115524,1.0653795003890991,1.131962776184082
-0.6056886315345764,2.0476417541503906,-0.40596863627433777,1.5007554292678833,0.02229616604745388,-0.3089032769203186,2.3064651489257812
-0.4596901535987854,0.005471572279930115,-0.7876297235488892,2.1981799602508545,0.01110050082206726,1.2198030948638916,1.7132519483566284
-0.7544324994087219,0.3311588168144226,0.04697961360216141,0.954106867313385,0.0385155975818634,1.041076898574829,1.6265053749084473
-0.018684634938836098,1.7019122838974,1.1418780088424683,0.3192189633846283,0.07267163693904877,-0.09881870448589325,2.642658233642578
-0.3535178601741791,-1.9437741041183472,-0.2993943393230438,1.34904146194458,0.025948887690901756,-0.22948592901229858,-1.2873642444610596
-0.09554698318243027,-0.023486465215682983,1.145064115524292,0.31820350885391235,0.07274547219276428,1.03154456615448,1.896089792251587
0.22669100761413574,0.8063857555389404,-0.5366875529289246,1.7103320360183716,0.01808057352900505,0.8631448745727539,2.582087755203247
0.564555823802948,0.19481486082077026,1.5109034776687622,0.22071048617362976,0.0801948830485344,1.0031545162200928,1.6146273612976074
1.6650503873825073,1.461164116859436,-1.002294898033142,2.72452712059021,0.006557720713317394,0.3818654417991638,0.044515542685985565
-0.8494226336479187,3.2827625274658203,-0.520504891872406,1.6828770637512207,0.01858385279774666,-0.821764349937439,2.822827100753784
-0.3352787494659424,2.124138832092285,0.019188059493899345,0.9809948801994324,0.037493787705898285,-0.42743438482284546,2.5943665504455566
-0.4945313036441803,0.6102662682533264,1.9357746839523315,0.14431242644786835,0.08656172454357147,0.8339266777038574,2.019191265106201
-0.5123165845870972,1.6808345317840576,0.4474877119064331,0.6392320990562439,0.052769750356674194,-0.04589306563138962,2.368252992630005
-0.3083500266075134,-0.06660392135381699,-0.4176383316516876,1.5183714628219604,0.021906835958361626,1.1496199369430542,1.6800380945205688
-0.13799411058425903,-0.5606760382652283,-0.07389841228723526,1.0766974687576294,0.03407188877463341,0.9545655846595764,1.2311434745788574
1.3167647123336792,2.379694938659668,-1.2498359680175781,3.4897704124450684,0.0030507876072078943,-0.3745502829551697,1.1231801509857178
-0.13429132103919983,-0.0893302783370018,0.10632574558258057,0.899131715297699,0.0406922809779644,1.085925817489624,1.7915621995925903
1.0646178722381592,1.9004886150360107,0.09721973538398743,0.9073566198348999,0.04035896807909012,-0.233016237616539,1.523992896080017
-0.4396412968635559,0.22353824973106384,-0.38102656602859497,1.4637864828109741,0.02313585765659809,1.1214978694915771,1.956024169921875
0.2929886281490326,0.514566957950592,-1.0763607025146484,2.9339823722839355,0.005318481475114822,1.1639041900634766,2.2240331172943115
1.1672871112823486,0.33585965633392334,-1.541131615638733,4.669871807098389,0.0009373471257276833,1.4111144542694092,0.9342764019966125
-0.14754655957221985,-1.680692195892334,0.8794206380844116,0.4150232970714569,0.06603248417377472,-0.06817246973514557,-0.6679161787033081
0.31281402707099915,0.17242778837680817,0.9127339720726013,0.40142524242401123,0.06693653762340546,1.0253136157989502,1.8293097019195557
-0.846480131149292,-1.2156827449798584,0.8703912496566772,0.4187876582145691,0.06578438729047775,0.38957563042640686,-0.6609546542167664
-0.4259167015552521,-2.618342876434326,1.0424381494522095,0.35259395837783813,0.07028625160455704,-0.8309404850006104,-2.6050586700439453
0.967410147190094,3.1499931812286377,-1.2924160957336426,3.6415743827819824,0.0026211044751107693,-0.6358072757720947,2.679224967956543
-1.3013205528259277,2.419381618499756,0.37544921040534973,0.6869806051254272,0.050309281796216965,-0.6816478967666626,1.1203954219818115
1.0238090753555298,-0.024724483489990234,0.30593788623809814,0.7364323735237122,0.04788191244006157,1.0733375549316406,0.8213728666305542
-0.5281929969787598,2.135557174682617,1.9361575841903687,0.14425718784332275,0.0865665078163147,-0.5207881331443787,2.522113561630249
-0.7482966780662537,0.7864871025085449,-0.29064226150512695,1.337286114692688,0.02625572308897972,0.8400650024414062,1.9082669019699097
0.06047811359167099,2.015803575515747,-0.7604131102561951,2.139159679412842,0.011775375343859196,-0.21654844284057617,2.648296356201172
-1.1966365575790405,1.4017484188079834,-1.7304422855377197,5.643149375915527,0.0003541696642059833,0.7325588464736938,1.7450984716415405
-0.1985033005475998,-0.2231564223766327,1.1897685527801514,0.304291695356369,0.07376457005739212,1.0056328773498535,1.7974951267242432
0.5909287929534912,-0.8776487708091736,0.8189108967781067,0.44091159105300903,0.06434495747089386,0.6830527186393738,0.41745078563690186
0.809553861618042,1.677124261856079,0.06906348466873169,0.9332674145698547,0.03932666406035423,-0.012800954282283783,2.02069354057312
1.7978252172470093,3.286059617996216,0.2626020908355713,0.7690478563308716,0.046345412731170654,-0.9126780033111572,0.2740267813205719
-1.1455317735671997,3.1280906200408936,0.6009470820426941,0.5482921004295349,0.05779360607266426,-0.9450796842575073,2.057405471801758
-0.28239181637763977,0.12935355305671692,0.40881597995758057,0.6644365191459656,0.05145633965730667,1.0580891370773315,1.9877820014953613
-0.8931472301483154,1.363950490951538,0.8236150145530701,0.4388423562049866,0.06447824090719223,0.24925823509693146,1.8307162523269653
-0.12402724474668503,0.24482418596744537,-0.4451398253440857,1.5607084035873413,0.020998727530241013,1.1262508630752563,2.0715997219085693
2.2574894428253174,3.2654807567596436,-0.16053758561611176,1.1741418838500977,0.030908409506082535,-0.8749215006828308,-1.5727676153182983
-0.529826283454895,-0.019703596830368042,0.5104432106018066,0.6002295017242432,0.05486856773495674,1.059828758239746,1.5746769905090332
0.6805182695388794,-0.8308217525482178,-0.17311280965805054,1.1890002489089966,0.030452555045485497,0.7931691408157349,0.4239150583744049
1.4154311418533325,1.7397762537002563,1.7868766784667969,0.16748245060443878,0.08457914739847183,-0.15142863988876343,0.7120214700698853
-0.44077059626579285,1.7436524629592896,-1.9967459440231323,7.365050792694092,6.329932512016967e-05,0.5645084381103516,3.1257412433624268
0.18332581222057343,0.5465484261512756,3.115936279296875,0.04433697462081909,0.0956631526350975,0.8587571978569031,2.267855644226074
0.27455654740333557,1.8421517610549927,-0.1140160784125328,1.1207700967788696,0.032602861523628235,-0.15596051514148712,2.605288505554199
-0.1755049079656601,-0.3692590892314911,1.937063217163086,0.14412659406661987,0.08657781779766083,0.9470076560974121,1.356025218963623
1.4758580923080444,1.817469596862793,0.5607708692550659,0.5707688927650452,0.05650907754898071,-0.18710240721702576,0.4368444085121155
1.2594355344772339,3.389561653137207,-0.9816378355026245,2.668823719024658,0.006933373399078846,-0.702530562877655,2.063716411590576
0.4143885672092438,1.3197234869003296,0.5005840063095093,0.6061765551567078,0.054543234407901764,0.3090609610080719,2.4240458011627197
-0.7777321338653564,1.0279182195663452,0.41884440183639526,0.6578065156936646,0.05179863050580025,0.5823830962181091,1.9168601036071777
-0.7759658098220825,0.0450626015663147,-0.36252349615097046,1.4369510412216187,0.02376512438058853,1.1426799297332764,1.3193683624267578
0.4256872534751892,1.8021528720855713,1.4217804670333862,0.24128404259681702,0.07856184244155884,-0.20516972243785858,2.3828744888305664
0.06635376811027527,-1.515310525894165,0.5860757827758789,0.556506872177124,0.05732078477740288,0.11110801994800568,-0.3078116476535797
0.5738379955291748,2.2660446166992188,-0.29325148463249207,1.3407799005508423,0.026164153590798378,-0.5064980983734131,2.4835054874420166
1.3610894680023193,1.7522168159484863,0.8346012234687805,0.43404752016067505,0.06478814780712128,-0.13702216744422913,0.7405174970626831
0.13750481605529785,0.06491024792194366,-0.8839015960693359,2.4203243255615234,0.008889278396964073,1.2399264574050903,1.956009864807129
0.1773979663848877,-1.1524007320404053,-2.431981086730957,11.381407737731934,1.1405580835344153e-06,1.544435739517212,0.9252046942710876
0.36352065205574036,1.1084669828414917,1.3655833005905151,0.2552317678928375,0.07747369259595871,0.47155728936195374,2.5081675052642822
1.151151180267334,-0.012978672981262207,-1.2083228826522827,3.347865104675293,0.003515933407470584,1.3347022533416748,0.6056085228919983
-0.5858660340309143,-1.0827903747558594,-0.08731339126825333,1.0912386178970337,0.033580031245946884,0.577989399433136,0.10332568734884262
-1.9574404954910278,4.787909984588623,-0.18734541535377502,1.2060438394546509,0.029937932267785072,0.1960536241531372,2.1643035411834717
-0.33362048864364624,0.8057308793067932,0.8173089027404785,0.44161850214004517,0.06429948657751083,0.736746072769165,2.175981283187866
-1.810157299041748,4.151275634765625,-0.987663209438324,2.684952974319458,0.006822439841926098,-0.2636338770389557,1.5323866605758667
0.05321510508656502,1.7059354782104492,-0.2702089250087738,1.3102381229400635,0.026975581422448158,-0.003704383969306946,2.6625306606292725
0.4103286862373352,-0.003007948398590088,-0.6052744388580322,1.8317548036575317,0.01601323112845421,1.1831709146499634,1.7368099689483643
-0.10023576766252518,3.2801120281219482,0.5402100682258606,0.5826258659362793,0.05584300681948662,-0.9321589469909668,3.5111546516418457
-1.1307264566421509,1.7614107131958008,-0.5783258080482483,1.783050775527954,0.01681244559586048,-0.011157110333442688,1.3728711605072021
-1.015371561050415,1.638415813446045,-0.36023083329200745,1.4336602687835693,0.02384345792233944,0.07579805701971054,1.7020642757415771
0.23014892637729645,0.5909426212310791,0.1758267730474472,0.8387632966041565,0.04322447627782822,0.9142921566963196,2.3376200199127197
1.0071487426757812,2.9923272132873535,0.26947933435440063,0.7637770771980286,0.04659033566713333,-0.9125028848648071,2.212919235229492
0.08828586339950562,0.37493857741355896,0.2591545879840851,0.7717037200927734,0.046222489327192307,1.0077004432678223,2.196225643157959
1.790328860282898,3.670111894607544,0.5878397226333618,0.555526077747345,0.057377032935619354,-0.8080021142959595,0.7936992645263672
2.24002742767334,4.355016708374023,1.7198973894119263,0.17908452451229095,0.08360352367162704,-0.3319052755832672,0.02280675433576107
-1.357290267944336,2.2866392135620117,-0.6933904886245728,2.0004866123199463,0.013526944443583488,-0.45620498061180115,0.9346588253974915
0.022076359018683434,-0.1190541610121727,1.2283236980438232,0.2927829623222351,0.07461840659379959,1.0221997499465942,1.8951146602630615
0.08282706141471863,0.9709094166755676,1.061755895614624,0.3458479940891266,0.07076200097799301,0.5991339683532715,2.6473777294158936
-1.7807503938674927,3.7921645641326904,0.22099293768405914,0.8017223477363586,0.044855572283267975,-0.7155653238296509,0.9550256133079529
0.9298269152641296,3.166031837463379,-1.3569291830062866,3.884247064590454,0.0020563306752592325,-0.6112766861915588,2.6896772384643555
2.029588222503662,4.1214375495910645,0.7068023085594177,0.4932188391685486,0.06106576323509216,-0.507829487323761,0.5072063207626343
-1.109520435333252,2.070751667022705,0.6768854260444641,0.5081973671913147,0.0601579025387764,-0.4285666048526764,1.459464192390442
-0.22706840932369232,-1.4360802173614502,-0.39686569571495056,1.4871561527252197,0.022601449862122536,0.2830246090888977,-0.16129939258098602
1.7407023906707764,3.265909194946289,0.42541995644569397,0.6534953117370605,0.05202242732048035,-0.9269331097602844,0.35237520933151245
-0.8420844674110413,0.4490496516227722,-0.25385618209838867,1.2889864444732666,0.027554992586374283,1.0297586917877197,1.5987937450408936
1.8868749141693115,4.1161980628967285,0.7665359973907471,0.4646197259426117,0.06283740699291229,-0.5150325894355774,1.0349175930023193
2.1563756465911865,5.579404354095459,-0.3119327425956726,1.3660627603530884,0.025510940700769424,0.899007260799408,2.7360424995422363
-1.116583228111267,-0.03712177276611328,1.8051339387893677,0.1644524335861206,0.08483581244945526,1.015756368637085,0.38779300451278687
0.5532488226890564,-1.882520079612732,-0.6961873173713684,2.006089448928833,0.013451367616653442,-0.10609084367752075,-1.3168045282363892
-0.5755875110626221,1.3144326210021973,-0.3878384828567505,1.4737917184829712,0.022905532270669937,0.40094393491744995,2.336700439453125
-1.85407555103302,4.08516263961792,-0.47957080602645874,1.615380883216858,0.019881492480635643,-0.4253632128238678,1.2111293077468872
1.1214144229888916,0.1374450922012329,-0.8269587159156799,2.2863547801971436,0.010163627564907074,1.2192047834396362,0.8392682075500488
-0.16698677837848663,0.4823863208293915,1.5430980920791626,0.21371795237064362,0.08075761049985886,0.9072622060775757,2.3164384365081787
-0.17506445944309235,1.1755013465881348,1.0225633382797241,0.35967180132865906,0.06979053467512131,0.4210475981235504,2.399472951889038
-2.550722122192383,6.515710830688477,-0.38232171535491943,1.4656835794448853,0.023092009127140045,1.1196558475494385,1.9330939054489136
-0.783099353313446,2.5005295276641846,0.6045348048210144,0.5463285446166992,0.05790719389915466,-0.7468275427818298,2.2662222385406494
-1.0617949962615967,0.23547333478927612,-1.4226925373077393,4.148274898529053,0.00157916359603405,1.387231469154358,1.1941431760787964
0.21826986968517303,0.5822259783744812,0.09011082351207733,0.9138299226760864,0.04009855538606644,0.9266236424446106,2.3380675315856934
-0.7975026369094849,0.6203277707099915,0.42667415738105774,0.6526761651039124,0.052065055817365646,0.878955602645874,1.7449733018875122
0.8060991764068604,0.04214179515838623,0.1807238906621933,0.8346657752990723,0.04340194910764694,1.0825787782669067,1.285280704498291
-0.2496533840894699,0.6912694573402405,0.1367443948984146,0.8721931576728821,0.04180337116122246,0.8576566576957703,2.3745362758636475
-0.2509077489376068,0.24278882145881653,-1.658506989479065,5.251464366912842,0.0005239839665591717,1.4958176612854004,2.393972396850586
0.10388787090778351,0.204804927110672,-0.9268186688423157,2.526458978652954,0.007994159124791622,1.2317466735839844,2.036430597305298
-0.7663496136665344,-0.9742838144302368,0.4765378534793854,0.6209294199943542,0.053744472563266754,0.6238536834716797,0.1340685486793518
-0.1202225610613823,0.4661460220813751,0.7123313546180725,0.490499347448349,0.061232052743434906,0.9423570036888123,2.302340507507324
0.6260252594947815,-0.26976943016052246,0.07663723826408386,0.9262257814407349,0.03960456699132919,1.0564548969268799,1.207876443862915
0.6948477625846863,2.5082364082336426,0.8786723613739014,0.41533395648002625,0.06601198017597198,-0.7645122408866882,2.4078781604766846
0.33150359988212585,2.0669150352478027,0.7558721303939819,0.4696008861064911,0.062525175511837,-0.42905569076538086,2.5986666679382324
-0.7224273681640625,-0.7595891356468201,0.4341045916080475,0.6478444933891296,0.05231722444295883,0.789903461933136,0.4601990878582001
0.8100626468658447,-0.23535919189453125,-0.16395500302314758,1.1781612634658813,0.030784424394369125,1.0902467966079712,0.9832068085670471
0.16892775893211365,-0.5700013637542725,0.2188686579465866,0.8034272193908691,0.04477916285395622,0.9222429394721985,1.1829482316970825
-2.1332764625549316,6.000360488891602,-0.3040980100631714,1.355401873588562,0.025784363970160484,1.095811128616333,3.356346845626831
-1.2999706268310547,-0.39784419536590576,0.4116470515727997,0.6625580787658691,0.051553089171648026,0.9881541728973389,-0.2572229206562042
-1.2475740909576416,1.7331888675689697,1.467990756034851,0.23038792610168457,0.07942254841327667,-0.13864094018936157,1.2584328651428223
0.7629075646400452,-0.4310470223426819,0.020320340991020203,0.9798847436904907,0.03753543645143509,1.0065172910690308,0.8335307240486145
-0.8250246047973633,0.18021303415298462,1.8204734325408936,0.1619490534067154,0.08504845201969147,1.0000004768371582,1.5065008401870728
-0.06973621994256973,1.9797922372817993,0.8278917074203491,0.4369695782661438,0.06459911167621613,-0.35399129986763,2.484440803527832
-1.2128446102142334,1.2751450538635254,-0.48397096991539,1.6225045919418335,0.01974036730825901,0.45361340045928955,1.317291259765625
-0.6910591125488281,1.3114041090011597,0.27465909719467163,0.7598311305046082,0.04677454009652138,0.33247625827789307,2.199270486831665
-0.7082393169403076,0.10465309023857117,-1.6274973154067993,5.0911173820495605,0.0006151142879389226,1.5036406517028809,1.4086673259735107
1.6603195667266846,3.987072706222534,-0.12802138924598694,1.1365773677825928,0.03209155052900314,-0.5497144460678101,1.6933037042617798
-0.002071219263598323,-2.0087146759033203,0.10463625937700272,0.9006520509719849,0.040630463510751724,-0.3339899480342865,-1.3396838903427124
0.05948914960026741,-0.35577622056007385,0.11331352591514587,0.8928706645965576,0.04094785824418068,1.0266634225845337,1.491763949394226
-0.5821076035499573,-1.2243541479110718,1.7052314281463623,0.18173032999038696,0.08338262140750885,0.3577265739440918,-0.3248371481895447
1.2188162803649902,1.704486608505249,0.17608655989170074,0.8385453820228577,0.04323389381170273,-0.04943785071372986,1.195315957069397
-1.868094801902771,3.7037689685821533,2.247997522354126,0.10561049729585648,0.08997750282287598,-0.835536003112793,0.25173529982566833
-0.0007680148701183498,-0.2683407664299011,0.06765936315059662,0.9345787763595581,0.03927512839436531,1.057669997215271,1.6034387350082397
1.8966599702835083,3.152782917022705,-1.1599335670471191,3.1897213459014893,0.004118334501981735,-0.6809653043746948,-0.11427891254425049
-1.6848636865615845,2.691049098968506,0.8923741579055786,0.40968194603919983,0.0663861334323883,-0.8592423796653748,-0.006296724081039429
1.224420428276062,1.5043902397155762,-0.9261466860771179,2.52476167678833,0.008007739670574665,0.31883344054222107,1.4803001880645752
-1.7889058589935303,4.347269058227539,0.2680300772190094,0.7648847699165344,0.04653875529766083,-0.2805728316307068,1.8827617168426514
0.5068731904029846,-0.34625211358070374,0.37938952445983887,0.6842790246009827,0.050445377826690674,1.009079098701477,1.2289501428604126
-0.9563551545143127,0.7008984684944153,-0.9080972671508789,2.479599952697754,0.008377673104405403,1.0122231245040894,1.592853307723999
-0.6748279333114624,0.2520327866077423,-0.24399913847446442,1.2763432264328003,0.02790558896958828,1.0960417985916138,1.6701569557189941
-0.1816851645708084,-0.44226640462875366,-0.36249276995658875,1.4369068145751953,0.023766174912452698,1.0474746227264404,1.3763010501861572
-0.7321782112121582,-0.20018869638442993,0.6423525214195251,0.5260534286499023,0.059093255549669266,1.0326343774795532,1.1879421472549438
0.18644364178180695,0.5614394545555115,-0.6296842098236084,1.8770177364349365,0.015304584987461567,1.034191370010376,2.3943586349487305
-2.783435821533203,6.657780647277832,-0.36252322793006897,1.4369505643844604,0.023765135556459427,1.0743508338928223,0.8170056343078613
-0.17283490300178528,-0.014855243265628815,0.902148962020874,0.40569689869880676,0.06665121018886566,1.040459394454956,1.7877317667007446
-0.49286237359046936,1.156377911567688,0.7898901104927063,0.4538946747779846,0.06351496279239655,0.44804713129997253,2.1747443675994873
-2.069963216781616,4.302921295166016,0.7997584939002991,0.4494374990463257,0.063798688352108,-0.35317733883857727,0.647081196308136
0.034978751093149185,-1.0441921949386597,-0.2691105306148529,1.3087997436523438,0.027014410123229027,0.633480429649353,0.5479207634925842
-0.4690808653831482,-0.8200075626373291,0.02077934890985489,0.9794350266456604,0.03755231946706772,0.7801591753959656,0.6637797355651855
0.5936673283576965,-0.024322837591171265,-0.09257650375366211,1.0969970226287842,0.03338722139596939,1.1094039678573608,1.5296880006790161
-1.2597854137420654,-0.22535836696624756,1.141798496246338,0.3192443549633026,0.07266979664564133,1.006638526916504,-0.012930180877447128
1.2590306997299194,0.4382227659225464,0.41131338477134705,0.6627792119979858,0.051541686058044434,0.9717851281166077,0.6784144639968872
0.17481549084186554,-0.38915807008743286,-0.10845644026994705,1.1145563125610352,0.03280607983469963,1.036684513092041,1.4345542192459106
1.114253282546997,3.0059621334075928,-1.3304721117019653,3.7828288078308105,0.0022758222185075283,-0.612533450126648,2.3122754096984863
0.07912848144769669,-0.620078444480896,-0.1958521604537964,1.216347098350525,0.029631057754158974,0.9354676008224487,1.1896570920944214
0.7097527384757996,0.31079578399658203,0.5279066562652588,0.5898383855819702,0.05544168874621391,1.0110743045806885,1.6627229452133179
-0.4247404932975769,-0.6715897917747498,-0.3103269636631012,1.3638709783554077,0.025566916912794113,0.9192205667495728,0.9182454943656921
0.3844504952430725,-0.7274061441421509,0.2900402843952179,0.748233437538147,0.0473201759159565,0.8217249512672424,0.8736965656280518
0.9409590363502502,-0.6457625031471252,-0.35201168060302734,1.4219251871109009,0.024124911054968834,0.9408336877822876,0.26589202880859375
0.28112146258354187,-0.7815536856651306,-0.9142685532569885,2.4949495792388916,0.008250061422586441,0.9593150019645691,0.9586648344993591
0.3947567343711853,0.3538189232349396,0.9152088761329651,0.4004329741001129,0.06700298935174942,0.9780996441841125,1.906492829322815
-1.297371506690979,1.6695282459259033,-0.5553775429725647,1.7425987720489502,0.017506485804915428,0.07568828016519547,1.0767149925231934
2.152296304702759,3.657054901123047,-1.2420052289962769,3.4625496864318848,0.003134972881525755,-0.5238100290298462,-0.697155237197876
0.8507705330848694,1.5277752876281738,-0.4784165620803833,1.6135175228118896,0.019918574020266533,0.2043595314025879,2.076616048812866
0.8413533568382263,1.194359302520752,1.699172854423523,0.1828346997499466,0.08329058438539505,0.385892778635025,1.8276110887527466
-0.424877792596817,0.1043158620595932,-0.5285663604736328,1.6964983940124512,0.018332432955503464,1.1642138957977295,1.8654729127883911
-1.11813223361969,1.0189180374145508,-1.543287754058838,4.6799516677856445,0.0009279462392441928,0.9922827482223511,1.6472587585449219
1.0856519937515259,0.9025213718414307,0.38185879588127136,0.682591438293457,0.050530582666397095,0.6878920793533325,1.2644530534744263
-0.9044064283370972,0.900320827960968,-0.23898105323314667,1.2699544429779053,0.028084442019462585,0.7483540773391724,1.7607754468917847
-1.9112648963928223,4.772493362426758,-0.34349775314331055,1.4098703861236572,0.024417493492364883,0.20105524361133575,2.308809995651245
1.1572399139404297,1.4765292406082153,1.199958086013794,0.3012068271636963,0.07399247586727142,0.12424822151660919,1.3138844966888428
-0.7093871831893921,0.772096574306488,-1.4703599214553833,4.35080099105835,0.0012896477710455656,1.1515297889709473,2.1578941345214844
-0.13587318360805511,0.07469011843204498,0.4314650893211365,0.6495567560195923,0.052227724343538284,1.0621676445007324,1.8702998161315918
0.2997763156890869,-2.573864698410034,1.7304049730300903,0.17721262574195862,0.08376016467809677,-0.82540363073349,-2.3228986263275146
0.22799046337604523,0.6196632981300354,0.1553824096918106,0.8560877442359924,0.04248208552598953,0.8996828198432922,2.346992015838623
1.0684784650802612,-1.2479289770126343,1.0988391637802124,0.3332577049732208,0.07165855169296265,0.3506128191947937,-1.0086514949798584
-1.1033741235733032,2.1190743446350098,-0.3506186604499817,1.4199457168579102,0.024172713980078697,-0.37922385334968567,1.4379862546920776
-0.5464497804641724,0.1548316478729248,0.6488101482391357,0.5226672887802124,0.05929368734359741,1.0403043031692505,1.8451405763626099
-0.4781241714954376,0.6516650319099426,-0.002535351784899831,1.0025385618209839,0.03669467195868492,0.895328938961029,2.2025504112243652
-0.8373967409133911,-1.2915897369384766,0.4676385223865509,0.6264799237251282,0.05344698578119278,0.3382410407066345,-0.688426673412323
0.009595398791134357,-0.43173372745513916,-1.037930965423584,2.823369264602661,0.005940545350313187,1.190578579902649,1.5554440021514893
0.06964078545570374,-0.3284097909927368,-0.5380940437316895,1.71273934841156,0.01803710125386715,1.1178303956985474,1.6248174905776978
0.22838889062404633,-0.5969524383544922,-0.843933641910553,2.3254966735839844,0.009773489087820053,1.0596022605895996,1.233290195465088
0.10859882086515427,-0.4475761651992798,0.9778485894203186,0.3761194050312042,0.06865203380584717,0.9391106963157654,1.3406580686569214
-2.0663509368896484,3.5673365592956543,-0.5204359292984009,1.6827610731124878,0.018586009740829468,-0.7424556016921997,-0.29944300651550293
-1.8236006498336792,5.336150169372559,0.18618899583816528,0.8301166892051697,0.04359984025359154,0.6671038866043091,3.649522542953491
1.5060628652572632,-0.4749147891998291,1.1605792045593262,0.3133046627044678,0.07310272008180618,0.9206621646881104,-1.1183409690856934
-0.5870944261550903,0.6982980370521545,-0.7230712175369263,2.0607526302337646,0.01273580826818943,0.9720127582550049,2.155170202255249
-0.5087772011756897,-0.6216080188751221,1.662697672843933,0.18962673842906952,0.08272679150104523,0.8319057822227478,0.8694287538528442
-0.19800183176994324,-0.40248754620552063,-0.701790988445282,2.017362594604492,0.013300579972565174,1.1218256950378418,1.5612499713897705
0.8091820478439331,1.008561134338379,-1.3388241529464722,3.8145556449890137,0.0022047508973628283,0.9145342111587524,2.08505916595459
-1.9859434366226196,4.516395568847656,0.5280134677886963,0.5897754430770874,0.05544517561793327,-0.135763481259346,1.439333438873291
0.6149346828460693,-0.7615307569503784,0.7546207308769226,0.4701889157295227,0.06248841807246208,0.770799458026886,0.6077430844306946
0.23357731103897095,-1.4971755743026733,0.821123480796814,0.43993711471557617,0.06440769135951996,0.11754798144102097,-0.35913780331611633
0.47998833656311035,0.42745035886764526,-0.33122724294662476,1.3926762342453003,0.024840962141752243,1.0492932796478271,2.0683720111846924
0.4150926470756531,0.10863753408193588,-0.8274812698364258,2.2875497341156006,0.01015148963779211,1.2228597402572632,1.8821930885314941
0.6204561591148376,-0.8401374220848083,0.7738735675811768,0.4612230360507965,0.06305120885372162,0.7134827971458435,0.5007822513580322
0.24759608507156372,-0.6258731484413147,-1.0189756155014038,2.770355463027954,0.006263973657041788,1.0874874591827393,1.1467525959014893
-0.5643364191055298,1.0502010583877563,-0.06300573796033859,1.065032958984375,0.034471649676561356,0.6038999557495117,2.299779176712036
0.24622905254364014,0.8032569289207458,-0.3227676749229431,1.3809444904327393,0.02513410523533821,0.8324611186981201,2.4473681449890137
0.49403998255729675,1.2619580030441284,-0.437433123588562,1.5487266778945923,0.021251840516924858,0.4588248133659363,2.462165594100952
0.4935716390609741,-0.24688740074634552,1.0081045627593994,0.36490997672080994,0.06942591816186905,1.0061688423156738,1.1518745422363281
0.8942487239837646,-0.9096581339836121,1.3313816785812378,0.26411208510398865,0.07678874582052231,0.6404268741607666,-0.13877417147159576
-0.5345174074172974,0.9430397152900696,-0.1405593305826187,1.150917410850525,0.03163463994860649,0.7024223208427429,2.3102176189422607
-0.21250662207603455,-0.43167170882225037,0.5068164467811584,0.6024103164672852,0.05474904179573059,0.9685086607933044,1.3526806831359863
-0.0334511324763298,0.7863109707832336,2.2101316452026367,0.10968621075153351,0.08961153030395508,0.7174296379089355,2.2589094638824463
-0.2859044671058655,0.6479599475860596,-1.1576822996139526,3.1825485229492188,0.0041479808278381824,1.1155716180801392,2.3591301441192627
1.2034493684768677,2.8585104942321777,-0.8035911321640015,2.2335474491119385,0.010714765638113022,-0.7368443608283997,1.7699769735336304
0.9906445741653442,-0.02182936668395996,-0.662871241569519,1.9403555393218994,0.014365287497639656,1.1937973499298096,0.9041431546211243
0.5941528081893921,1.3046969175338745,1.2365500926971436,0.29038429260253906,0.0747976079583168,0.29200857877731323,2.1320230960845947
1.5480092763900757,3.315485715866089,0.7017014026641846,0.4957411289215088,0.06091193109750748,-0.9353445172309875,1.077354907989502
0.1815357208251953,-0.04862699285149574,0.3960387408733368,0.6729806065559387,0.05101856589317322,1.0661159753799438,1.8224248886108398
0.5873445272445679,-0.19176653027534485,-0.7064018845558167,2.026685953140259,0.013177148997783661,1.1843376159667969,1.368630290031433
-1.2965699434280396,2.220958948135376,-0.1265367716550827,1.134891152381897,0.03214571252465248,-0.49182674288749695,1.0564981698989868
-0.49965324997901917,1.0552095174789429,0.8519538044929504,0.42658066749572754,0.065273717045784,0.5357035398483276,2.367159366607666
1.2310065031051636,0.34613001346588135,-0.9960384964942932,2.7075345516204834,0.006670105271041393,1.2114460468292236,0.6581240892410278
0.9361079335212708,-0.2714569568634033,1.2454829216003418,0.2878018915653229,0.07499101012945175,0.9921613931655884,0.6304938793182373
-0.16448286175727844,1.6361430883407593,0.5973545908927917,0.550265371799469,0.0576796717941761,-0.010273724794387817,2.689988613128662
-0.7321116328239441,-2.0122368335723877,-0.9955348968505859,2.7061715126037598,0.006679203361272812,-0.1566251516342163,-1.7949872016906738
0.25126805901527405,-1.508264183998108,0.0529010184109211,0.9484738707542419,0.03873316943645477,0.15733878314495087,-0.4154638648033142
-0.06848803907632828,-2.2903430461883545,1.4008833169937134,0.24637924134731293,0.07816257327795029,-0.6344059109687805,-1.7406067848205566
0.5864762663841248,0.654546856880188,-1.069640874862671,2.914332628250122,0.005424021743237972,1.0847570896148682,2.1409049034118652
1.094344139099121,0.7495530247688293,1.5142641067504883,0.2199700027704239,0.08025428652763367,0.7539904713630676,1.0814650058746338
1.1617506742477417,-0.8847935199737549,0.5880451798439026,0.5554119348526001,0.05738358572125435,0.6889905333518982,-0.5899086594581604
1.507607340812683,2.337864875793457,0.6897628307342529,0.5016950368881226,0.06055034324526787,-0.6438581943511963,0.5300170183181763
2.6451985836029053,7.0009989738464355,-1.6061931848526,4.983802795410156,0.0006847971817478538,1.251625895500183,2.128849983215332
0.734266996383667,0.11126050353050232,-0.5690646171569824,1.7666138410568237,0.01709107495844364,1.170478343963623,1.4580118656158447
0.29293373227119446,0.5694756507873535,-0.4770360291004181,1.611291527748108,0.019962962716817856,1.0033129453659058,2.1712303161621094
1.812087893486023,2.947340488433838,-2.2734761238098145,9.713106155395508,6.048554496373981e-06,-0.009881675243377686,0.34486252069473267
-0.2687040865421295,0.3645144999027252,-1.2039029598236084,3.3331005573272705,0.0035682297311723232,1.2676069736480713,2.232088804244995
-1.2022058963775635,1.8115366697311401,-0.4254292845726013,1.5302472114562988,0.021648215129971504,-0.08539696037769318,1.2439360618591309
-0.9536095857620239,1.356619954109192,-0.666650652885437,1.9477028846740723,0.014260126277804375,0.4073129892349243,1.776521921157837
-1.5438973903656006,1.8415718078613281,-0.5431516766548157,1.7214237451553345,0.017881138250231743,-0.09533636271953583,0.38558393716812134
1.490854024887085,1.4999234676361084,-0.9821234941482544,2.6701202392578125,0.006924389861524105,0.33782556653022766,0.6141917109489441
-0.3360302746295929,-0.7386422753334045,0.7667719721794128,0.46451011300086975,0.06284429132938385,0.7858344316482544,0.810510516166687
2.322377920150757,5.7404704093933105,-1.4303120374679565,4.1800031661987305,0.0015298458747565746,1.2743099927902222,2.319298267364502
0.27503135800361633,0.5285744071006775,0.0034108548425137997,0.9965949654579163,0.036913421005010605,0.9631863832473755,2.2733280658721924
1.1378384828567505,0.11720764636993408,0.1960989236831665,0.8219309449195862,0.04395820200443268,1.0753321647644043,0.6800544857978821
1.0304158926010132,0.690321683883667,1.080328106880188,0.3394841253757477,0.07121375948190689,0.8049896359443665,1.5401021242141724
-1.9139623641967773,3.6721174716949463,-1.2643166780471802,3.540672540664673,0.0028993820305913687,-0.5084743499755859,0.7446520328521729
0.18613983690738678,0.8285027742385864,1.736043095588684,0.17621628940105438,0.0838436633348465,0.6936014890670776,2.6454806327819824
1.684909462928772,3.018202781677246,0.08504991978406906,0.9184664487838745,0.03991306573152542,-0.9005504846572876,0.38573282957077026
0.8918426632881165,1.8616924285888672,0.5306437611579895,0.5882261991500854,0.05553114414215088,-0.22798816859722137,1.8112318515777588
-0.6015471816062927,0.7642096281051636,1.574062705039978,0.20720167458057404,0.08128557354211807,0.7426496744155884,1.9281694889068604
-0.1559586524963379,0.2776762843132019,-2.055772542953491,7.81287145614624,4.044948946102522e-05,1.7429821491241455,2.2803127765655518
0.9290271401405334,2.912680149078369,-1.4130113124847412,4.1083083152771,0.0016435554716736078,-0.5630829334259033,2.4532463550567627
1.2481062412261963,1.9793696403503418,1.2924400568008423,0.27459993958473206,0.07598760724067688,-0.36984050273895264,1.1858787536621094
-0.13038641214370728,-0.37292230129241943,-1.0469682216644287,2.8490004539489746,0.005790216848254204,1.216166615486145,1.58949875831604
0.8579298257827759,2.30258846282959,1.5455642938613892,0.21319153904914856,0.0808001309633255,-0.6468848586082458,2.1524555683135986
-1.6002140045166016,3.406525135040283,0.12439988553524017,0.883026659488678,0.04135293886065483,-0.8768075108528137,1.1010262966156006
1.3486343622207642,3.336590051651001,1.6362406015396118,0.1947106570005417,0.08230727910995483,-0.9615771174430847,1.8328732252120972
-0.1001855805516243,0.3078611195087433,0.1974949836730957,0.8207842707633972,0.044008634984493256,1.035062313079834,2.132068157196045
0.2640206813812256,1.1565966606140137,-0.29448553919792175,1.342435598373413,0.0261208675801754,0.536700963973999,2.551044464111328
-0.5155999064445496,0.2607537508010864,-1.7066837549209595,5.510656356811523,0.0004043452499900013,1.5172615051269531,2.1072022914886475
-0.40291380882263184,0.5647169351577759,0.2006484568119049,0.8181999921798706,0.04412251338362694,0.9265601634979248,2.221728801727295
-0.21928617358207703,1.2135119438171387,-1.9612699747085571,7.108348846435547,8.18244952824898e-05,1.0605663061141968,3.0443525314331055
-0.8687319755554199,0.1847856044769287,-1.3000179529190063,3.6693625450134277,0.0025492715649306774,1.3499119281768799,1.3841732740402222
0.28841838240623474,-1.4604008197784424,0.6338010430335999,0.5305712223052979,0.058826882392168045,0.16322852671146393,-0.4018357992172241
-0.933600902557373,1.9670277833938599,0.6736868619918823,0.5098254680633545,0.0600600428879261,-0.33496198058128357,1.825665831565857
-0.931154727935791,-0.8249386548995972,-1.414339542388916,4.113768577575684,0.001634605578146875,1.0899789333343506,0.33401912450790405
0.12109779566526413,0.05519319325685501,1.4901686906814575,0.22533464431762695,0.07982490956783295,1.0210106372833252,1.9550625085830688
-2.052828073501587,3.6084930896759033,0.2626766562461853,0.7689905166625977,0.046348072588443756,-0.816068708896637,-0.36269956827163696
-2.2797911167144775,6.904505729675293,1.725724220275879,0.17804406583309174,0.08369055390357971,0.8309149146080017,3.3663651943206787
0.4068410396575928,0.8307977914810181,0.2552981376647949,0.7746855020523071,0.046084869652986526,0.75175541639328,2.387143135070801
-0.6241985559463501,0.7128993272781372,-0.4880548119544983,1.6291441917419434,0.019609732553362846,0.9193832874298096,2.164372205734253
0.7908878922462463,0.29627662897109985,2.0476086139678955,0.12904313206672668,0.08789360523223877,0.9693344831466675,1.272068738937378
0.5257925391197205,-0.20287016034126282,-0.2741697132587433,1.3154380321502686,0.026835674419999123,1.1110360622406006,1.395239233970642
-1.215238332748413,-0.5526695251464844,0.6094681024551392,0.5436399579048157,0.058063097298145294,0.9054901599884033,-0.247776061296463
-1.444515347480774,1.7778829336166382,0.8353964686393738,0.4337024986743927,0.06481049954891205,-0.16223938763141632,0.5440937280654907
0.11691728234291077,0.7393302917480469,1.726841688156128,0.17784520983695984,0.08370719850063324,0.7567045092582703,2.7100250720977783
0.562034547328949,1.4666752815246582,1.32032310962677,0.26704901456832886,0.07656355202198029,0.13063791394233704,2.484903573989868
0.02581728994846344,-0.5808644890785217,-0.094945028424263,1.0995984077453613,0.033300481736660004,0.9459484219551086,1.226210117340088
0.4856046438217163,0.9279480576515198,0.23557528853416443,0.7901161909103394,0.04537920653820038,0.6784892082214355,2.2979655265808105
0.11897522956132889,1.0766116380691528,-0.2853171229362488,1.330183744430542,0.026442866772413254,0.6073324084281921,2.623690366744995
0.5099150538444519,0.20211191475391388,0.4361443519592285,0.6465243697166443,0.0523863360285759,1.044297218322754,1.8406494855880737
0.3958686590194702,0.9358851313591003,0.33010879158973694,0.718845546245575,0.04873145371675491,0.6649906039237976,2.376899003982544
-0.16455045342445374,-0.006712391972541809,-0.6459097862243652,1.9077218770980835,0.01484181173145771,1.1907496452331543,1.9487581253051758
1.4573193788528442,2.336059331893921,1.0669056177139282,0.34407156705856323,0.07088781893253326,-0.6583195924758911,0.6717050075531006
-0.5531840920448303,0.7956230640411377,-2.2801759243011475,9.778400421142578,5.666236120305257e-06,1.6776798963546753,2.6938247680664062
0.1294320821762085,0.7873057723045349,0.3893420100212097,0.6775025129318237,0.050788383930921555,0.7735068798065186,2.4305005073547363
0.11344087868928909,-0.3625360131263733,-0.5638608336448669,1.7574446201324463,0.01724850758910179,1.110744833946228,1.4737231731414795
-1.8300424814224243,2.879697322845459,1.0872565507888794,0.33714014291763306,0.07138087600469589,-0.932187020778656,-0.32900381088256836
-0.722450315952301,0.09527653455734253,0.9445611238479614,0.3888501822948456,0.06778357923030853,1.0343496799468994,1.3411935567855835
-0.1923934519290924,-1.3586935997009277,-0.4896188974380493,1.6316943168640137,0.019559789448976517,0.37368541955947876,-0.07338158041238785
0.3052220642566681,-0.49442780017852783,0.06459533423185349,0.9374467134475708,0.03916265070438385,0.9739850759506226,1.2282191514968872
1.2080737352371216,0.9030249714851379,0.6590894460678101,0.5173221826553345,0.05961146950721741,0.6709698438644409,0.9596480131149292
0.6075690388679504,-1.198397159576416,1.0799280405044556,0.3396199643611908,0.07120408862829208,0.39781320095062256,0.04930490255355835
2.1629555225372314,5.7863593101501465,0.9748194217681885,0.3772604763507843,0.06857374310493469,0.9168258905410767,2.888537645339966
-3.834674119949341,15.317781448364258,0.6826044917106628,0.5052992105484009,0.06033249944448471,-0.8743100166320801,0.8282049894332886
-0.12316946685314178,0.9422803521156311,0.7100815773010254,0.4916040897369385,0.06116444617509842,0.637105405330658,2.549772024154663
0.8450334668159485,-0.3431043028831482,0.2921094298362732,0.7466868162155151,0.04739341884851456,1.0163835287094116,0.7726975679397583
1.620535135269165,1.839495301246643,0.007073060143738985,0.9929518699645996,0.03704814612865448,-0.16618214547634125,0.04601563140749931
-0.6821720004081726,1.1200016736984253,-1.4841783046722412,4.411339282989502,0.001213890966027975,0.8768148422241211,2.48897123336792
0.8880261778831482,0.16637581586837769,-1.1127982139587402,3.042860984802246,0.004769823048263788,1.2904775142669678,1.3078174591064453
1.0905206203460693,-0.2531331777572632,0.09026619046926498,0.9136879444122314,0.04010424762964249,1.05950129032135,0.4185574948787689
1.0840482711791992,0.40841060876846313,1.725104570388794,0.17815442383289337,0.08368132263422012,0.9355686902999878,1.165848970413208
-0.3543432652950287,-0.4682654142379761,-1.8905960321426392,6.623315334320068,0.0001329017395619303,1.554684042930603,1.2362110614776611
-0.4723573923110962,-0.05235715210437775,0.019401799887418747,0.9807851910591125,0.03750165179371834,1.0967081785202026,1.6101579666137695
0.35304099321365356,0.9405422806739807,-0.844664990901947,2.327198028564453,0.009756875224411488,0.8220697641372681,2.563552141189575
0.27532705664634705,1.0173985958099365,-0.0501173697412014,1.0513944625854492,0.034945011138916016,0.630720317363739,2.5357701778411865
-0.3243756592273712,-0.3725842833518982,0.004474034998565912,0.9955359697341919,0.036952532827854156,1.0309432744979858,1.379123568534851
-0.21846285462379456,1.3576583862304688,0.24801848828792572,0.7803454995155334,0.04582476615905762,0.2895624041557312,2.6180789470672607
-0.9741740226745605,1.1112626791000366,-0.8337196707725525,2.3018651008605957,0.010007202625274658,0.67371666431427,1.7387319803237915
0.44400960206985474,0.7158488035202026,0.9255267977714539,0.3963225781917572,0.06727896630764008,0.7941687107086182,2.1727447509765625
0.6716525554656982,0.7462195158004761,0.00011205362534383312,0.9998879432678223,0.03679206594824791,0.8342493772506714,2.0352132320404053
0.21317116916179657,0.6424864530563354,-1.2475899457931519,3.4819412231445312,0.0030747666023671627,1.1488025188446045,2.640965461730957
0.6010177135467529,1.458074688911438,-0.5466496348381042,1.727455735206604,0.01777360402047634,0.2852286398410797,2.407322406768799
-0.4930349290370941,-0.8621492385864258,-0.5164478421211243,1.6760634183883667,0.01871090941131115,0.8184135556221008,0.605378270149231
0.14148859679698944,0.4680868685245514,-0.32479143142700195,1.3837419748306274,0.0250638909637928,1.0308072566986084,2.3032419681549072
-0.7303492426872253,0.35168707370758057,2.79150652885437,0.06132875010371208,0.09405139833688736,0.9449257850646973,2.1044023036956787
0.40946879982948303,-0.03251136839389801,-0.6122789978981018,1.844630479812622,0.01580837182700634,1.1839345693588257,1.6282964944839478
-0.505908191204071,1.8604176044464111,0.5480377674102783,0.5780830383300781,0.05609726905822754,-0.2277809977531433,2.3291399478912354
-1.3875322341918945,1.4133305549621582,-0.174973264336586,1.1912143230438232,0.030385205522179604,0.2759372591972351,0.7643484473228455
2.2550265789031982,4.903553485870361,-0.3014558255672455,1.3518253564834595,0.02587674930691719,0.3251848518848419,1.1208754777908325
0.39688238501548767,-0.610314130783081,0.8461565971374512,0.42906081676483154,0.06511203199625015,0.8623741269111633,0.9813926815986633
1.4601356983184814,3.880037307739258,1.1960707902908325,0.3023799955844879,0.07390572130680084,-0.7092784643173218,2.135772228240967
0.6148438453674316,-1.875678300857544,0.8679946660995483,0.4197925329208374,0.06571831554174423,-0.25820133090019226,-1.4870572090148926
-0.6565775275230408,-1.0881296396255493,0.1813138723373413,0.8341735005378723,0.04342332109808922,0.5475602149963379,0.030157290399074554
0.7158793807029724,1.4730994701385498,0.16452090442180634,0.848300039768219,0.042814213782548904,0.18237152695655823,2.1273269653320312
0.10525556653738022,-0.44891107082366943,1.8614352941513062,0.15544936060905457,0.08560304343700409,0.916465163230896,1.3351799249649048
0.524213433265686,0.3270800709724426,-1.6644495725631714,5.282764911651611,0.000507837045006454,1.4752609729766846,2.268953561782837
0.7120881080627441,-0.004159808158874512,1.8232909440994263,0.16149340569972992,0.08508721739053726,1.0161406993865967,1.311713457107544
1.5594377517700195,2.970475673675537,0.18221838772296906,0.8334193229675293,0.04345608502626419,-0.9020532369613647,0.7539549469947815
0.3733425736427307,-2.2429862022399902,-0.1180848479270935,1.1253396272659302,0.032454222440719604,-0.5101670026779175,-1.8724465370178223
0.6996495127677917,1.037156581878662,-0.4124925434589386,1.5105782747268677,0.022078227251768112,0.6597282290458679,2.1064212322235107
-1.2191543579101562,2.66402530670166,0.25917547941207886,0.7716875672340393,0.046223234385252,-0.8109468817710876,1.4635231494903564
0.34923237562179565,0.2631096839904785,0.021276406943798065,0.9789483547210693,0.03757059946656227,1.0634807348251343,2.0130467414855957
-0.1781960427761078,-1.496772050857544,-1.0381101369857788,2.8238751888275146,0.00593754043802619,0.35634422302246094,-0.11856716871261597
0.47949299216270447,-0.6763805150985718,-1.2615963220596313,3.5310537815093994,0.0029274052940309048,1.132948875427246,1.0170714855194092
-1.4927301406860352,1.6940217018127441,1.0562373399734497,0.347761869430542,0.07062670588493347,-0.08813757449388504,0.21230436861515045
-1.327947974205017,2.6056318283081055,0.3534381687641144,0.702269434928894,0.04954596236348152,-0.7895513772964478,1.1312966346740723
0.8808482885360718,1.8401963710784912,-0.17001698911190033,1.185325026512146,0.030564680695533752,-0.14762064814567566,1.92124605178833
-0.6658573150634766,1.2657238245010376,0.9024857878684998,0.4055602550506592,0.0666603296995163,0.34091833233833313,1.9933704137802124
0.6308844089508057,1.377783179283142,-1.3233847618103027,3.7561135292053223,0.002337440848350525,0.5674283504486084,2.5426437854766846
-2.0682291984558105,4.094425201416016,-1.9529916048049927,7.049746036529541,8.676292782183737e-05,0.12559789419174194,1.0806958675384521
-1.3408122062683105,2.9894495010375977,0.3972358703613281,0.6721754670143127,0.05105965584516525,-0.9212310314178467,1.3779511451721191
-1.286531925201416,2.25252628326416,-0.19546747207641602,1.215879201889038,0.029644927009940147,-0.5085493326187134,1.0934045314788818
-0.47884485125541687,1.5558239221572876,0.3023643493652344,0.7390687465667725,0.04775584489107132,0.08887872099876404,2.3907220363616943
0.1635759025812149,0.21579259634017944,-0.4760569632053375,1.6097147464752197,0.01999446377158165,1.1377785205841064,2.064364433288574
-0.9094409942626953,0.4314907193183899,0.18838979303836823,0.8282917737960815,0.043679479509592056,0.9911724925041199,1.4296597242355347
-0.30120348930358887,-1.045966386795044,0.43319883942604065,0.6484315395355225,0.05228652432560921,0.5659090280532837,0.32061198353767395
-2.098267078399658,4.69195032119751,-0.23394161462783813,1.2635706663131714,0.028264299035072327,0.10591982305049896,1.3991953134536743
1.551539659500122,3.238065004348755,-1.4003260135650635,4.056522369384766,0.0017309108516201377,-0.5896978974342346,1.033713698387146
-1.2694361209869385,0.1181713342666626,-0.40375077724456787,1.497430682182312,0.022370418533682823,1.1427689790725708,0.4758027493953705
-0.5905053615570068,1.2362172603607178,1.5420185327529907,0.2139488011598587,0.08073897659778595,0.34976649284362793,2.2984180450439453
-0.2827712595462799,-0.02690461277961731,-0.4123675525188446,1.5103894472122192,0.02208239585161209,1.150676965713501,1.8304487466812134
0.588154137134552,-1.8519580364227295,0.6481593251228333,0.5230075716972351,0.05927351862192154,-0.22517117857933044,-1.3683682680130005
-0.943487286567688,0.654181718826294,-1.955214023590088,7.065431118011475,8.54126556077972e-05,1.500089168548584,1.5812245607376099
0.45815831422805786,2.15433406829834,0.5442298054695129,0.5802885293960571,0.055973686277866364,-0.49295082688331604,2.4533495903015137
0.3772938549518585,0.49861204624176025,-0.06080751493573189,1.0626943111419678,0.03455235809087753,0.9845165610313416,2.1900432109832764
-0.19177529215812683,-1.146606206893921,0.056502565741539,0.9450640678405762,0.03886546939611435,0.5060892105102539,0.30075305700302124
-0.03010500594973564,0.4869173467159271,1.183488130569458,0.3062087893486023,0.07362328469753265,0.9144003391265869,2.1335289478302
-0.9485759735107422,1.4022488594055176,1.444332242012024,0.2359035462141037,0.07898568361997604,0.19134093821048737,1.4721895456314087
-1.782781958580017,1.9294459819793701,-0.09476497769355774,1.0994004011154175,0.03330707177519798,-0.24107010662555695,-0.5016562938690186
1.7187458276748657,2.656128406524658,0.12390829622745514,0.8834608793258667,0.04133498668670654,-0.7961123585700989,-0.00913175381720066
-0.05791732668876648,-1.2361139059066772,-0.8019038438796997,2.2297821044921875,0.010755186900496483,0.5514473915100098,0.5029288530349731
-1.2069851160049438,2.599339485168457,1.1805572509765625,0.3071075677871704,0.07355714589357376,-0.8258373141288757,1.1053264141082764
-0.05498916283249855,-0.0605773963034153,0.005685295909643173,0.9943308234214783,0.03699709475040436,1.0975987911224365,1.826615571975708
-2.7385411262512207,8.437285423278809,0.9886358380317688,0.3720839321613312,0.06892963498830795,-0.5135760307312012,1.3493189811706543
-1.3217185735702515,2.3781051635742188,-1.201206088066101,3.3241236209869385,0.0036004059948027134,-0.3900166153907776,1.2756540775299072
-1.3080402612686157,1.2524478435516357,1.0372827053070068,0.3544164299964905,0.07015827298164368,0.3484400808811188,0.8222193717956543
0.19081319868564606,-1.1907494068145752,-1.2167717218399048,3.3762705326080322,0.003417466999962926,0.708591103553772,0.5552624464035034
-1.986909031867981,2.091278553009033,-0.16665278375148773,1.1813440322875977,0.030686601996421814,-0.3791641592979431,-1.223639965057373
-0.26974520087242126,-0.040703184902668,-0.34947678446769714,1.4183253049850464,0.024211915209889412,1.1410043239593506,1.8102688789367676
-0.6174837946891785,-1.9590197801589966,-1.615035891532898,5.028068542480469,0.0006551452097482979,0.12426218390464783,-1.1185193061828613
0.6260660290718079,-1.4517351388931274,2.047848701477051,0.12901215255260468,0.08789633214473724,0.13168130815029144,-0.6727759838104248
1.4661946296691895,2.20119571685791,-1.0210016965866089,2.7759740352630615,0.006228877697139978,-0.3118700087070465,0.7687219381332397
-1.869889259338379,3.1900367736816406,-0.026166526600718498,1.0265119075775146,0.03582543879747391,-0.8961756229400635,-0.08978372067213058
0.43460479378700256,-0.33700835704803467,0.1604613959789276,0.8517507314682007,0.0426667295396328,1.0289231538772583,1.3186733722686768
-1.1046853065490723,0.5490108132362366,-1.0571730136871338,2.878222703933716,0.0056234621442854404,1.1408634185791016,1.3367071151733398
-1.5367037057876587,2.2777247428894043,0.509308397769928,0.600911021232605,0.054831188172101974,-0.5894102454185486,0.40297189354896545
0.8411259651184082,2.5230000019073486,-0.14577750861644745,1.1569387912750244,0.0314447283744812,-0.6990014910697937,2.1910109519958496
1.6955682039260864,1.015770435333252,-0.6632519364356995,1.9410943984985352,0.014354676008224487,0.7210747599601746,-0.17730796337127686
1.0053448677062988,1.1202329397201538,0.8120485544204712,0.4439476728439331,0.0641499012708664,0.47986751794815063,1.5641047954559326
0.18742597103118896,-1.8185245990753174,-0.3089738190174103,1.3620266914367676,0.025614112615585327,-0.10899955034255981,-0.9541318416595459
-0.2092895209789276,1.3345173597335815,0.0646357610821724,0.9374088644981384,0.03916413336992264,0.32782748341560364,2.6187164783477783
2.9080283641815186,5.8598761558532715,1.4920480251312256,0.22491155564785004,0.0798586830496788,0.9342257380485535,-0.641120433807373
0.014337136410176754,-0.20832210779190063,1.49312162399292,0.22467023134231567,0.07987795770168304,1.0008463859558105,1.589857816696167
-1.2803579568862915,1.7768810987472534,0.8806937336921692,0.4144952595233917,0.06606736779212952,-0.16317957639694214,0.998006284236908
0.5798584222793579,1.303452730178833,-0.8381599187850952,2.3121085166931152,0.009905217215418816,0.4953812062740326,2.461012125015259
0.9839985966682434,1.5020921230316162,-0.9222598075866699,2.514967203140259,0.008086556568741798,0.3201468884944916,1.861689805984497
0.8481107950210571,1.0013854503631592,0.9236484169960022,0.39706772565841675,0.06722884625196457,0.5788427591323853,1.6600100994110107
-0.6193808913230896,0.7617490291595459,0.20969966053962708,0.8108277320861816,0.04444899782538414,0.80471271276474,2.1258649826049805
-0.11327742040157318,-1.0757460594177246,1.0382342338562012,0.35407936573028564,0.07018192112445831,0.5104838013648987,0.45332759618759155
1.2917180061340332,1.9498984813690186,0.03342906013131142,0.9671235084533691,0.038017503917217255,-0.27337417006492615,1.0125985145568848
-0.7058113813400269,1.6212248802185059,-0.01389925368130207,1.0139962434768677,0.03627663850784302,0.050992440432310104,2.17218279838562
-0.21034803986549377,-0.12253879010677338,-0.06948412954807281,1.0719550848007202,0.034233856946229935,1.0996969938278198,1.7169535160064697
0.4514015316963196,-1.1893390417099,-1.2828682661056519,3.6069705486297607,0.0027133922558277845,0.7329704761505127,0.3763028085231781
0.9483570456504822,1.0291146039962769,-0.6734842658042908,1.961058259010315,0.014070942997932434,0.7116835117340088,1.8773113489151
-0.3732941448688507,0.4652421474456787,-0.31579655408859253,1.3713512420654297,0.02537638321518898,1.0308480262756348,2.207080602645874
0.9600947499275208,-0.16157573461532593,1.5692678689956665,0.20819754898548126,0.08120466023683548,1.007794737815857,0.7853894829750061
0.06784425675868988,-0.42313799262046814,0.028056152164936066,0.9723337888717651,0.037819936871528625,1.0090383291244507,1.4120999574661255
-0.12314224988222122,-1.0519683361053467,0.3091224133968353,0.7340909242630005,0.047994159162044525,0.5692718029022217,0.44522690773010254
0.16837695240974426,-0.3682658076286316,0.6613303422927856,0.5161641836166382,0.05968054011464119,0.9845694899559021,1.3116817474365234
-0.9579970836639404,1.0966978073120117,1.061887502670288,0.3458024859428406,0.07076522707939148,0.49111685156822205,1.5769579410552979
0.5819985866546631,1.6212252378463745,-0.5212732553482056,1.6841707229614258,0.018559828400611877,0.1180095225572586,2.4679017066955566
0.5048056244850159,-0.9969627857208252,0.18762324750423431,0.8289269208908081,0.04365174472332001,0.6257482767105103,0.351548969745636
-0.08925577253103256,1.2429783344268799,-0.9615284204483032,2.6156911849975586,0.007311723195016384,0.5835471153259277,2.8001632690429688
-2.484011650085449,5.813268661499023,-0.060772884637117386,1.0626575946807861,0.03455362841486931,0.9978718161582947,1.4819761514663696
0.13239261507987976,-1.928402066230774,-0.6532524228096008,1.921781063079834,0.01463460735976696,-0.1578543484210968,-1.138489842414856
1.0553009510040283,0.6968024969100952,-1.4460742473602295,4.246411323547363,0.0014315515290945768,1.1915392875671387,1.6719536781311035
-1.720353603363037,3.0664989948272705,0.019451141357421875,0.9807367920875549,0.03750346601009369,-0.8991081118583679,0.3225831687450409
-0.4378631114959717,-1.1702605485916138,-0.9817225933074951,2.6690499782562256,0.0069318050518631935,0.6568167805671692,0.19829294085502625
-1.7264684438705444,2.979851722717285,-0.35001567006111145,1.4190897941589355,0.02419341169297695,-0.8450394868850708,0.20224790275096893
1.1083128452301025,2.942763328552246,0.13212880492210388,0.8762281537055969,0.04163503646850586,-0.8926756381988525,1.9580183029174805
-0.16627326607704163,0.285325825214386,-0.8357080817222595,2.3064465522766113,0.009961459785699844,1.1902146339416504,2.2824385166168213
-0.6611618995666504,0.23087871074676514,-0.3187013566493988,1.3753405809402466,0.025275349617004395,1.1109997034072876,1.649397850036621
1.5881097316741943,3.328211784362793,-1.6477686166763306,5.195374011993408,0.0005542143480852246,-0.46309971809387207,1.6076526641845703
0.3147352933883667,0.6573352217674255,0.8986077308654785,0.40713611245155334,0.06655535846948624,0.8323368430137634,2.425220489501953
-0.22189760208129883,0.4908125698566437,-0.6219772696495056,1.8626072406768799,0.015526728704571724,1.0682108402252197,2.241797685623169
1.9677802324295044,4.152758598327637,-0.11463349312543869,1.121462345123291,0.03258030116558075,-0.41872677206993103,0.8766395449638367
1.5473476648330688,1.613243579864502,-0.2736433744430542,1.3147459030151367,0.02685425616800785,0.08904007822275162,0.27851930260658264
-0.989769697189331,2.076430320739746,-0.8491992354393005,2.3377740383148193,0.009654229506850243,-0.25058478116989136,2.077713966369629
0.8576207756996155,1.092696189880371,-1.4178482294082642,4.128227710723877,0.001611140789464116,0.8729159832000732,1.9682494401931763
0.08788928389549255,0.5195196270942688,1.8129305839538574,0.16317524015903473,0.0849442332983017,0.8843753337860107,2.6298890113830566
0.2551482915878296,-0.9117746949195862,1.523521065711975,0.21794314682483673,0.08041711151599884,0.6341379880905151,0.5948498845100403
0.6457963585853577,-0.8284021019935608,0.5521234273910522,0.5757259726524353,0.05622965097427368,0.733626663684845,0.48438069224357605
1.4278112649917603,1.3173458576202393,-0.9362350702285767,2.550361394882202,0.007805345114320517,0.5057818293571472,0.923761248588562
-0.7408657670021057,1.0225090980529785,-1.2595075368881226,3.5236856937408447,0.0029490541201084852,0.8735948801040649,2.2533581256866455
-1.0063365697860718,0.05053997039794922,-0.6118862628936768,1.8439061641693115,0.01581982709467411,1.1831138134002686,0.8617651462554932
0.8497836589813232,0.45881468057632446,-0.247065931558609,1.2802635431289673,0.02779640257358551,1.0246044397354126,1.576418161392212
-0.9582635164260864,0.8731303215026855,-0.5001696944236755,1.649001121520996,0.01922418363392353,0.8073309063911438,1.6654595136642456
-0.6722552180290222,0.47452396154403687,-0.3337631821632385,1.3962124586105347,0.024753272533416748,1.029131531715393,1.8582932949066162
-0.15298114717006683,1.540696144104004,0.6390381455421448,0.5277998447418213,0.05899014323949814,0.08287562429904938,2.5383167266845703
-0.07615238428115845,1.4501392841339111,1.1546539068222046,0.3151665925979614,0.07296673208475113,0.1518811583518982,2.495661735534668
-1.0352795124053955,1.732353925704956,0.717900276184082,0.48777538537979126,0.061399079859256744,-0.11207817494869232,1.4759972095489502
0.5337297320365906,2.869339942932129,1.6489863395690918,0.19224467873573303,0.08251049369573593,-0.9439431428909302,2.7191803455352783
0.8201460838317871,0.354830801486969,0.5879992842674255,0.555437445640564,0.057382117956876755,0.9932489991188049,1.5255097150802612
0.5042088627815247,0.0695435106754303,1.277728796005249,0.2786695063114166,0.0756789967417717,1.0254497528076172,1.5200905799865723
-0.0565522126853466,-0.04548438638448715,0.7448959946632385,0.47478368878364563,0.062201958149671555,1.046444058418274,1.795122742652893
-0.6565359234809875,-0.8977091312408447,0.47420793771743774,0.6223778128623962,0.05366668105125427,0.6856406331062317,0.36086249351501465
-0.7022995948791504,1.550472617149353,1.070685863494873,0.34277334809303284,0.07097990810871124,0.054599642753601074,1.9783790111541748
-2.5449416637420654,6.541851043701172,0.0233159177005291,0.9769538044929504,0.0376456119120121,1.0644274950027466,1.940191626548767
0.7368088364601135,-0.4736960530281067,-1.545451045036316,4.690086364746094,0.0009185892413370311,1.3588969707489014,0.868104875087738
-0.35550498962402344,-0.16655410826206207,0.11956322938203812,0.88730788230896,0.04117627814412117,1.0748926401138306,1.6118160486221313
-1.2357182502746582,0.4141106605529785,-1.997539758682251,7.370899677276611,6.293017941061407e-05,1.652564525604248,1.003806233406067
0.1707599014043808,1.3976655006408691,1.8901714086532593,0.15104591846466064,0.08598081767559052,0.18737180531024933,2.6495816707611084
-1.0313531160354614,1.94192636013031,-1.34746253490448,3.8476498126983643,0.0021329806186258793,0.022096216678619385,2.050543785095215
-0.9804683923721313,0.7055259346961975,0.6184958219528198,0.5387542247772217,0.05834747105836868,0.8151460886001587,1.447553038597107
1.1561777591705322,1.4474093914031982,0.6905750632286072,0.5012876987457275,0.06057501584291458,0.17320285737514496,1.2663782835006714
0.239875927567482,-0.14902788400650024,0.6398001909255981,0.5273978114128113,0.059013862162828445,1.0416556596755981,1.6837055683135986
-0.19637654721736908,-0.4611622989177704,-0.8544509410858154,2.350083589553833,0.009536119177937508,1.1305441856384277,1.425392508506775
-0.6280818581581116,-1.7011462450027466,-0.35024023056030273,1.4194084405899048,0.024185705929994583,0.011959746479988098,-1.020071029663086
-1.5662771463394165,3.309812068939209,1.188289999961853,0.30474191904067993,0.07373136281967163,-0.9554102420806885,0.9789901375770569
-0.9722795486450195,0.46303436160087585,0.2019648253917694,0.8171236515045166,0.04417002946138382,0.9764136672019958,1.3572702407836914
0.2604081630706787,-0.14185889065265656,-0.013118225149810314,1.0132046937942505,0.03630536422133446,1.0912753343582153,1.6753997802734375
-1.7831542491912842,3.701976776123047,-0.45082205533981323,1.5696020126342773,0.020812800154089928,-0.6900908350944519,0.8354451656341553
-0.4373834431171417,0.5261311531066895,0.640414297580719,0.5270740389823914,0.05903296917676926,0.9174638986587524,2.1501176357269287
1.070590853691101,2.995368480682373,0.5433197617530823,0.5808168649673462,0.05594412237405777,-0.9312465786933899,2.018103837966919
-0.516693115234375,-0.8715335726737976,0.8512120246887207,0.42689719796180725,0.06525306403636932,0.6863433718681335,0.37859922647476196
-1.358555555343628,2.3180322647094727,0.0360938161611557,0.9645497798919678,0.0381154790520668,-0.5831587314605713,0.9240065813064575
-0.6015623807907104,1.0880131721496582,-0.2543717622756958,1.2896511554718018,0.027536680921912193,0.5932111740112305,2.2707834243774414
-2.382253408432007,6.673727989196777,-2.153240919113159,8.612726211547852,1.8177766833105125e-05,1.7859752178192139,2.859476327896118
0.38232651352882385,0.9395272731781006,0.2117747813463211,0.8091469407081604,0.04452377185225487,0.6710844039916992,2.3847761154174805
-0.508758544921875,0.09310965240001678,2.1380581855773926,0.11788352578878403,0.08887995779514313,1.0074567794799805,1.7603545188903809
-0.5778923630714417,-0.37453752756118774,-0.8873425722122192,2.4286670684814453,0.00881542544811964,1.1735436916351318,1.075690746307373
-0.864683210849762,1.1988661289215088,1.292995810508728,0.27444735169410706,0.0759992003440857,0.39085906744003296,1.6320395469665527
-0.023739896714687347,1.1024843454360962,0.16295017302036285,0.849633514881134,0.04275716096162796,0.536344051361084,2.574420928955078
-1.561842679977417,2.760140895843506,-1.4161795377731323,4.121345043182373,0.0016222679987549782,-0.5159906148910522,0.6627367734909058
-0.8432474136352539,0.3667904734611511,-0.5929316878318787,1.8092849254608154,0.016377119347453117,1.11441171169281,1.598048210144043
1.5929734706878662,2.0386648178100586,1.1916903257369995,0.30370745062828064,0.07380767166614532,-0.4206141233444214,-0.09469115734100342
0.3275615870952606,-1.2439100742340088,-1.8785138130187988,6.543772220611572,0.00014390498108696193,0.9754729270935059,0.8281681537628174
-0.32502132654190063,0.9548590779304504,0.4443703293800354,0.6412279009819031,0.052664536982774734,0.6418465971946716,2.4735231399536133
1.827683687210083,3.9289937019348145,0.47754019498825073,0.6203073263168335,0.05377791449427605,-0.6436583995819092,1.063072919845581
1.1052566766738892,-0.48691511154174805,1.1677076816558838,0.311079204082489,0.07326558232307434,0.9148883819580078,0.1880403757095337
-1.9078699350357056,4.040656089782715,0.07612615078687668,0.9266992807388306,0.039585817605257034,-0.5296734571456909,0.9017035365104675
0.8409242630004883,1.0722672939300537,-0.8089099526405334,2.2454590797424316,0.010587891563773155,0.7026800513267517,1.9429010152816772
0.20583784580230713,-0.1581019014120102,1.386514663696289,0.24994492530822754,0.07788436859846115,1.0125224590301514,1.6633622646331787
-0.6143340468406677,-0.5028799772262573,-0.7370253205299377,2.089709997177124,0.012372300960123539,1.0851691961288452,0.9632726907730103
0.2945849895477295,-1.1204884052276611,-0.1748652160167694,1.191085696220398,0.03038911521434784,0.5543513298034668,0.3151179552078247
0.9548561573028564,-0.05545777082443237,0.83650803565979,0.43322068452835083,0.06484173238277435,1.041784644126892,0.9436637759208679
0.37717995047569275,-0.12674491107463837,1.2862358093261719,0.27630889415740967,0.07585786283016205,1.0196094512939453,1.4535484313964844
-1.2020623683929443,2.090543746948242,-1.862367033958435,6.438960075378418,0.00015980677562765777,0.14723506569862366,1.7747334241867065
-0.05711088329553604,0.09890206903219223,1.443587064743042,0.2360794097185135,0.07897179573774338,1.018721103668213,2.0002105236053467
-0.8659595847129822,0.9732840061187744,0.9341703653335571,0.3929117023944855,0.06750883162021637,0.6018787026405334,1.759035348892212
-2.4178433418273926,4.837926864624023,-0.7754272222518921,2.1715197563171387,0.01140042208135128,0.34236037731170654,0.38772520422935486
-0.2226192057132721,0.25864630937576294,-0.20737573504447937,1.2304447889328003,0.029216259717941284,1.0897815227508545,2.1009654998779297
-0.38613033294677734,0.14587420225143433,0.24907609820365906,0.7795206308364868,0.045862581580877304,1.067331314086914,1.8783769607543945
1.7378144264221191,1.6077624559402466,-0.21574029326438904,1.2407801151275635,0.028915856033563614,0.08712030202150345,-0.3180270493030548
0.6525927186012268,2.1508748531341553,0.6079788208007812,0.5444501638412476,0.05801606923341751,-0.4936445951461792,2.1947824954986572
-0.8273096680641174,1.0247626304626465,0.33331507444381714,0.7165443897247314,0.04884371906518936,0.5909562110900879,1.9422259330749512
1.3162719011306763,2.33561110496521,-2.1748874187469482,8.801194190979004,1.5055318726808764e-05,0.1877160668373108,1.7653474807739258
-0.9781780242919922,-0.3886750340461731,-1.1937131881713867,3.299309492111206,0.00369086442515254,1.255342960357666,0.786350429058075
-0.47563236951828003,-1.2167789936065674,0.12649491429328918,0.881178617477417,0.04142943397164345,0.43478667736053467,-0.019446609541773796
1.028428316116333,1.5702537298202515,-0.10087532550096512,1.1061387062072754,0.033083394169807434,0.11115646362304688,1.616477370262146
-1.08408522605896,0.12215673923492432,-0.15785525739192963,1.1709966659545898,0.031005775555968285,1.1096478700637817,0.8392114639282227
-1.4128637313842773,2.0322659015655518,-0.5661509037017822,1.7614738941192627,0.017179148271679878,-0.2691170573234558,0.9193709492683411
1.8088078498840332,3.19290828704834,-0.20390455424785614,1.226181149482727,0.029341092333197594,-0.8760654926300049,0.12439894676208496
-0.4159882962703705,1.1398636102676392,-0.07529545575380325,1.0782026052474976,0.034020647406578064,0.5255386829376221,2.4684624671936035
-0.563704252243042,0.7072466611862183,1.2477549314498901,0.28714874386787415,0.07504001259803772,0.7888686060905457,2.2313876152038574
-2.382718086242676,5.74422550201416,-0.26588886976242065,1.304590106010437,0.027128372341394424,0.9887020587921143,1.9110435247421265
-0.6893913149833679,2.415538787841797,0.0328645184636116,0.967669665813446,0.037996746599674225,-0.6510332226753235,2.3285751342773438
0.47665783762931824,1.4117611646652222,-0.7876909375190735,2.1983144283294678,0.011099008843302727,0.3781970739364624,2.426453113555908
-1.5028523206710815,3.2083852291107178,-0.14813277125358582,1.159666895866394,0.03135906159877777,-0.8818035125732422,1.2037917375564575
0.8915426135063171,0.38118240237236023,-0.7067550420761108,2.0274016857147217,0.013167721219360828,1.1309655904769897,1.3872253894805908
1.1294643878936768,3.5456931591033936,-1.55133855342865,4.717781066894531,0.0008934983052313328,-0.4476783275604248,2.7114615440368652
0.5131489038467407,1.9672715663909912,-1.2161287069320679,3.3741002082824707,0.0034248922020196915,-0.04875937104225159,2.587961196899414
-0.10222750157117844,0.12074289470911026,0.5870158076286316,0.5559839606285095,0.0573507659137249,1.048317790031433,1.974633812904358
1.5080829858779907,2.2011125087738037,0.5186529755592346,0.5953218936920166,0.05513850599527359,-0.5298680663108826,0.3375949561595917
1.8200714588165283,2.605487823486328,-0.43368494510650635,1.5429326295852661,0.02137533202767372,-0.7054115533828735,-0.2604789733886719
-0.34884512424468994,1.6083003282546997,-0.7457842230796814,2.1080939769744873,0.01214692648500204,0.1733141839504242,2.466125011444092
-0.013473770581185818,-0.9194088578224182,-0.7791917324066162,2.1797096729278564,0.011307435110211372,0.8242613077163696,0.9226382970809937
0.12545663118362427,2.908069133758545,1.2933729887008667,0.2743438482284546,0.07600706815719604,-0.9454226493835449,3.073601484298706
0.11598312854766846,2.1412150859832764,-0.07021025568246841,1.072733759880066,0.03420720994472504,-0.4327111542224884,2.706848382949829
-2.502214193344116,4.968796730041504,0.05115099251270294,0.9501351714134216,0.03866887465119362,0.3486208915710449,0.04643270745873451
0.3203321397304535,-1.6519429683685303,-1.3292663097381592,3.7782702445983887,0.00228622043505311,0.2967694103717804,-0.385270357131958
-0.8743869066238403,0.34295323491096497,-1.4326879978179932,4.18994665145874,0.001514709321781993,1.3607603311538696,1.8156818151474
1.5774459838867188,0.6993424892425537,-0.6922633647918701,1.9982331991195679,0.013557461090385914,0.9650889039039612,0.07604707777500153
0.45492738485336304,-0.3193763196468353,-0.1285499632358551,1.1371781826019287,0.0320722758769989,1.0631492137908936,1.3318986892700195
0.2788136601448059,-0.9914049506187439,-0.7597185373306274,2.137674570083618,0.011792875826358795,0.761282205581665,0.5441482067108154
1.3503899574279785,1.1921004056930542,0.22804617881774902,0.7960875034332275,0.045109041035175323,0.4493178725242615,0.8039352297782898
0.40220966935157776,1.2417817115783691,0.23583783209323883,0.789908766746521,0.04538862034678459,0.4021015465259552,2.4353983402252197
1.3944214582443237,2.827042818069458,-0.18965813517570496,1.208836317062378,0.02985445037484169,-0.8300520777702332,1.1674965620040894
0.9225568771362305,-0.47279393672943115,-0.6814375519752502,1.9767173528671265,0.013852322474122047,1.0879712104797363,0.6200422644615173
-0.8859379887580872,-0.6777560710906982,0.4139258861541748,0.6610499620437622,0.0516308955848217,0.8450867533683777,0.2900545299053192
-0.005665796343237162,1.3687379360198975,0.2645241320133209,0.7675711512565613,0.04641390219330788,0.27744340896606445,2.6730599403381348
-0.528931736946106,0.6237803101539612,0.073127381503582,0.9294824004173279,0.03947579860687256,0.9046244025230408,2.1286377906799316
1.1578999757766724,0.9257811307907104,-0.09107037633657455,1.0953460931777954,0.033442385494709015,0.7107452154159546,1.247605562210083
0.7925792932510376,1.337517261505127,-0.42434829473495483,1.528593897819519,0.021684035658836365,0.3840284049510956,2.1409060955047607
0.9972999095916748,1.034854531288147,1.1429719924926758,0.3188699185848236,0.07269701361656189,0.5425379872322083,1.3892219066619873
-0.2553645968437195,-0.3788280487060547,-1.5241341590881348,4.5911664962768555,0.0010141021339222789,1.3882153034210205,1.5322169065475464
0.3015104830265045,0.6084233522415161,-0.9890894293785095,2.6887850761413574,0.006796346046030521,1.0894286632537842,2.496471881866455
0.3053075671195984,0.6984884142875671,0.3233954608440399,0.7236875891685486,0.0484960600733757,0.8381838202476501,2.354133129119873
-1.4833977222442627,0.9129358530044556,-1.5078461170196533,4.516991138458252,0.0010921836365014315,1.0631242990493774,0.5364221930503845
0.4785805940628052,0.16995304822921753,-0.08393065631389618,1.0875535011291504,0.0337040051817894,1.0943480730056763,1.8276538848876953
-1.0883219242095947,0.7580283880233765,0.02687915600836277,0.9734788537025452,0.037776656448841095,0.8235408067703247,1.3108571767807007
1.0051956176757812,0.5062116384506226,-0.8365523219108582,2.30839467048645,0.009942072443664074,1.1054271459579468,1.3450977802276611
1.2979341745376587,2.6463193893432617,0.13407844305038452,0.8745214343070984,0.041706155985593796,-0.7923867702484131,1.260675072669983
0.6180065274238586,0.73687744140625,-0.9852575659751892,2.678501605987549,0.0068665966391563416,1.008420705795288,2.2163782119750977
-0.8368384838104248,0.3230239748954773,1.5485349893569946,0.21255914866924286,0.080851249396801,0.969535768032074,1.3746730089187622
0.5554988384246826,0.8753897547721863,-1.9202191829681396,6.822453498840332,0.00010890456906054169,1.3229429721832275,2.624922037124634
0.5021370649337769,0.7656638622283936,0.009835058823227882,0.99021315574646,0.03714974969625473,0.8199437856674194,2.2425105571746826
1.787922739982605,1.9797642230987549,1.3578187227249146,0.2572212219238281,0.07731971889734268,-0.3719404339790344,-0.586378812789917
0.3461943566799164,-1.7488692998886108,0.11724649369716644,0.8893659710884094,0.04109162092208862,-0.0881967544555664,-0.9454658031463623
0.8893794417381287,1.4127721786499023,0.9665789604187012,0.38038212060928345,0.06836001574993134,0.1954054981470108,1.8352725505828857
1.069623351097107,1.3703004121780396,-0.08357853442430496,1.0871706008911133,0.03371691331267357,0.30787238478660583,1.5206129550933838
-0.7178428769111633,-0.3694344758987427,-0.1576860100030899,1.1707985401153564,0.031011920422315598,1.0496115684509277,0.990149974822998
-0.7364574074745178,2.591555118560791,0.7160115242004395,0.48869752883911133,0.06134248524904251,-0.8036351799964905,2.4235904216766357
-1.5718046426773071,2.558978319168091,-0.8762784600257874,2.401944160461426,0.009054175578057766,-0.5948326587677002,0.5582917928695679
-0.22114059329032898,-0.5012542009353638,-1.993177056312561,7.338812351226807,6.498218135675415e-05,1.6108617782592773,1.2053167819976807
-1.1110385656356812,0.0691612958908081,-0.4494817554950714,1.5674996376037598,0.020856602117419243,1.1543593406677246,0.7727415561676025
0.7287214398384094,0.6414844393730164,0.05046596750617027,0.950786292552948,0.03864370658993721,0.8962870240211487,1.8890143632888794
0.40864863991737366,0.16966135799884796,0.8770569562911987,0.4160054326057434,0.06596766412258148,1.0272425413131714,1.7867233753204346
0.9686850309371948,1.0556467771530151,0.9004351496696472,0.40639278292655945,0.0666048526763916,0.5333042740821838,1.639191746711731
0.2870613634586334,0.3483433425426483,0.5610304474830627,0.5706207752227783,0.05651744455099106,0.997001588344574,2.177988052368164
0.7166494131088257,-0.06870079040527344,1.797598958015442,0.16569624841213226,0.0847303569316864,1.0142107009887695,1.6153132915496826
1.6990691423416138,4.821646213531494,-2.0487444400787354,7.758154392242432,4.2724437662400305e-05,0.8848553895950317,3.829047441482544
0.4089585244655609,-1.806657075881958,-0.3825368285179138,1.465998888015747,0.0230847280472517,-0.08708010613918304,-1.0704504251480103
-0.15810710191726685,-0.5440106391906738,1.6701651811599731,0.188215970993042,0.08284357935190201,0.8744613528251648,1.1270458698272705
0.39110249280929565,-0.25433236360549927,-0.47089675068855286,1.6014295816421509,0.02016080915927887,1.127974510192871,1.4027535915374756
-0.28722092509269714,0.4145686626434326,-0.6574550867080688,1.9298746585845947,0.014516639523208141,1.1082775592803955,2.220093011856079
-0.6716135144233704,-0.4766573905944824,-2.0662262439727783,7.894973278045654,3.726118666236289e-05,1.6780308485031128,0.8585204482078552
2.075897693634033,4.440838813781738,-1.116658329963684,3.0546295642852783,0.004714018199592829,0.03723782300949097,1.1215600967407227
-0.5782269239425659,0.44813966751098633,1.97702956199646,0.13847997784614563,0.08706806600093842,0.9151027202606201,2.369920253753662
-0.02429458498954773,-0.6596444845199585,0.7900534272193909,0.4538205564022064,0.0635196715593338,0.8355922102928162,1.0187578201293945
-1.3298430442810059,0.9462653398513794,0.3935564160346985,0.6746532320976257,0.05093330144882202,0.6521821618080139,0.8054366111755371
-1.5482432842254639,2.030400037765503,0.3544655740261078,0.7015482783317566,0.049581702798604965,-0.37343811988830566,0.2594083845615387
-0.5158395767211914,-0.8507236242294312,-0.7560727000236511,2.129894971847534,0.011884978041052818,0.872428834438324,0.6210917234420776
-0.1506943702697754,-0.18326014280319214,1.1136895418167114,0.32834526896476746,0.07201143354177475,1.0160893201828003,1.3971741199493408
0.7133601307868958,0.33030837774276733,1.339916706085205,0.261867493391037,0.07696129381656647,0.9721291065216064,1.7305394411087036
1.2206487655639648,0.5699301362037659,-0.10272584855556488,1.1081875562667847,0.03301567956805229,0.9527574181556702,0.8928167223930359
-0.6997767090797424,-1.080968976020813,0.6203085780143738,0.5377784371376038,0.05840442702174187,0.524251401424408,-0.11564339697360992
0.34371259808540344,-0.278112530708313,-0.6729716658592224,1.9600533246994019,0.014085091650485992,1.1575806140899658,1.3602672815322876
0.2714120149612427,-0.6848989129066467,-1.3651844263076782,3.916445255279541,0.00199117511510849,1.1661275625228882,1.2313709259033203
2.039060115814209,4.37999963760376,0.8434538841247559,0.4302220046520233,0.06503646820783615,-0.28328031301498413,1.0348477363586426
-1.4926354885101318,1.6095216274261475,-0.5674213171005249,1.7637131214141846,0.017140721902251244,0.13765567541122437,0.5740666389465332
-0.21952243149280548,0.8290053606033325,-1.5181365013122559,4.5637125968933105,0.0010423290077596903,1.1319806575775146,2.7903342247009277
0.721092939376831,2.2410831451416016,-1.6543725728988647,5.22979736328125,0.0005354610038921237,-0.09823101758956909,2.895604372024536
-1.7134134769439697,3.150426149368286,-0.27635782957077026,1.31831955909729,0.026758458465337753,-0.8681290149688721,0.43015503883361816
0.277485728263855,-0.36396080255508423,1.4274601936340332,0.23991748690605164,0.07866927981376648,0.9584859609603882,1.4850962162017822
0.3096751570701599,0.21510770916938782,-0.9443458914756775,2.5711309909820557,0.0076449038460850716,1.2340664863586426,2.1239819526672363
-0.8135645389556885,0.7867486476898193,-0.4614923596382141,1.5864397287368774,0.020465293899178505,0.8647951483726501,1.889082908630371
0.8978531360626221,0.10557419061660767,-0.20624662935733795,1.2290562391281128,0.029256856068968773,1.1173378229141235,1.1953822374343872
0.3471520245075226,0.4604232907295227,0.8321592211723328,0.4351087808609009,0.06471942365169525,0.9393753409385681,2.105227470397949
-0.4244268238544464,1.7857409715652466,0.34797269105911255,0.7061181664466858,0.0493556372821331,-0.1426815241575241,2.4737672805786133
-0.9001225233078003,1.0704984664916992,0.728244423866272,0.48275575041770935,0.06170805171132088,0.5279625058174133,1.8204537630081177
-0.054377224296331406,-0.7174670100212097,-0.2775140702724457,1.3198447227478027,0.02671767771244049,0.8854579925537109,1.0082709789276123
-1.1998199224472046,1.8643062114715576,0.7042495012283325,0.49447953701019287,0.06098882481455803,-0.23986583948135376,1.1781483888626099
-0.6981179118156433,1.739232063293457,0.2832660973072052,0.7533193230628967,0.04708012193441391,-0.09230849891901016,2.16640567779541
-0.02390105463564396,0.16031412780284882,1.1278575658798218,0.323726087808609,0.0723448395729065,1.01954984664917,2.0239691734313965
-0.9346104860305786,0.4943819046020508,0.12923114001750946,0.8787708282470703,0.04152930527925491,0.9681392312049866,1.4600391387939453
-1.6073352098464966,3.7498512268066406,0.5316272377967834,0.5876479744911194,0.05556325986981392,-0.761879563331604,1.5312997102737427
0.961811900138855,2.7204153537750244,-0.6446413397789001,1.9053035974502563,0.014877746812999249,-0.7220779061317444,2.1766204833984375
0.023622186854481697,-0.7784675359725952,-0.2014150172472,1.2231322526931763,0.029430687427520752,0.8343036770820618,0.9761900305747986
0.3732384741306305,1.2956290245056152,0.1877911239862442,0.8287878036499023,0.0436578169465065,0.35458672046661377,2.481863260269165
0.05794386565685272,-0.09369960427284241,0.6339219212532043,0.5305070877075195,0.05883065611124039,1.0486640930175781,1.6998062133789062
-2.0372657775878906,3.122267723083496,-0.0426994226872921,1.0436241626739502,0.03521760180592537,-0.8954508304595947,-0.8029935956001282
-0.5170211791992188,1.1798386573791504,-1.6243469715118408,5.075103759765625,0.0006250437581911683,0.8885843753814697,2.608076810836792
-1.4226688146591187,0.5259274244308472,-0.2650449872016907,1.3034895658493042,0.027158241719007492,0.995207667350769,0.3406335711479187
-0.5618937015533447,1.6158287525177002,-1.1893091201782227,3.284811019897461,0.003744766116142273,0.28346389532089233,2.6479380130767822
-1.0433404445648193,-0.47713470458984375,0.19117899239063263,0.8259847164154053,0.0437803640961647,0.9709128737449646,0.22883620858192444
0.08421874791383743,0.00019716843962669373,-1.7738757133483887,5.893651485443115,0.0002756891481112689,1.5893651247024536,1.9171459674835205
-0.9825219511985779,2.134122133255005,0.11264427751302719,0.89346843957901,0.04092339053750038,-0.4446542263031006,1.739671230316162
0.03306083008646965,-1.1727572679519653,0.5810432434082031,0.5593145489692688,0.05716007202863693,0.4435428977012634,0.16667792201042175
0.4837718904018402,-0.38033896684646606,-0.2830553948879242,1.327178716659546,0.026522448286414146,1.061256766319275,1.2465295791625977
-0.49106499552726746,-0.5873814225196838,0.4567515552043915,0.633337676525116,0.05308171361684799,0.8957284688949585,0.9342960119247437
-0.056424885988235474,-0.13824108242988586,-0.5150901675224304,1.673789381980896,0.01875350810587406,1.1578388214111328,1.7826334238052368
-0.02507861703634262,0.6471794843673706,1.8950268030166626,0.1503143012523651,0.08604375272989273,0.8128190040588379,2.3778176307678223
1.1139273643493652,1.7932624816894531,0.010643703863024712,0.9894127249717712,0.03717949613928795,-0.12169439345598221,1.4315022230148315
-0.5489454865455627,-1.3124399185180664,0.9275609254837036,0.3955172300338745,0.0673331692814827,0.29504358768463135,-0.31895771622657776
0.41300591826438904,-0.3025384545326233,1.7219644784927368,0.17871472239494324,0.08363445103168488,0.9724547266960144,1.5107206106185913
0.25161948800086975,-0.6977956891059875,0.14635781943798065,0.8638485670089722,0.04215366393327713,0.852645218372345,0.9738063812255859
-0.6159476637840271,-0.3711108863353729,-1.0955499410629272,2.9908270835876465,0.005024586338549852,1.2310078144073486,1.2306044101715088
0.3965498208999634,1.9892809391021729,0.24312496185302734,0.7841734886169434,0.045649684965610504,-0.32795894145965576,2.5206751823425293
-0.865838885307312,-0.5863253474235535,0.052850060164928436,0.9485222101211548,0.038731299340724945,0.9278317093849182,0.46556514501571655
0.17529067397117615,-1.4316240549087524,1.9187695980072021,0.14678746461868286,0.08634774386882782,0.153402179479599,-0.5951205492019653
-0.1715804934501648,-0.8286328315734863,-0.11203064769506454,1.1185470819473267,0.03267541900277138,0.7877387404441833,0.8235111236572266
-1.363240122795105,2.6187031269073486,0.5040886402130127,0.6040558218955994,0.054659027606248856,-0.8059742450714111,1.0344511270523071
-0.5886144638061523,-0.9381937980651855,-0.7286955714225769,2.072375535964966,0.012588637880980968,0.7984831929206848,0.5153890252113342
1.9231325387954712,3.6328256130218506,-0.588251531124115,1.8008369207382202,0.01651606149971485,-0.7016682624816895,0.2934500277042389
0.5316585898399353,0.19654884934425354,2.303483486175537,0.0999101996421814,0.0904918685555458,0.9907374382019043,1.8529244661331177
-2.4972448348999023,5.420962810516357,1.159664273262024,0.31359145045280457,0.07308175414800644,0.6821106672286987,0.8244339823722839
0.32820338010787964,-0.31644582748413086,-1.6334691047668457,5.12161111831665,0.0005966402823105454,1.4625085592269897,1.5070439577102661
0.5064458847045898,1.3057692050933838,-1.7805136442184448,5.932902812957764,0.00026507762959226966,0.855225682258606,3.104619264602661
0.8145481944084167,-1.4345554113388062,-1.0020151138305664,2.7237648963928223,0.006562720984220505,0.4081963300704956,-0.8066858649253845
0.14888513088226318,0.49231523275375366,1.2288317680358887,0.2926342487335205,0.07462950050830841,0.9105043411254883,2.27010440826416
-0.15121470391750336,-0.625957727432251,-0.0006588653777725995,1.0006591081619263,0.03676370531320572,0.9104682803153992,1.1404368877410889
-0.6804293394088745,-0.14388060569763184,-0.3179348409175873,1.3742866516113281,0.02530200220644474,1.1270956993103027,1.3047629594802856
-0.4053472578525543,-0.36398768424987793,-0.4739568829536438,1.6063376665115356,0.020062100142240524,1.0951184034347534,1.4292309284210205
-1.4429981708526611,1.0556832551956177,-0.45685577392578125,1.5791010856628418,0.020616034045815468,0.6505433320999146,0.5493611097335815
0.5534120202064514,1.7317360639572144,0.4849041700363159,0.6157562136650085,0.05402321740984917,-0.09867024421691895,2.451413869857788
1.4114059209823608,1.7753782272338867,0.8305753469467163,0.4357984662055969,0.06467480957508087,-0.15957795083522797,0.7274393439292908
2.164607524871826,4.282083034515381,-0.0584440678358078,1.0601856708526611,0.0346391499042511,-0.3111303150653839,0.2869109511375427
0.49828076362609863,1.8964323997497559,1.1657006740570068,0.31170418858528137,0.07321980595588684,-0.2887410819530487,2.4198005199432373
3.135532855987549,10.489097595214844,1.411372423171997,0.24380844831466675,0.07836376875638962,-0.46071845293045044,1.2780872583389282
-0.0344185046851635,1.7592545747756958,-1.392636775970459,4.025450229644775,0.0017855383921414614,0.21520036458969116,2.955383539199829
1.351628065109253,3.3833768367767334,0.00639648362994194,0.9936239123344421,0.03702325373888016,-0.8715499639511108,1.7907661199569702
-0.19276489317417145,0.7322924137115479,0.9105302095413208,0.402310848236084,0.06687728315591812,0.7838748097419739,2.4579718112945557
0.2826995551586151,1.1766974925994873,-0.7524985671043396,2.122296094894409,0.011975633911788464,0.5962058305740356,2.6529150009155273
-0.6635486483573914,1.1058201789855957,-0.28845342993736267,1.3343621492385864,0.026332607492804527,0.5818377137184143,2.197537660598755
2.4233994483947754,6.9297661781311035,-0.08598334342241287,1.0897881984710693,0.03362876921892166,0.9071271419525146,2.824711799621582
0.41788628697395325,-1.0979176759719849,-0.4595574736595154,1.5833731889724731,0.020528148859739304,0.6137882471084595,0.33038604259490967
0.15303125977516174,0.3975590467453003,0.8772749900817871,0.41591474413871765,0.06597365438938141,0.9636002779006958,2.178887367248535
-1.7769752740859985,3.047347068786621,0.016600197181105614,0.9835368394851685,0.037398602813482285,-0.8972085118293762,0.10724516957998276
-0.29781410098075867,0.27218180894851685,0.593747079372406,0.5522540807723999,0.05756508186459541,1.0184119939804077,1.9230990409851074
-0.17537766695022583,0.02965598553419113,0.21550887823104858,0.80613112449646,0.044658251106739044,1.080173373222351,1.8921915292739868
-0.06922990083694458,0.42733287811279297,-0.24724991619586945,1.2804991006851196,0.027789857238531113,1.0381243228912354,2.2826499938964844
0.2060800939798355,-1.5197128057479858,-0.9208105206489563,2.5113251209259033,0.008116061799228191,0.302193820476532,-0.2413337677717209
-0.7822608351707458,-0.8223377466201782,1.5256222486495972,0.2174856811761856,0.08045391738414764,0.7022586464881897,0.0873570665717125
1.6921350955963135,1.5750417709350586,0.15252335369586945,0.8585388660430908,0.04237808287143707,0.08160845935344696,-0.18361152708530426
-0.7934624552726746,0.42621681094169617,0.6127928495407104,0.5418354868888855,0.0581679567694664,0.9647198915481567,1.7416713237762451
1.7980986833572388,2.9151129722595215,1.4700320959091187,0.22991810739040375,0.07945986837148666,-0.9514710903167725,-0.20416530966758728
0.6982676982879639,0.3242509365081787,-0.4685858488082886,1.5977331399917603,0.020235471427440643,1.1076629161834717,1.734622836112976
-2.39168119430542,7.155017852783203,-0.3615839183330536,1.4356014728546143,0.02379721775650978,0.786984920501709,3.1653976440429688
-0.6294793486595154,1.4591188430786133,-0.6509893536567688,1.917436957359314,0.014698320999741554,0.3031891882419586,2.4766926765441895
-2.3712406158447266,4.490782737731934,-0.7819120287895203,2.1856472492218018,0.01124049536883831,-0.001232147216796875,-0.12153968214988708
-1.6448264122009277,2.8929214477539062,-0.3202107548713684,1.377418041229248,0.025222893804311752,-0.8314985036849976,0.42468351125717163
-0.3988746106624603,-0.5576098561286926,0.3031623661518097,0.7384791970252991,0.04778400808572769,0.922370195388794,1.0956804752349854
1.1764999628067017,2.875551462173462,-1.202460527420044,3.328296184539795,0.0035854142624884844,-0.631989598274231,1.8511888980865479
0.22528018057346344,-0.5032382607460022,-0.3661194443702698,1.4421274662017822,0.02364242449402809,1.0202381610870361,1.294018030166626
-0.01664203777909279,-1.3807528018951416,0.5491908192634583,0.5774168372154236,0.056134652346372604,0.2466433197259903,-0.1026865690946579
-1.0584428310394287,2.213841438293457,-1.1401472091674805,3.1272287368774414,0.004383911844342947,-0.2869122624397278,1.6700942516326904
0.16821357607841492,-0.09384489059448242,1.3720358610153198,0.2535901665687561,0.07760097831487656,1.0209587812423706,1.7080837488174438
1.7096612453460693,3.039891242980957,-0.09796767681837082,1.1029270887374878,0.033189814537763596,-0.8845401406288147,0.35600703954696655
0.6681309342384338,-1.2025145292282104,1.7553709745407104,0.1728431135416031,0.08412696421146393,0.3772972822189331,-0.559110701084137
0.23159536719322205,-0.03607456758618355,0.5771359205245972,0.5615042448043823,0.05703504756093025,1.055499792098999,1.7719364166259766
0.8786125183105469,0.4356916844844818,0.15563330054283142,0.8558729887008667,0.042491208761930466,0.9921656847000122,1.527004599571228
1.136534333229065,2.820906162261963,-0.2713055908679962,1.311675786972046,0.02693682536482811,-0.8178516626358032,1.7974683046340942
1.9386926889419556,3.9352149963378906,0.9119060635566711,0.40175771713256836,0.06691428273916245,-0.6610917448997498,0.3723345398902893
-0.5399345755577087,-0.41976433992385864,1.5483914613723755,0.21258965134620667,0.08084878325462341,0.9344439506530762,1.021964192390442
-0.635100781917572,-1.1016974449157715,-0.06673941761255264,1.069016933441162,0.034334588795900345,0.5589843988418579,0.02338193543255329
-0.588131844997406,0.05748072266578674,-0.3845880329608917,1.4690090417861938,0.023015344515442848,1.145249366760254,1.6590856313705444
-1.0677090883255005,0.8612250685691833,0.26662808656692505,0.7659578919410706,0.046488840132951736,0.7281043529510498,1.361081600189209
0.4401051998138428,-0.5109456777572632,-1.5056971311569214,4.507294654846191,0.001102825510315597,1.323011875152588,1.326435923576355
1.1343798637390137,2.6189208030700684,-0.8187698721885681,2.2677085399627686,0.010354919359087944,-0.639717698097229,1.7394260168075562
1.4057468175888062,1.0997141599655151,0.13173861801624298,0.8765701055526733,0.041620802134275436,0.5415078401565552,0.6244876980781555
-1.6298785209655762,3.145742177963257,1.6430401802062988,0.19339120388031006,0.08241595327854156,-0.9806522727012634,0.7891162037849426
1.085129737854004,1.0807276964187622,1.3978248834609985,0.24713392555713654,0.07810360938310623,0.4953998327255249,1.1715505123138428
1.6488544940948486,3.997015953063965,-0.9486057758331299,2.5821070671081543,0.00756145128980279,-0.3976883292198181,1.903723120689392
-0.9916983246803284,0.14178651571273804,-0.040379732847213745,1.0412061214447021,0.03530286252498627,1.094085693359375,1.0455893278121948
0.20984385907649994,1.4267820119857788,1.0205860137939453,0.36038368940353394,0.06974086910486221,0.17955538630485535,2.5420100688934326
-0.47869786620140076,-0.5818616151809692,-0.5163930058479309,1.675971508026123,0.01871262863278389,1.0030381679534912,1.088425636291504
-0.49859973788261414,1.1974763870239258,0.2019505798816681,0.8171353340148926,0.04416951537132263,0.4464222192764282,2.3842720985412598
0.5378857254981995,-0.5210822820663452,0.3328147232532501,0.716903030872345,0.04882620647549629,0.938971221446991,0.9971354603767395
-0.5655569434165955,-0.7435319423675537,-1.6723883152008057,5.3248701095581055,0.0004868983232881874,1.2685694694519043,1.0445646047592163
-2.453799247741699,7.534833908081055,-0.33718299865722656,1.4009953737258911,0.024635162204504013,0.4538570046424866,2.903797149658203
0.7914462685585022,1.9695088863372803,1.540742039680481,0.21422208845615387,0.08071690797805786,-0.36680999398231506,1.718915343284607
0.5189379453659058,-1.0055041313171387,0.9106517434120178,0.40226197242736816,0.06688055396080017,0.5758888125419617,0.23233677446842194
0.6097821593284607,-0.36166250705718994,-1.3644250631332397,3.9134724140167236,0.001997103448957205,1.3266570568084717,1.319366693496704
-0.09013377130031586,-1.414728045463562,0.03042721003293991,0.9700310230255127,0.03790712729096413,0.25243860483169556,-0.1710270196199417
-0.3111150860786438,2.194376230239868,-1.0930078029632568,2.9832334518432617,0.005062886513769627,-0.285621702671051,2.9110426902770996
-0.35247519612312317,0.7780510783195496,-1.7914316654205322,5.99803352355957,0.0002483631542418152,1.3120861053466797,2.536700487136841
0.06868156045675278,0.2529207170009613,0.8643032908439636,0.4213449954986572,0.06561636924743652,1.0103201866149902,2.0354361534118652
-0.6980313062667847,1.3441712856292725,-0.8508347868919373,2.3416006565093994,0.009617357514798641,0.4588502049446106,2.437403440475464
0.569162905216217,0.38893598318099976,1.5511541366577148,0.21200315654277802,0.08089621365070343,0.9465133547782898,1.4834086894989014
-0.687325119972229,1.891133189201355,-0.6471191644668579,1.9100303649902344,0.01480758935213089,-0.12388326227664948,2.286608934402466
-0.776963472366333,0.35326266288757324,-1.2402935028076172,3.45662784576416,0.003153592813760042,1.2839117050170898,1.6837629079818726
0.7943418025970459,0.8112793564796448,-0.029393184930086136,1.0298293828964233,0.035706788301467896,0.7915542125701904,1.889147162437439
1.005146861076355,1.2839046716690063,1.2033735513687134,0.3001798391342163,0.07406850159168243,0.3129902780056,1.721651554107666
-0.379353404045105,-0.10983183979988098,0.17765836417675018,0.8372284173965454,0.0432908721268177,1.0776973962783813,1.6212756633758545
-0.14894679188728333,-1.631537914276123,0.6753871440887451,0.5089593529701233,0.060112081468105316,-0.009808305650949478,-0.6938197016716003
0.09090542793273926,0.027698680758476257,-0.03243926167488098,1.0329711437225342,0.03559478372335434,1.1029136180877686,1.907103419303894
0.8980714678764343,-0.443520188331604,2.068408727645874,0.12638673186302185,0.08812739700078964,0.9158853888511658,0.5641714334487915
-0.8821532726287842,0.4704114496707916,0.17299823462963104,0.8411390781402588,0.043121904134750366,0.9754957556724548,1.5237990617752075
0.4768485128879547,1.1203945875167847,1.7766083478927612,0.16921107470989227,0.08443306386470795,0.45224833488464355,2.4158501625061035
-1.2747230529785156,1.4506206512451172,-1.6196805238723755,5.051476001739502,0.0006399879930540919,0.6250342130661011,1.2943319082260132
-0.5670057535171509,0.8693978190422058,0.4192439913749695,0.6575437188148499,0.05181224271655083,0.7110410332679749,2.2521424293518066
-1.7140557765960693,3.578270435333252,-2.755398750305176,15.727311134338379,1.4781399215735291e-08,0.6665694117546082,2.398266553878784
1.294345736503601,0.836722195148468,1.3164705038070679,0.26807981729507446,0.07648467272520065,0.6967080235481262,0.5955905318260193
0.2887091040611267,-0.8657630085945129,1.3511898517608643,0.2589319944381714,0.07718755304813385,0.6739524006843567,0.5552032589912415
0.35527798533439636,0.2024848461151123,0.4090707004070282,0.6642672419548035,0.051465053111314774,1.0459966659545898,1.9439016580581665
-0.0682099387049675,0.22690263390541077,0.9289226531982422,0.39497900009155273,0.06736941635608673,1.0138657093048096,2.264152765274048
0.6742936968803406,-0.719367265701294,-0.01289612427353859,1.0129796266555786,0.03631353750824928,0.8535207509994507,0.5824192762374878
-1.09359872341156,1.76925528049469,-0.4867372512817383,1.626999020576477,0.01965184323489666,-0.034458860754966736,1.5606629848480225
-0.6275386214256287,0.23461423814296722,1.989762306213379,0.13672791421413422,0.08722075074911118,0.9862768650054932,1.9198862314224243
-1.2198065519332886,2.353391170501709,1.6921372413635254,0.18412558734416962,0.08318313211202621,-0.6867092251777649,1.2029951810836792
-0.81621915102005,1.632325291633606,0.12586966156959534,0.881729781627655,0.04140660539269447,0.026682831346988678,1.9849482774734497
0.21201205253601074,0.6076948642730713,0.529011607170105,0.5891870260238647,0.0554778091609478,0.8798850774765015,2.301849842071533
-0.32577061653137207,0.5787789225578308,-1.7673145532608032,5.855108737945557,0.0002865223796106875,1.4226419925689697,2.586561679840088
1.551214337348938,2.9131879806518555,0.1054210439324379,0.8999454975128174,0.04065918177366257,-0.884034276008606,0.7245568037033081
0.8043243288993835,0.5385131239891052,0.8759146332740784,0.4164809286594391,0.06593631207942963,0.9001202583312988,1.6021274328231812
0.16960403323173523,0.35644176602363586,-0.32305410504341125,1.3813400268554688,0.025124166160821915,1.075278401374817,2.1861913204193115
1.654997706413269,3.399031400680542,0.6301913857460022,0.5324898958206177,0.0587141215801239,-0.9137962460517883,0.9019120335578918
0.12301468849182129,-0.29506248235702515,-1.2881405353546143,3.626037836074829,0.0026621452998369932,1.319387674331665,1.7140005826950073
-0.7999256253242493,-0.014012277126312256,-0.469906210899353,1.5998440980911255,0.020192798227071762,1.1598862409591675,1.2337448596954346
2.3358280658721924,5.25949239730835,-0.09980808943510056,1.1049588918685913,0.03312245011329651,0.6307114958763123,1.3973037004470825
0.18324856460094452,0.6184097528457642,1.2061207294464111,0.2993563115596771,0.07412952184677124,0.8447370529174805,2.285828113555908
1.498822808265686,2.028338670730591,0.8923638463020325,0.4096861779689789,0.06638585031032562,-0.4007759392261505,0.34163469076156616
1.702004313468933,3.4201314449310303,0.8068311810493469,0.4462699890136719,0.06400109827518463,-0.9168311953544617,0.7219045162200928
-1.3060508966445923,2.7837371826171875,0.015743257477879524,0.9843800067901611,0.037367083132267,-0.8382121324539185,1.332467794418335
-1.3124916553497314,-0.6820077896118164,0.3293977975845337,0.7193567752838135,0.0487065427005291,0.848244309425354,-0.6842432022094727
-0.13368789851665497,0.6170468926429749,-0.5041160583496094,1.6555215120315552,0.019099242985248566,0.9811428785324097,2.4177298545837402
-0.3126150965690613,1.3744685649871826,-0.11084087193012238,1.1172170639038086,0.03271890804171562,0.30679064989089966,2.5822653770446777
-0.9228579998016357,1.0853168964385986,0.2912948727607727,0.7472952604293823,0.04736459255218506,0.5413619875907898,1.7546344995498657
-0.7241153717041016,0.6614338755607605,0.12269474565982819,0.8845336437225342,0.04129066690802574,0.8775656223297119,1.9099825620651245
0.34303221106529236,1.6660243272781372,-0.07356336712837219,1.0763367414474487,0.03408418223261833,0.012549534440040588,2.562244176864624
0.019022203981876373,0.4145018756389618,-0.391005277633667,1.478466272354126,0.022798709571361542,1.0631636381149292,2.3618054389953613
0.1313667744398117,-0.49502936005592346,-0.005023273639380932,1.0050358772277832,0.03660314902663231,0.9804583191871643,1.318658471107483
-0.1600072979927063,-1.6375592947006226,0.8450055718421936,0.4295549690723419,0.06507986783981323,-0.02375788986682892,-0.7292777299880981
1.8470652103424072,1.4649783372879028,0.16123835742473602,0.8510891795158386,0.04269496351480484,0.1907295286655426,-0.7573562264442444
0.0046602110378444195,-0.004379072226583958,0.6856945157051086,0.5037402510643005,0.060426633805036545,1.050364375114441,1.928879976272583
0.6113567352294922,-0.5232065320014954,-1.2175440788269043,3.3788793087005615,0.0034085630904883146,1.2041094303131104,1.034387230873108
0.14145410060882568,0.7854809761047363,1.4245306253433228,0.24062137305736542,0.07861392199993134,0.7311103940010071,2.527536630630493
-0.7731063961982727,1.0607187747955322,-0.11983732879161835,1.127313494682312,0.03239022567868233,0.600976288318634,2.0201964378356934
0.6817143559455872,1.0835435390472412,0.18130441009998322,0.8341813683509827,0.04342298209667206,0.5516182780265808,2.1765830516815186
-0.10745823383331299,0.6657447814941406,-0.9724451899528503,2.6444027423858643,0.007104777731001377,1.050897240638733,2.64225435256958
-0.7421269416809082,0.5553873777389526,0.3964516520500183,0.6727027893066406,0.051032740622758865,0.9169665575027466,1.7756071090698242
-1.5981125831604004,3.1260170936584473,-1.0300601720809937,2.801234483718872,0.006073503755033016,-0.7197552919387817,0.7061394453048706
1.1632440090179443,0.34464776515960693,0.5355737805366516,0.5853333473205566,0.05569201707839966,0.9997278451919556,0.8862108588218689
0.9207168817520142,0.1547885537147522,-1.3061165809631348,3.6918089389801025,0.002492686966434121,1.3572250604629517,1.2357362508773804
0.008692078292369843,1.5696814060211182,-2.2661325931549072,9.64203929901123,6.4940491029119585e-06,0.9653188586235046,3.3375041484832764
-0.7380539178848267,0.12791970372200012,-0.3794744610786438,1.461516261100769,0.02318844012916088,1.1379810571670532,1.4679080247879028
0.6877254843711853,1.9470343589782715,0.2066274732351303,0.8133226037025452,0.04433824494481087,-0.28609198331832886,2.182471513748169
0.5158272385597229,0.6226300001144409,0.26279234886169434,0.768901526927948,0.04635219648480415,0.8892377018928528,2.117504119873047
-1.1083354949951172,0.75654137134552,1.3798038959503174,0.2516278922557831,0.07775340229272842,0.7523772120475769,1.236852765083313
1.4784144163131714,4.2424211502075195,-0.012763328850269318,1.0128451585769653,0.03631841763854027,-0.35157310962677,2.7096803188323975
1.7674225568771362,3.48979115486145,0.5425427556037903,0.5812683701515198,0.0559188649058342,-0.8818620443344116,0.4959886372089386
-0.5092016458511353,-0.1350676715373993,-0.07462998479604721,1.07748544216156,0.03404505178332329,1.0986407995224,1.494048833847046
0.35130348801612854,-0.05588787794113159,-0.19129644334316254,1.2108182907104492,0.029795337468385696,1.1195204257965088,1.6964646577835083
-0.22149556875228882,1.4585926532745361,-1.2715035676956177,3.5662105083465576,0.0028262753039598465,0.4685894548892975,2.8649959564208984
-0.8466033339500427,0.5495492815971375,-1.1917139291763306,3.292719841003418,0.003715266240760684,1.1820319890975952,1.7609632015228271
0.8948851227760315,0.21719861030578613,0.3501274287700653,0.7045983076095581,0.04943070933222771,1.0469647645950317,1.2882639169692993
0.381490021944046,0.26090285181999207,-0.9920313954353333,2.696707010269165,0.006742718629539013,1.235828161239624,2.0724916458129883
0.7698040008544922,2.567321538925171,-0.4724554121494293,1.6039276123046875,0.020110510289669037,-0.6791957020759583,2.365206718444824
0.920820415019989,1.4536247253417969,0.9823848009109497,0.37441712617874146,0.06876900047063828,0.15434539318084717,1.8607052564620972
0.8005692958831787,1.7772130966186523,0.8869000673294067,0.41193073987960815,0.06623701751232147,-0.1637609899044037,1.844679832458496
-0.02585170790553093,0.4842730164527893,0.42917436361312866,0.6510463953018188,0.05214998126029968,0.9501183032989502,2.3317530155181885
0.09037163853645325,0.37932541966438293,-0.5617903470993042,1.7538095712661743,0.017311319708824158,1.1042956113815308,2.323359966278076
-0.21213923394680023,1.1410375833511353,1.0027680397033691,0.36686253547668457,0.06929048895835876,0.45333772897720337,2.5022974014282227
0.5382391810417175,1.628957748413086,-0.587811291217804,1.800044298171997,0.016529155895113945,0.12187579274177551,2.4572043418884277
1.7217215299606323,2.4943079948425293,-1.229987382888794,3.4211864471435547,0.003267364576458931,-0.45560547709465027,0.1478140503168106
-0.04198664799332619,1.7701163291931152,-0.2913045287132263,1.3381720781326294,0.02623247541487217,-0.06418563425540924,2.734464645385742
1.3451647758483887,2.1261491775512695,-0.9055480360984802,2.4732871055603027,0.008430727757513523,-0.2799144387245178,1.1285344362258911
-0.3341901898384094,2.1905603408813477,-0.5926132798194885,1.808708906173706,0.01638655737042427,-0.39997220039367676,2.688310384750366
-1.1574560403823853,1.0600512027740479,0.1617262363433838,0.850674033164978,0.04271269589662552,0.5738947987556458,1.270593285560608
0.27756068110466003,-0.5668375492095947,-0.3655766248703003,1.4413448572158813,0.023660933598876,0.987737774848938,1.165089726448059
-0.1502450555562973,0.5022941827774048,0.026273038238286972,0.9740691184997559,0.0377543643116951,0.9738872647285461,2.3072452545166016
-2.017213821411133,3.485020637512207,-0.3834075331687927,1.467275857925415,0.023055268451571465,-0.794878363609314,-0.31609585881233215
0.3729461431503296,1.1653310060501099,0.558118999004364,0.5722845196723938,0.05642349645495415,0.45167484879493713,2.410515308380127
0.9106687903404236,-0.6340509057044983,-0.5294196605682373,1.6979466676712036,0.018305901437997818,0.9754289984703064,0.33853963017463684
-1.8994206190109253,2.8593239784240723,0.6279822587966919,0.5336675047874451,0.05864502117037773,-0.9070593118667603,-0.4554397761821747
1.0912165641784668,1.4640560150146484,-0.7385910749435425,2.092984676361084,0.012331852689385414,0.31583619117736816,1.5970901250839233
-0.6785251498222351,0.8476070761680603,0.2602364122867584,0.7708693146705627,0.046261075884103775,0.7388659119606018,2.048746109008789
-0.3095165193080902,-0.3148390054702759,1.5651992559432983,0.2090463489294052,0.08113576471805573,0.9717509150505066,1.3399946689605713
0.7280110120773315,-0.8704618811607361,-0.4086064398288727,1.5047193765640259,0.02220796048641205,0.7949453592300415,0.23693697154521942
-2.2784781455993652,5.424554347991943,0.5850663781166077,0.5570688843727112,0.057288579642772675,0.7091813087463379,1.8659124374389648
1.209519863128662,1.2284597158432007,-0.3410932719707489,1.4064843654632568,0.02450031228363514,0.4763374924659729,1.2027381658554077
-0.8565669655799866,1.4447355270385742,-1.3307015895843506,3.7836971282958984,0.002273846883326769,0.5040969252586365,2.0967650413513184
-0.07221492379903793,-0.9015904068946838,-0.8765376210212708,2.40256667137146,0.009048541076481342,0.8606200218200684,0.9090472459793091
-1.2411566972732544,0.590664267539978,0.7638661861419678,0.46586182713508606,0.0627593994140625,0.8771570920944214,0.7563803791999817
-0.9170148372650146,0.9808446168899536,0.649990975856781,0.5220504999160767,0.05933027341961861,0.6085259318351746,1.803788185119629
0.3709676265716553,0.6921921968460083,-1.1633738279342651,3.200713634490967,0.004073312506079674,1.089920163154602,2.4958770275115967
-2.0127511024475098,5.02856969833374,0.31756845116615295,0.7279168367385864,0.048291392624378204,0.38373053073883057,2.3847155570983887
-1.7715102434158325,2.9874284267425537,-1.709673523902893,5.527156829833984,0.000397728115785867,-0.4354245662689209,0.34800541400909424
0.5773453712463379,0.6348587274551392,0.8872002363204956,0.4118070900440216,0.06624520570039749,0.8463362455368042,1.9102429151535034
-0.05674149841070175,0.11394002288579941,-0.09215223789215088,1.0965317487716675,0.03340275585651398,1.1031689643859863,2.0088796615600586
-0.015493390150368214,-0.7528780698776245,-0.9738802313804626,2.648200273513794,0.007077848073095083,0.9945440888404846,1.188217282295227
2.1186177730560303,3.7528834342956543,-0.7121320962905884,2.038332462310791,0.013024571351706982,-0.615074634552002,-0.2926238775253296
-0.4683369994163513,1.7387197017669678,0.9516928195953369,0.3860868811607361,0.06797114759683609,-0.12852661311626434,2.2625136375427246
1.9701087474822998,5.792399883270264,-1.1186861991882324,3.0608303546905518,0.004684877581894398,1.1880459785461426,3.9998204708099365
0.8704147338867188,0.7263786196708679,0.5298924446105957,0.5886682868003845,0.05550659820437431,0.8064513206481934,1.682321548461914
0.5386058688163757,1.8740407228469849,-0.5185253620147705,1.6795490980148315,0.01864580437541008,-0.13066323101520538,2.394432783126831
-2.224175214767456,5.303491592407227,-0.02033011056482792,1.0205382108688354,0.03604009002447128,0.6593307256698608,1.968226432800293
0.6412280797958374,1.64821457862854,-0.3408994674682617,1.4062118530273438,0.024506989866495132,0.06328024715185165,2.3106493949890137
-0.8309015035629272,1.3409054279327393,0.8391159772872925,0.4320923388004303,0.06491494178771973,0.27108052372932434,1.9461079835891724
0.16632193326950073,0.29397818446159363,-0.25031816959381104,1.2844340801239014,0.027680719271302223,1.08554208278656,2.1574599742889404
-2.1516010761260986,2.9783637523651123,-1.0866392850875854,2.9642951488494873,0.005159682594239712,-0.690278172492981,-1.3080646991729736
-0.5397835969924927,0.9679004549980164,-0.5636974573135376,1.757157564163208,0.017253458499908447,0.7427459359169006,2.324191093444824
0.002724193735048175,-0.6573541164398193,0.602853536605835,0.5472478270530701,0.05785398557782173,0.8463364839553833,1.154384970664978
0.6655997037887573,0.41277876496315,-0.8368260264396667,2.3090264797210693,0.009935793466866016,1.1469123363494873,1.9338417053222656
0.7612844705581665,1.1631157398223877,0.40218618512153625,0.6688562035560608,0.05122941732406616,0.46336668729782104,2.1007471084594727
-0.5200087428092957,-1.9244623184204102,-0.8296843767166138,2.292595148086548,0.01010040007531643,-0.1170797049999237,-1.176231026649475
-1.031079888343811,0.7814152240753174,-1.2551286220550537,3.5082895755767822,0.0029948095325380564,1.060746431350708,1.530043125152588
0.7770964503288269,-0.9047549366950989,0.07842017710208893,0.9245758652687073,0.03966996446251869,0.7103358507156372,0.14980433881282806
0.5777742862701416,-0.8685259819030762,1.9889134168624878,0.13684403896331787,0.08721062541007996,0.6596368551254272,0.40197470784187317
-1.3772854804992676,3.3415403366088867,2.2280378341674805,0.10773962736129761,0.08978613466024399,-0.9693030118942261,2.282309055328369
0.16357214748859406,0.7788866758346558,0.46662667393684387,0.6271141767501831,0.05341310054063797,0.7744075059890747,2.370774269104004
-0.31641486287117004,-1.767923355102539,0.35994213819503784,0.6977167129516602,0.04977204650640488,-0.12608113884925842,-0.9662178754806519
-0.8297119140625,1.5833215713500977,-0.9877195358276367,2.6851041316986084,0.0068214088678359985,0.2559854984283447,2.1051387786865234
0.5001448392868042,0.8533468246459961,-0.6275527477264404,1.8730212450027466,0.015365871600806713,0.844767153263092,2.374689817428589
0.4397299885749817,-0.375251829624176,0.31827718019485474,0.7274011373519897,0.04831630364060402,1.0031554698944092,1.2335482835769653
0.26933449506759644,0.22681646049022675,-2.349313974380493,10.478379249572754,2.8138290417700773e-06,2.0222251415252686,2.2677996158599854
0.03799218684434891,0.4775037169456482,0.2571393549442291,0.7732604742050171,0.04615058749914169,0.9654709696769714,2.306306838989258
0.9220676422119141,1.0239444971084595,-0.044615160673856735,1.0456253290176392,0.03514719754457474,0.6245632767677307,1.755799651145935
0.2799592614173889,-0.1385514736175537,-0.6989415287971497,2.011622428894043,0.013377146795392036,1.1915793418884277,1.703991413116455
0.08545281738042831,0.9346322417259216,0.5308355689048767,0.5881133675575256,0.05553741008043289,0.6529256105422974,2.5558407306671143
0.041258130222558975,-2.0914688110351562,-1.225043535232544,3.4043142795562744,0.0033229596447199583,-0.15703219175338745,-1.1964980363845825
-0.5100141763687134,1.26582932472229,-1.147596836090088,3.1506123542785645,0.004282589070498943,0.6153229475021362,2.7251110076904297
0.40153589844703674,-1.7432228326797485,0.5306550860404968,0.5882195234298706,0.05553151294589043,-0.11275141686201096,-1.0263344049453735
-0.9854104518890381,0.5126373171806335,-1.5114164352416992,4.53314733505249,0.0010746798943728209,1.3247687816619873,1.8238766193389893
1.3649835586547852,4.7301506996154785,-1.5749351978302002,4.830428600311279,0.0007983098621480167,0.5008036494255066,4.566490173339844
-1.0189275741577148,-0.010950922966003418,-0.3116103410720825,1.3656225204467773,0.025522176176309586,1.1365022659301758,0.8919549584388733
0.2081279158592224,-0.6792944669723511,0.4708493947982788,0.6244716048240662,0.053554434329271317,0.8404632806777954,1.0318280458450317
-1.0814353227615356,3.105896472930908,-0.4197823405265808,1.5216302871704102,0.021835561841726303,-0.8471999168395996,2.2332677841186523
2.009876012802124,3.8491499423980713,0.8856073021888733,0.41246360540390015,0.06620173156261444,-0.7187054753303528,0.21550323069095612
1.663468599319458,2.192131757736206,0.3698805570602417,0.6908168196678162,0.0501166507601738,-0.5130398273468018,-0.04751840978860855
-0.19872605800628662,-2.0949392318725586,-1.3838638067245483,3.9902896881103516,0.0018494356190785766,-0.10144221782684326,-0.9875750541687012
0.1350388079881668,-0.5943635702133179,-0.7987375855445862,2.22273325920105,0.010831265710294247,1.0507783889770508,1.262160062789917
0.7436963319778442,-0.450825572013855,-0.35089805722236633,1.4203425645828247,0.024163123220205307,1.0421220064163208,0.9157481789588928
0.5189704298973083,1.6290922164916992,0.22319947183132172,0.7999552488327026,0.04493490606546402,0.021732650697231293,2.4060094356536865
-1.6138540506362915,3.0534396171569824,0.23085848987102509,0.7938517928123474,0.04521000385284424,-0.9167318940162659,0.6186726093292236
0.8321987986564636,0.6398246884346008,0.39886799454689026,0.6710792779922485,0.05111566185951233,0.869308352470398,1.6495035886764526
-0.5293265581130981,0.6728153228759766,-0.10458270460367203,1.110247254371643,0.03294774889945984,0.8930950164794922,2.168248414993286
0.4618295431137085,0.7278892993927002,-2.6727776527404785,14.480134010314941,5.1446722437731296e-08,2.194593667984009,2.263488531112671
-0.16825513541698456,0.09383624792098999,0.9322311878204346,0.393674373626709,0.06745736300945282,1.0349680185317993,2.030975103378296
-0.6500210165977478,-0.7729810476303101,-0.6044846773147583,1.8303087949752808,0.01603640429675579,0.8988631963729858,0.6863411068916321
0.6578894853591919,1.3550397157669067,0.17156414687633514,0.8423462510108948,0.043069880455732346,0.2983211874961853,2.228443145751953
-0.15012283623218536,1.4539979696273804,1.601999044418335,0.20149332284927368,0.08175090700387955,0.13668231666088104,2.5771613121032715
-0.6111757755279541,0.4889741539955139,0.25930970907211304,0.7715840339660645,0.04622802138328552,0.9599735736846924,1.9233356714248657
1.0884138345718384,0.8322778940200806,1.295491099357605,0.27376338839530945,0.07605119794607162,0.7005694508552551,1.279712438583374
-0.42517805099487305,-0.9206036329269409,0.2278009057044983,0.7962827682495117,0.04510023444890976,0.6849680542945862,0.5054097175598145
0.7344530820846558,-0.9022202491760254,-0.8446541428565979,2.3271727561950684,0.00975712202489376,0.8525865077972412,0.3941844403743744
0.2641226351261139,-0.20733964443206787,0.43221986293792725,0.6490666270256042,0.05225332826375961,1.0434887409210205,1.5999000072479248
-0.18158793449401855,-0.32744213938713074,1.3078241348266602,0.2704077959060669,0.07630682736635208,0.9739089012145996,1.4715921878814697
-0.696115255355835,1.9743047952651978,0.7277219295501709,0.4830080568790436,0.0616924874484539,-0.34434664249420166,2.085803985595703
1.259489893913269,1.4323800802230835,0.17900799214839935,0.8360992074012756,0.04333978146314621,0.22158460319042206,1.0879911184310913
0.7924068570137024,-1.1966006755828857,0.8835949897766113,0.4132944345474243,0.06614674627780914,0.40685340762138367,-0.39867112040519714
-1.8824760913848877,1.7638007402420044,0.5695472955703735,0.5657815337181091,0.05679161474108696,-0.13523024320602417,-0.8820765614509583
-0.05638528987765312,-0.9883713126182556,0.3480004668235779,0.7060985565185547,0.0493566058576107,0.6206606030464172,0.5929890275001526
1.3756858110427856,4.498199462890625,0.377251535654068,0.6857435703277588,0.050371550023555756,-0.1439811885356903,3.402587890625
-1.9586361646652222,5.431197643280029,0.30581533908843994,0.7365226149559021,0.04787759110331535,0.732140839099884,3.235697031021118
-0.560154139995575,1.5325100421905518,-1.4521417617797852,4.272254943847656,0.0013950290158390999,0.46550244092941284,2.7071497440338135
1.1471209526062012,0.4401528835296631,-0.40063419938087463,1.4927711486816406,0.022474898025393486,1.0539636611938477,0.9852192401885986
-0.0027509371284395456,0.3419357240200043,-0.9626681208610535,2.6186740398406982,0.00728994607925415,1.203974723815918,2.25603985786438
-1.9122099876403809,2.677025556564331,-0.9590041041374207,2.6090967655181885,0.007360099349170923,-0.6331059336662292,-0.7521406412124634
-1.9898029565811157,3.480668067932129,0.18027980625629425,0.8350365161895752,0.043385863304138184,-0.8595589399337769,-0.2291879653930664
-0.6375917196273804,0.6650734543800354,-0.11193802952766418,1.118443489074707,0.03267880529165268,0.8987157940864563,2.044175624847412
-0.27483299374580383,1.1669156551361084,1.1536861658096313,0.31547173857688904,0.07294446974992752,0.42453688383102417,2.61899471282959
1.1176273822784424,0.654991090297699,0.2672639787197113,0.7654709815979004,0.04651148244738579,0.8696004152297974,1.1671785116195679
1.1741389036178589,1.9117622375488281,-0.01582462713122368,1.0159504413604736,0.03620581701397896,-0.23280251026153564,1.3016315698623657
0.04918162152171135,-1.5053871870040894,-0.4740689992904663,1.6065177917480469,0.020058486610651016,0.22601428627967834,-0.24949602782726288
-1.378532886505127,0.772858738899231,1.9278606176376343,0.14545905590057373,0.08646252751350403,0.7304635643959045,0.23011744022369385
-0.8636534214019775,-0.4607129693031311,-0.5613027811050415,1.7529547214508057,0.017326125875115395,1.0710312128067017,0.7378917336463928
0.17633676528930664,-2.1794776916503906,0.9237022995948792,0.3970463275909424,0.06723029166460037,-0.5320815443992615,-1.70114266872406
-0.18516962230205536,0.6275712847709656,1.47678542137146,0.22837062180042267,0.07958292216062546,0.8322930335998535,2.2728447914123535
-0.6585068106651306,-0.95418381690979,1.0126886367797852,0.363241046667099,0.06954187899827957,0.6145989298820496,0.18712414801120758
-0.6608737111091614,1.7696623802185059,-2.2265708446502686,9.268030166625977,9.439427230972797e-06,0.729245126247406,3.183189868927002
-1.1278400421142578,0.17158031463623047,-0.4857878088951111,1.6254550218582153,0.019682209938764572,1.1478617191314697,0.7912365198135376
0.5381268858909607,0.5724561214447021,0.3004278838634491,0.7405012845993042,0.04768747836351395,0.9146231412887573,2.088942050933838
0.14769956469535828,-0.08548395335674286,0.11985109001398087,0.8870525360107422,0.04118679463863373,1.08505380153656,1.7629024982452393
-1.3926647901535034,1.6251804828643799,0.3863687813282013,0.6795198917388916,0.05068602412939072,0.01359463855624199,0.7337327003479004
1.9956374168395996,4.3452067375183105,2.6794910430908203,0.06859806180000305,0.09337018430233002,-0.3521271049976349,1.1799193620681763
1.0920437574386597,0.14059555530548096,0.9774699211120605,0.3762618601322174,0.068642258644104,1.0277588367462158,0.6719505786895752
0.35849013924598694,1.1516010761260986,-0.812930703163147,2.2545056343078613,0.010492539964616299,0.6324760913848877,2.627579927444458
2.297924757003784,5.138557434082031,-0.5467313528060913,1.7275968790054321,0.017771096900105476,0.5861446857452393,1.4805854558944702
-1.0902535915374756,0.5640750527381897,-0.25769907236099243,1.2939493656158447,0.027418578043580055,0.9744784235954285,1.225641131401062
0.5674949884414673,-0.44527125358581543,-1.2203105688095093,3.388239860534668,0.003376806154847145,1.241317868232727,1.212565541267395
0.8139141201972961,2.207275867462158,-1.1305783987045288,3.097447633743286,0.004516432993113995,-0.2846232056617737,2.1191604137420654
0.778322160243988,-1.6439576148986816,0.4147871434688568,0.6604808568954468,0.051660288125276566,-0.0070479512214660645,-1.1253694295883179
0.5154293179512024,0.9111541509628296,-0.7537734508514404,2.1250035762786865,0.011943253688514233,0.8253345489501953,2.424586296081543
-0.42212235927581787,-0.005658000707626343,-1.0528744459152222,2.865877151489258,0.005693316925317049,1.286571741104126,1.6084588766098022
-0.4973304569721222,-0.3787001967430115,2.2243618965148926,0.10813640058040619,0.0897505134344101,0.9399596452713013,1.1949914693832397
0.7050644755363464,2.3249499797821045,0.3224804997444153,0.7243500351905823,0.04846394807100296,-0.6122370362281799,2.275766372680664
0.27099061012268066,0.2192291021347046,-0.23257482051849365,1.2618448734283447,0.02831312082707882,1.1022498607635498,2.0847556591033936
0.8311620354652405,1.4479143619537354,0.2880992293357849,0.7496871948242188,0.04725143313407898,0.19754165410995483,1.9754959344863892
1.0469673871994019,2.8401026725769043,-0.3576526641845703,1.4299688339233398,0.023931637406349182,-0.8118982315063477,1.9915194511413574
-0.373853862285614,1.2783308029174805,0.3109253942966461,0.7327685356140137,0.048057667911052704,0.36159077286720276,2.4627268314361572
0.9035080075263977,2.2645039558410645,-1.8809694051742554,6.559861183166504,0.00014160822320263833,0.0165938138961792,2.241689682006836
-0.8052530884742737,0.5521367192268372,-1.1574718952178955,3.1818790435791016,0.004150758497416973,1.1695935726165771,1.7372665405273438
0.14743153750896454,0.8535240888595581,0.9419274926185608,0.3898756206035614,0.06771411001682281,0.696319043636322,2.3763086795806885
2.543461322784424,7.109741687774658,-2.441453456878662,11.489727973937988,1.023468712446629e-06,1.826385736465454,2.151475667953491
0.2695228159427643,0.6898143887519836,1.1340429782867432,0.3217298686504364,0.07248939573764801,0.803537130355835,2.5674383640289307
1.4462546110153198,2.1809232234954834,-1.0525016784667969,2.864809036254883,0.005699401255697012,-0.2864905595779419,0.8387628197669983
0.4388856291770935,0.6703451871871948,0.9648531675338745,0.3810391426086426,0.06831511110067368,0.8217111825942993,2.16101336479187
0.7200318574905396,0.40497252345085144,0.9737904667854309,0.37764886021614075,0.06854711472988129,0.956878125667572,1.7301329374313354
0.8987784385681152,1.7589014768600464,-1.2682656049728394,3.5546820163726807,0.0028590464498847723,0.16847041249275208,2.3423471450805664
0.018098678439855576,0.7411547899246216,0.710914671421051,0.4911946952342987,0.06118949130177498,0.7868088483810425,2.60916805267334
0.10056851804256439,0.9545276165008545,1.1936888694763184,0.3031010925769806,0.07385244220495224,0.6083043813705444,2.440765619277954
0.234028160572052,1.8189681768417358,1.0117586851119995,0.36357900500297546,0.06951837986707687,-0.2092743217945099,2.66851806640625
-0.6019952893257141,1.4283521175384521,0.30633074045181274,0.7361431121826172,0.04789576679468155,0.21557730436325073,2.30143141746521
1.0880322456359863,2.6880903244018555,1.2033205032348633,0.30019575357437134,0.07406732439994812,-0.8688986301422119,1.7607523202896118
-1.2518913745880127,4.446530342102051,-0.7917378544807434,2.207228899002075,0.011000505648553371,-0.0420149564743042,3.8085122108459473
0.29159945249557495,-0.023818597197532654,-0.8884280323982239,2.431304693222046,0.008792204782366753,1.2428468465805054,1.8819843530654907
0.3822791874408722,0.30404889583587646,1.1328798532485962,0.3221043050289154,0.07246226072311401,0.9863425493240356,2.121201753616333
-0.5231733918190002,1.644525170326233,-0.12289822846651077,1.1307693719863892,0.032278481870889664,0.03941487520933151,2.4004242420196533
-0.790069580078125,-0.4332593083381653,0.23020493984222412,0.7943707704544067,0.045186545699834824,0.9870392680168152,0.7881464958190918
-0.925906777381897,1.25830078125,1.956969141960144,0.1412859857082367,0.08682409673929214,0.32156288623809814,1.9552428722381592
-2.229252338409424,5.1352434158325195,0.2456955760717392,0.7821602821350098,0.04574168100953102,0.48858118057250977,1.638782262802124
-0.651853621006012,-0.22590306401252747,-1.0484811067581177,2.85331392288208,0.005765294656157494,1.2599235773086548,1.2300755977630615
-0.4656884968280792,-1.4593760967254639,0.04087777063250542,0.9599464535713196,0.038291338831186295,0.20718447864055634,-0.46725746989250183
1.1752049922943115,3.810607433319092,-1.5715956687927246,4.814323902130127,0.0008112705545499921,-0.30300068855285645,3.08569073677063
-0.5230018496513367,1.1106700897216797,-0.9375848770141602,2.5538063049316406,0.007778503000736237,0.6994418501853943,2.410513162612915
0.4214595854282379,2.272703170776367,-1.1433494091033936,3.137258768081665,0.004340161103755236,-0.33194905519485474,2.7052016258239746
0.5966693162918091,0.33202967047691345,0.5565842986106873,0.5731635093688965,0.056373924016952515,1.0026990175247192,1.8178778886795044
0.09832122921943665,-0.57789546251297,0.04152771085500717,0.9593227505683899,0.03831522911787033,0.9335464239120483,1.2185918092727661
0.11819598078727722,1.027886986732483,-0.45090827345848083,1.5697373151779175,0.02080998383462429,0.6736028790473938,2.593921184539795
-0.36651426553726196,-1.4161407947540283,-0.8270463943481445,2.286555290222168,0.010161589831113815,0.3826952874660492,-0.22578033804893494
-0.6610828638076782,-0.06668668985366821,0.30541661381721497,0.7368163466453552,0.04786353185772896,1.0714589357376099,1.3835484981536865
0.5247382521629333,3.7317380905151367,-0.4683781862258911,1.5974013805389404,0.02024218626320362,-0.6711196303367615,3.8450779914855957
1.7530663013458252,4.539983749389648,-0.25248438119888306,1.2872194051742554,0.02760372683405876,-0.04283048212528229,2.401993751525879
0.1113029345870018,0.9447527527809143,1.278499722480774,0.2784547507762909,0.07569525390863419,0.6137887835502625,2.300687551498413
0.6722062826156616,0.7644443511962891,0.01768539659678936,0.9824700951576233,0.037438519299030304,0.8200140595436096,2.0431323051452637
-0.8079510927200317,1.0508129596710205,-0.9559366703033447,2.6011059284210205,0.007419147994369268,0.7569762468338013,2.041309118270874
0.503433883190155,0.5533141493797302,-0.32838529348373413,1.3887239694595337,0.02493933215737343,0.9896599650382996,2.147273063659668
-1.1658662557601929,2.555492639541626,-1.6834357976913452,5.3840227127075195,0.00045893233618699014,-0.29470187425613403,1.6479889154434204
0.7229205369949341,1.2150205373764038,-1.1157456636428833,3.0518429279327393,0.004727172665297985,0.6535019874572754,2.2719852924346924
-0.8886542320251465,1.5124914646148682,0.5133141279220581,0.5985087752342224,0.054963063448667526,0.11812271177768707,1.9654734134674072
-0.7498174905776978,0.8033010959625244,0.5295952558517456,0.5888432264328003,0.05549689009785652,0.7532191872596741,1.9364737272262573
0.5534166097640991,-1.5221729278564453,-0.16158805787563324,1.1753759384155273,0.030870292335748672,0.1661418378353119,-0.6712002158164978
-0.24399322271347046,-0.5364747643470764,-0.8821947574615479,2.416196823120117,0.008926044218242168,1.101135492324829,1.4233497381210327
-0.32956600189208984,-1.9722166061401367,-0.3167971074581146,1.3727240562438965,0.025341570377349854,-0.25345373153686523,-1.3491475582122803
1.3713020086288452,2.625638961791992,0.38015395402908325,0.6837561130523682,0.05047176405787468,-0.8014470338821411,1.0185790061950684
2.724797487258911,6.644887924194336,-0.02395700290799141,1.024246335029602,0.03590669855475426,1.0377203226089478,1.082538366317749
0.8460394144058228,0.016693055629730225,1.3240004777908325,0.2660687565803528,0.07663864642381668,1.0264675617218018,1.2372554540634155
1.5703457593917847,4.1736273765563965,-0.2327117770910263,1.2620177268981934,0.02830822765827179,-0.3868716061115265,2.304090738296509
1.9118434190750122,2.0816097259521484,-0.3715737760066986,1.4500148296356201,0.02345668151974678,-0.34388548135757446,-0.918921172618866
0.25162455439567566,-0.6262359023094177,-0.9227294325828552,2.516148567199707,0.00807700864970684,1.0618542432785034,1.1083183288574219
0.003306241473183036,-0.7569169998168945,1.0824474096298218,0.338765412569046,0.07126495987176895,0.7608330249786377,0.9139943718910217
1.3534194231033325,1.485105037689209,0.6032385230064392,0.5470371842384338,0.0578661747276783,0.14029017090797424,0.7385848164558411
0.29317232966423035,-1.3452439308166504,1.6999766826629639,0.18268778920173645,0.0833028182387352,0.2419135868549347,-0.15636423230171204
-0.9461212158203125,-0.4768684506416321,-1.7519925832748413,5.766080856323242,0.00031320081325247884,1.4650447368621826,0.5832511782646179
0.035474758595228195,-0.4181288182735443,-0.17242778837680817,1.1881860494613647,0.030477359890937805,1.032668948173523,1.434647560119629
1.0575491189956665,0.617546558380127,0.4123258888721466,0.6621084809303284,0.051576267927885056,0.8815124034881592,1.1949998140335083
-0.364833801984787,0.7784016132354736,0.8156047463417053,0.4423717260360718,0.06425108015537262,0.7562739253044128,2.243978500366211
0.9864382147789001,1.6115875244140625,-0.31050392985343933,1.364112377166748,0.02556074596941471,0.09563134610652924,1.7692211866378784
-1.5334563255310059,2.350954055786133,-1.0930578708648682,2.9833829402923584,0.005062129348516464,-0.4050532579421997,0.7073802351951599
-0.4397764801979065,0.39919978380203247,-0.8125688433647156,2.253690004348755,0.010501101613044739,1.146741271018982,2.1626994609832764
-0.1932283490896225,-1.3045722246170044,-0.06856438517570496,1.070969581604004,0.0342676118016243,0.3701874017715454,0.022201843559741974
0.1797572672367096,1.127328634262085,0.48581555485725403,0.6151952743530273,0.05405353382229805,0.490593820810318,2.5892679691314697
0.94246506690979,0.5969161987304688,-0.17553941905498505,1.1918889284133911,0.030364716425538063,0.9462618231773376,1.5376055240631104
0.4703214764595032,0.45864132046699524,1.2668488025665283,0.281717985868454,0.0754486471414566,0.9248266220092773,2.1625008583068848
-1.1847468614578247,1.1675142049789429,-1.1337738037109375,3.107361078262329,0.004471880849450827,0.70317542552948,1.3294199705123901
0.6370372772216797,0.8643491268157959,-1.142531156539917,3.134692668914795,0.004351312294602394,0.9626046419143677,2.1422383785247803
-1.8006569147109985,4.951013565063477,0.5274514555931091,0.5901069641113281,0.05542679876089096,0.29537710547447205,2.9939467906951904
1.1116033792495728,0.47838014364242554,0.8798729777336121,0.4148356020450592,0.066044881939888,0.9292253851890564,1.067647933959961
0.3223760724067688,-0.41973748803138733,-0.9323563575744629,2.5404884815216064,0.00788278877735138,1.167244791984558,1.4138970375061035
-0.3605947494506836,0.8912909030914307,-0.8117589950561523,2.2518656253814697,0.010520277544856071,0.8535948991775513,2.4997990131378174
-0.35105764865875244,-0.02798326313495636,-0.8237897753715515,2.279120922088623,0.010237416252493858,1.2275205850601196,1.8103649616241455
-0.373475581407547,-0.9774962067604065,-1.1913158893585205,3.291409492492676,0.003720137756317854,0.888241171836853,0.3819601237773895
1.3121397495269775,2.3484156131744385,0.03014471009373665,0.9703050851821899,0.037896741181612015,-0.6045544147491455,1.0649049282073975
-0.3807511627674103,1.6347728967666626,-0.7293062210083008,2.073641538619995,0.012572710402309895,0.14343121647834778,2.705205202102661
0.7155014872550964,0.5508265495300293,1.1051791906356812,0.33115154504776,0.07180963456630707,0.8852073550224304,1.6979731321334839
-1.0488632917404175,0.008779406547546387,-0.6538988351821899,1.9230238199234009,0.014616431668400764,1.1922638416290283,0.8189893960952759
-0.3438062369823456,0.0016286969184875488,0.05704799294471741,0.9445487260818481,0.03888550028204918,1.0944535732269287,1.7545758485794067
0.04990214481949806,0.6842777132987976,0.3962859511375427,0.6728142499923706,0.051027052104473114,0.842157244682312,2.43564772605896
-0.24084602296352386,0.9340192675590515,0.302995502948761,0.7386023998260498,0.04777812212705612,0.6684674620628357,2.584855318069458
-0.8893581628799438,0.4352746605873108,-2.973630666732788,19.562816619873047,3.1913666154181897e-10,2.8630359172821045,1.0092675685882568
0.1537719964981079,0.7670102119445801,0.05401622876524925,0.9474167227745056,0.03877414017915726,0.8147304058074951,2.465360403060913
-0.5428028702735901,2.192586898803711,-0.6396770477294922,1.8958685398101807,0.015018783509731293,-0.392904669046402,2.419551372528076
0.4291432201862335,0.07656175643205643,-0.05136667191982269,1.0527088642120361,0.03489910811185837,1.1023414134979248,1.7904691696166992
-2.0159099102020264,5.544872283935547,-0.8851523995399475,2.423353672027588,0.00886239018291235,0.9819403886795044,3.327263355255127
-1.6614015102386475,3.0866622924804688,0.17417049407958984,0.8401536345481873,0.04316442087292671,-0.9144763350486755,0.527869462966919
-1.9500782489776611,5.094883918762207,-1.0453782081604004,2.8444740772247314,0.005816484801471233,0.6576836705207825,3.0180296897888184
3.0154504776000977,8.417461395263672,0.021307868883013725,0.9789175391197205,0.03757175803184509,-0.43623948097229004,-0.09796543419361115
-0.5713226199150085,0.48717910051345825,-0.4194190204143524,1.5210776329040527,0.02184763178229332,1.0357646942138672,2.00181245803833
0.4322076737880707,-0.33510881662368774,1.2200052738189697,0.29522860050201416,0.07443614304065704,0.9738973379135132,1.2106832265853882
-2.2493984699249268,6.4650468826293945,-0.18624185025691986,1.2047135829925537,0.02997778356075287,1.1039800643920898,3.3005611896514893
-0.49387726187705994,0.17012864351272583,-0.33949458599090576,1.4042377471923828,0.024555416777729988,1.1259868144989014,1.7871354818344116
0.3715209662914276,-0.38217002153396606,-1.2796807289123535,3.595491647720337,0.002744718687608838,1.2874066829681396,1.4841866493225098
0.42359042167663574,0.5865893363952637,-0.919455349445343,2.5079240798950195,0.00814371183514595,1.0836257934570312,2.3359668254852295
1.2268375158309937,2.3055830001831055,-1.3073936700820923,3.6965267658233643,0.0024809546303004026,-0.3007761836051941,1.4233176708221436
0.3659152388572693,0.34968388080596924,-0.8107292056083679,2.2495477199554443,0.010544690303504467,1.164435863494873,2.099376678466797
-1.848775029182434,3.180352210998535,0.07857269048690796,0.9244348406791687,0.03967555612325668,-0.9068054556846619,-0.025780823081731796
-2.1107943058013916,4.466466903686523,-0.6784229874610901,1.9707673788070679,0.013934987597167492,-0.04637402296066284,1.0597410202026367
0.29747164249420166,1.6920936107635498,-0.734807014465332,2.0850796699523926,0.012429721653461456,0.08750791102647781,2.745908260345459
0.15992650389671326,-0.3837395906448364,-0.49214571714401245,1.6358224153518677,0.019479211419820786,1.0908533334732056,1.3906930685043335
0.9171991348266602,0.09818971157073975,0.2155943065881729,0.8060622215270996,0.044661328196525574,1.075789451599121,1.100294828414917
-0.13657358288764954,0.924599826335907,1.2476805448532104,0.2871701121330261,0.07503841072320938,0.6308711767196655,2.5331199169158936
-1.6398077011108398,3.36332368850708,-0.3403528034687042,1.4054433107376099,0.024525830522179604,-0.834973931312561,0.941190242767334
0.5610849261283875,-0.15698233246803284,1.2887072563171387,0.27562686800956726,0.07590961456298828,1.0152662992477417,1.285245418548584
-0.64305579662323,0.06625393033027649,0.34600284695625305,0.7075104713439941,0.049286969006061554,1.0685570240020752,1.4417425394058228
0.2747220993041992,0.4906295835971832,0.0013173851184546947,0.9986834526062012,0.0368364080786705,0.9819047451019287,2.24613881111145
1.3585797548294067,2.3950936794281006,-2.0342743396759033,7.646701335906982,4.7761703172000125e-05,0.03059929609298706,2.3196043968200684
0.8366284966468811,1.1161632537841797,0.42340806126594543,0.6548113822937012,0.051954008638858795,0.5046138167381287,1.9199014902114868
0.24369709193706512,2.2455756664276123,1.4775691032409668,0.22819171845912933,0.07959716022014618,-0.601905882358551,2.6389219760894775
0.11099933087825775,0.054106585681438446,0.3903730511665344,0.6768043637275696,0.05082385614514351,1.066217064857483,1.8767330646514893
-0.008173972368240356,-0.0481843538582325,1.3913569450378418,0.24873755872249603,0.0779784619808197,1.0237131118774414,1.8933699131011963
-1.1657190322875977,-0.18081247806549072,0.8668312430381775,0.42028120160102844,0.06568621098995209,1.0257259607315063,0.298534631729126
-1.190643310546875,1.199080467224121,-0.2976524233818054,1.3466936349868774,0.026009881868958473,0.49788400530815125,1.2832845449447632
-0.05654165893793106,-1.0093309879302979,-0.16965287923812866,1.1848934888839722,0.030577873811125755,0.6509164571762085,0.598528265953064
0.21944144368171692,-0.7351788282394409,-1.4977220296859741,4.47149133682251,0.0011430257000029087,1.1888599395751953,1.1845511198043823
-0.11344186216592789,-1.2496678829193115,0.7208096385002136,0.48635831475257874,0.0614861436188221,0.3642733693122864,0.11358948051929474
-0.7658590078353882,-0.828686535358429,-2.2333858013153076,9.331406593322754,8.859753506840207e-06,1.6089850664138794,0.3430456817150116
0.7738658785820007,0.27316880226135254,-1.2171721458435059,3.3776228427886963,0.0034128488041460514,1.3006831407546997,1.767612338066101
0.3612586259841919,0.4658891558647156,0.19677801430225372,0.821372926235199,0.04398273676633835,0.9755597710609436,2.178971290588379
0.7927824854850769,-0.7156699299812317,-0.5148751139640808,1.6734294891357422,0.018760258331894875,0.9219968318939209,0.3694620132446289
0.3341483771800995,0.22299593687057495,-2.023332118988037,7.563485622406006,5.190628507989459e-05,1.7315878868103027,1.9559316635131836
0.9156051874160767,-1.352752685546875,-2.7845587730407715,16.192670822143555,9.281377444381178e-09,1.8355871438980103,-0.3018607497215271
0.6683457493782043,0.402833491563797,-0.4356752038002014,1.5460065603256226,0.021309727802872658,1.0745545625686646,1.8649739027023315
1.3898208141326904,0.805950403213501,-1.5923352241516113,4.915213584899902,0.0007334151305258274,1.183947205543518,0.7232530117034912
-0.3629624843597412,-0.9803632497787476,1.1825388669967651,0.3064996004104614,0.07360188663005829,0.5873708128929138,0.30159586668014526
-0.18562939763069153,-1.4362889528274536,-0.8269869685173035,2.28641939163208,0.010162970051169395,0.3627440929412842,-0.12630920112133026
-1.3826427459716797,1.79121732711792,-0.6979023814201355,2.009533166885376,0.013405123725533485,-0.01768714189529419,0.8416098952293396
1.6399993896484375,1.8003723621368408,0.19741231203079224,0.8208521008491516,0.044005654752254486,-0.1454795002937317,-0.035648640245199203
0.4237760901451111,-0.6827934980392456,-1.856026291847229,6.398261547088623,0.0001664448354858905,1.4156394004821777,0.8586660027503967
-0.25015807151794434,1.8903636932373047,-0.4033443033695221,1.4968221187591553,0.02238403633236885,-0.16447363793849945,2.615537643432617
0.45976653695106506,-0.3036612272262573,2.895118474960327,0.05529247224330902,0.09462083876132965,0.9597773551940918,1.3737305402755737
-0.43431466817855835,-0.7710762619972229,0.44751495122909546,0.6392146348953247,0.052770666778087616,0.7810825109481812,0.8147537708282471
-1.7795971632003784,2.766819477081299,-0.8791707158088684,2.4089012145996094,0.008991403505206108,-0.6897006034851074,-0.1404549777507782
1.0029953718185425,1.1640169620513916,0.20201429724693298,0.8170832395553589,0.04417181760072708,0.47736185789108276,1.6208499670028687
-0.9959283471107483,-0.8148816823959351,-0.7682351469993591,2.1559579372406006,0.011579221114516258,0.90155029296875,-0.11807632446289062
-2.0253946781158447,5.9672698974609375,-1.3400503396987915,3.8192358016967773,0.0021944562904536724,1.332435965538025,3.8921585083007812
1.2545959949493408,1.2990145683288574,-0.7402036786079407,2.096362352371216,0.012290269136428833,0.4780844748020172,1.2308429479599
2.5677835941314697,6.5886712074279785,-1.0979903936386108,2.9981348514556885,0.00498800165951252,1.2535144090652466,1.9863966703414917
0.2043784111738205,0.3490271270275116,-0.5689911842346191,1.7664841413497925,0.017093289643526077,1.11635422706604,2.1516475677490234
-1.8794305324554443,4.701140403747559,3.7480216026306152,0.02356432005763054,0.09767111390829086,-0.008891906589269638,1.9356778860092163
0.5791254043579102,-0.2327195703983307,-0.9463421106338501,2.5762686729431152,0.007605726830661297,1.230669617652893,1.3373045921325684
-1.0299556255340576,1.5835072994232178,-1.0811368227005005,2.948029041290283,0.0052442969754338264,0.28209227323532104,1.9518581628799438
-0.3533253073692322,0.32843178510665894,0.5716864466667175,0.5645725131034851,0.056860316544771194,1.0030065774917603,2.1649575233459473
-2.0759971141815186,3.6548142433166504,1.2622296810150146,0.28302228450775146,0.07535029947757721,-0.8428650498390198,-0.3030683398246765
1.1906602382659912,0.6379832029342651,1.040173888206482,0.35339322686195374,0.07023009657859802,0.8386378288269043,0.99929279088974
0.5068897604942322,1.6001843214035034,-0.7894173264503479,2.202112913131714,0.011056928895413876,0.19082753360271454,2.5133378505706787
0.9647495746612549,-0.3698381781578064,1.7302589416503906,0.17723850905895233,0.08375799655914307,0.9501097202301025,0.6485006213188171
0.22082826495170593,2.0995123386383057,0.5412649512290955,0.5820115804672241,0.05587732046842575,-0.4462239444255829,2.573021411895752
0.24980230629444122,-1.4771884679794312,0.21681314706802368,0.8050804138183594,0.04470519721508026,0.173979252576828,-0.35934221744537354
0.0693996325135231,0.3444198966026306,1.7299524545669556,0.1772928386926651,0.08375345170497894,0.9590007662773132,2.131667375564575
-0.2857804000377655,-0.5573247671127319,-0.5645143985748291,1.7585935592651367,0.01722870022058487,1.024532437324524,1.304518699645996
0.5854506492614746,-0.6664966344833374,-0.988340437412262,2.686771869659424,0.006810042075812817,1.0546696186065674,0.8590191006660461
0.2600994408130646,0.9541596174240112,-0.10940560698509216,1.1156147718429565,0.03277137503027916,0.6898560523986816,2.534536361694336
0.9689269065856934,0.1812584400177002,-0.294434517621994,1.3423670530319214,0.02612265944480896,1.117854356765747,1.147465467453003
0.9732798933982849,1.4183135032653809,0.08891472220420837,0.9149236083030701,0.040054723620414734,0.24338498711585999,1.7145345211029053
-1.777116060256958,3.5083372592926025,-0.6055141091346741,1.8321939706802368,0.01600620150566101,-0.7502801418304443,0.6135099530220032
0.20004276931285858,-0.296886682510376,-0.7674219608306885,2.154205560684204,0.011599530465900898,1.1716724634170532,1.687735676765442
-0.7192350029945374,0.19633936882019043,-0.6878075003623962,1.989349126815796,0.013678441755473614,1.1797221899032593,1.6260082721710205
-1.3610444068908691,1.652653694152832,0.8891520500183105,0.41100412607192993,0.06629841774702072,-0.04066556692123413,0.7434669733047485
-0.7554442882537842,0.2973444163799286,1.9215368032455444,0.14638182520866394,0.08638278394937515,0.9707561135292053,1.297882080078125
0.39623406529426575,0.12014602869749069,1.2568988800048828,0.2845350503921509,0.07523639500141144,1.0212446451187134,1.63715398311615
-0.16153375804424286,-1.3527876138687134,2.202209949493408,0.11055856198072433,0.08953338861465454,0.22734175622463226,-0.839952826499939
2.0236387252807617,5.556807518005371,0.9137070178985596,0.4010348320007324,0.06696267426013947,0.7876885533332825,3.3159775733947754
-1.3063527345657349,3.1305654048919678,0.9912524223327637,0.37111160159111023,0.06899669021368027,-0.9628280401229858,1.5707125663757324
-1.6841589212417603,1.625640630722046,0.2900509536266327,0.7482254505157471,0.04732055217027664,0.020005732774734497,-0.19100986421108246
-1.3029916286468506,1.237667202949524,0.8990866541862488,0.40694117546081543,0.06656832993030548,0.3676958382129669,0.9206331968307495
0.254072368144989,1.055187702178955,0.07621462643146515,0.9266173243522644,0.039589062333106995,0.5857261419296265,2.5505642890930176
-1.6931453943252563,3.184122323989868,-0.10645962506532669,1.112333059310913,0.032879095524549484,-0.8878624439239502,0.5420876741409302
0.3803039789199829,0.708290696144104,0.037231456488370895,0.9634531140327454,0.038157299160957336,0.8558202385902405,2.322164297103882
0.34384414553642273,-0.22258931398391724,-0.9687063097953796,2.6345338821411133,0.00717524066567421,1.238782525062561,1.6353492736816406
0.9217805862426758,-0.09459978342056274,0.09954722225666046,0.9052472114562988,0.04044418781995773,1.086053490638733,0.9366915225982666
0.9884700775146484,1.1849915981292725,-0.746059000492096,2.108673334121704,0.01213989220559597,0.5871721506118774,1.9425430297851562
0.5185173749923706,0.5530025959014893,-0.9099453091621399,2.4841866493225098,0.008339336141943932,1.0993698835372925,2.160503387451172
-0.5529494285583496,-1.2315540313720703,0.8709527850151062,0.41855257749557495,0.06579985469579697,0.3746279180049896,-0.12353581190109253
-0.14878323674201965,-1.3949086666107178,-0.80970299243927,2.2472405433654785,0.010569047182798386,0.39970624446868896,-0.124723881483078
-0.45136013627052307,2.1428275108337402,0.5337885022163391,0.5863792300224304,0.055633801966905594,-0.4827030897140503,2.4137492179870605
-1.4959298372268677,1.6050543785095215,2.5241966247558594,0.08012265712022781,0.09230031073093414,-0.02623908594250679,0.3889353275299072
0.436514675617218,-1.2925803661346436,-0.05576154962182045,1.0573455095291138,0.03473766893148422,0.3803752064704895,-0.11059674620628357
0.6156359910964966,0.15700681507587433,-0.392890989780426,1.4812569618225098,0.022735174745321274,1.1358253955841064,1.6685491800308228
1.9221363067626953,3.002413272857666,0.956562340259552,0.3842114210128784,0.06809873878955841,-0.9519090056419373,-0.5300200581550598
-0.9145462512969971,2.30263352394104,-0.07330462336540222,1.076058268547058,0.03409367427229881,-0.5606317520141602,1.9363511800765991
1.185664176940918,2.56494140625,1.4945781230926514,0.2243432253599167,0.07990408688783646,-0.8158588409423828,1.3851361274719238
-1.5578806400299072,0.8357220888137817,-0.12508782744407654,1.133247971534729,0.032198574393987656,0.7839670777320862,0.11421898007392883
-0.9997404217720032,2.065084218978882,0.07239394634962082,0.9301643967628479,0.03944888338446617,-0.38138845562934875,1.6979506015777588
-1.3123674392700195,1.4866623878479004,0.23366884887218475,0.7916238903999329,0.045310840010643005,0.1631971001625061,0.9241747260093689
0.2038080245256424,-0.1517377495765686,0.07215311378240585,0.9303884506225586,0.03944004699587822,1.0815486907958984,1.672965168952942
0.8795218467712402,-1.117893934249878,-0.4036661684513092,1.4973039627075195,0.022373255342245102,0.5873075723648071,-0.4139442443847656
-0.26477983593940735,0.7547113299369812,-0.5468792915344238,1.727852463722229,0.017766553908586502,0.9012545347213745,2.4007177352905273
-0.773551881313324,-0.1650339961051941,-1.6193232536315918,5.049671649932861,0.0006411438225768507,1.491379976272583,1.289652705192566
-0.17706669867038727,1.1091593503952026,0.9162225127220154,0.4000272750854492,0.0670301765203476,0.48541706800460815,2.529994249343872
1.2484573125839233,1.5526150465011597,-0.6296599507331848,1.8769721984863281,0.015305282548069954,0.20587749779224396,1.220284342765808
-0.3256123661994934,-0.002519279718399048,-0.10544279217720032,1.1112024784088135,0.032916292548179626,1.1111171245574951,1.791021704673767
-0.20051893591880798,-1.6057881116867065,0.7160057425498962,0.48870036005973816,0.06134231016039848,0.013885390013456345,-0.6743005514144897
-0.26335421204566956,-1.3937921524047852,0.6731873750686646,0.5100801587104797,0.06004474312067032,0.22708936035633087,-0.16666780412197113
-0.2058115303516388,0.7758069634437561,-1.4331566095352173,4.191910743713379,0.0015117371222004294,1.1330472230911255,2.6780078411102295
0.10260293632745743,0.06767964363098145,-0.43182966113090515,1.5400727987289429,0.021436549723148346,1.1517179012298584,1.9274849891662598
-0.7517678737640381,0.5897567272186279,1.363775372505188,0.25569361448287964,0.07743792235851288,0.856645405292511,1.560037612915039
-0.39302873611450195,-0.1485450118780136,1.7511024475097656,0.17358247935771942,0.084064781665802,1.0063457489013672,1.7871530055999756
-0.3724075257778168,1.3756364583969116,0.15019598603248596,0.8605393171310425,0.04229339212179184,0.27997729182243347,2.5131893157958984
0.308013379573822,-0.7794622778892517,-1.8548624515533447,6.390819072723389,0.00016768820933066308,1.3503735065460205,0.8596627712249756
0.3499506711959839,1.1418226957321167,0.6130266785621643,0.5417088270187378,0.058175332844257355,0.4701085388660431,2.5100948810577393
-0.9042316675186157,1.9601128101348877,1.584977388381958,0.2049524337053299,0.0814686045050621,-0.3590609133243561,1.7813999652862549
0.9896427392959595,-0.6239871978759766,0.8745201230049133,0.41706210374832153,0.06589800119400024,0.8532614707946777,0.07367978990077972
0.12284941971302032,-0.38042113184928894,2.629645347595215,0.07210402935743332,0.09304340928792953,0.9357187151908875,1.4670541286468506
0.0673091933131218,1.0700124502182007,0.26071539521217346,0.7705001831054688,0.04627815634012222,0.5571632981300354,2.618342161178589
-0.3237496018409729,0.31517294049263,0.0559987798333168,0.9455403089523315,0.03884696215391159,1.0452967882156372,2.0677576065063477
1.9859120845794678,5.573172569274902,-0.3311198651790619,1.3925267457962036,0.02484467439353466,0.8976062536239624,3.4553282260894775
0.024083398282527924,-0.3586257994174957,-1.3482298851013184,3.8506035804748535,0.0021266895346343517,1.3214404582977295,1.6121892929077148
-0.93460613489151,0.6387094259262085,-0.5322297215461731,1.7027246952056885,0.018218643963336945,0.9731382727622986,1.6664284467697144
1.7226892709732056,3.09600567817688,0.3370819687843323,0.7138503193855286,0.04897548630833626,-0.9275760650634766,0.2848753035068512
-1.5562492609024048,1.311025857925415,1.3161147832870483,0.2681751847267151,0.07647737860679626,0.28367626667022705,0.15700004994869232
-0.8135762810707092,0.8806036710739136,1.008493185043335,0.36476820707321167,0.06943576037883759,0.673162579536438,1.6097025871276855
0.14518745243549347,-0.10658467561006546,3.3526432514190674,0.03499174118041992,0.09656133502721786,0.9978243708610535,1.3971824645996094
1.2765283584594727,2.5895509719848633,1.2264372110366821,0.29333582520484924,0.07457716763019562,-0.8221219778060913,0.992871880531311
0.35720646381378174,-0.1437189131975174,0.5868593454360962,0.5560709834098816,0.05734577775001526,1.0452972650527954,1.6026928424835205
-0.151897132396698,-0.5544601678848267,0.008535273373126984,0.9915010333061218,0.03710193559527397,0.9493349194526672,1.2357603311538696
-1.8079780340194702,3.055619716644287,-1.5907623767852783,4.907488822937012,0.0007391025428660214,-0.5055577158927917,0.26841309666633606
0.2653813064098358,-0.8477631211280823,-0.27213284373283386,1.3127614259719849,0.026907598599791527,0.7929381728172302,0.7737821936607361
0.04670880734920502,-0.6293811202049255,-0.7338324189186096,2.0830483436584473,0.012454995885491371,1.016696810722351,1.3380333185195923
1.3924052715301514,1.5320016145706177,0.22352629899978638,0.7996938824653625,0.04494665190577507,0.11875437200069427,0.6841205954551697
0.31062740087509155,-0.03277182579040527,0.2647301256656647,0.7674130201339722,0.04642124101519585,1.0762044191360474,1.7060929536819458
-1.3277932405471802,0.5427587032318115,0.4199249744415283,0.6570960879325867,0.05183544009923935,0.9219966530799866,0.5899347066879272
0.6762188076972961,-0.9903423190116882,0.27068495750427246,0.7628567814826965,0.04663323238492012,0.6246892809867859,0.12683537602424622
-0.6895419359207153,0.725716233253479,-1.571215033531189,4.8124918937683105,0.0008127581095322967,1.2292734384536743,2.320505142211914
0.154860258102417,-0.968426525592804,0.2982698678970337,0.7421010136604309,0.04761125519871712,0.6408068537712097,0.6178222298622131
1.2378628253936768,-0.36306214332580566,1.1193801164627075,0.3264821171760559,0.0721457302570343,0.9674619436264038,0.1252836138010025
2.5084195137023926,4.582209587097168,-0.6161795854568481,1.8518396615982056,0.015694815665483475,0.055371955037117004,-0.5869313478469849
0.06082065775990486,-0.7101538181304932,-0.7725092172622681,2.1651923656463623,0.011472785845398903,0.9747808575630188,1.093216061592102
0.7049359679222107,0.11688283085823059,-0.9268141388893127,2.5264475345611572,0.007994251325726509,1.2458217144012451,1.582353115081787
-0.19566819071769714,-1.8590214252471924,0.22656019032001495,0.7972713708877563,0.04505566880106926,-0.20452383160591125,-1.0905817747116089
1.442198395729065,2.9181580543518066,-1.3712303638458252,3.9401955604553223,0.0019444411154836416,-0.581122636795044,1.3526867628097534
1.5090054273605347,2.664705276489258,0.8100852966308594,0.4448201358318329,0.06409395486116409,-0.8439459800720215,0.7284978032112122
-1.1634365320205688,0.9452569484710693,0.5813719630241394,0.5591307282447815,0.05717058107256889,0.6414477229118347,1.1688075065612793
-2.2678020000457764,5.598433494567871,1.3053184747695923,0.271086186170578,0.07625507563352585,0.8016846776008606,2.059023380279541
0.9091972708702087,2.1390271186828613,-1.0078548192977905,2.739717483520508,0.006458858959376812,-0.26416999101638794,2.2349774837493896
-0.28541266918182373,-0.24347585439682007,1.1137741804122925,0.3283174932003021,0.07201343029737473,1.0033376216888428,1.5589110851287842
-1.3315931558609009,3.845585346221924,0.6837343573570251,0.5047286152839661,0.06036693975329399,-0.7117910981178284,2.4299204349517822
-0.03329608216881752,-0.36945146322250366,-1.1159404516220093,3.0524375438690186,0.004724362399429083,1.237769365310669,1.6392642259597778
0.308350145816803,0.5155006051063538,0.13781535625457764,0.8712595701217651,0.041842419654130936,0.9571719765663147,2.2328760623931885
0.5168734192848206,-0.9592514038085938,1.0732990503311157,0.3418787717819214,0.07104343175888062,0.6083208918571472,0.270518034696579
0.008091229945421219,-0.8370599150657654,1.473653793334961,0.22908692061901093,0.07952594012022018,0.6925579309463501,0.7482894659042358
-0.19018930196762085,-2.402682065963745,-0.025890616700053215,1.026228666305542,0.035835590213537216,-0.6365798115730286,-2.0353846549987793
-0.5958462357521057,1.2794666290283203,-0.3770536780357361,1.4579825401306152,0.02327052876353264,0.43302440643310547,2.362231969833374
-1.3411524295806885,2.626828908920288,-1.325363039970398,3.7635514736175537,0.002320119645446539,-0.4940539300441742,1.3768553733825684
-0.15892496705055237,-1.0514676570892334,0.5884517431259155,0.5551862120628357,0.0573965385556221,0.5518160462379456,0.4018770456314087
0.024893740192055702,-1.059532642364502,-1.499178409576416,4.478008270263672,0.0011356009636074305,0.9370805025100708,0.9372664093971252
-0.5698456168174744,-0.2542109489440918,-0.20894089341163635,1.2323721647262573,0.02916000224649906,1.0910992622375488,1.2909109592437744
0.5329620838165283,0.6310079097747803,0.4534406363964081,0.635438084602356,0.052970338612794876,0.8709771037101746,2.085577964782715
0.859058141708374,1.2256865501403809,-0.962727427482605,2.6188294887542725,0.007288812659680843,0.6001829504966736,2.001332998275757
0.7964512705802917,1.2641270160675049,-0.9903891682624817,2.69228196144104,0.006772621534764767,0.5711132287979126,2.244900941848755
-0.833301842212677,-0.33446645736694336,1.5804226398468018,0.2058880627155304,0.08139242231845856,0.9651743769645691,0.4760425090789795
-1.0602084398269653,1.2873380184173584,1.490798830986023,0.22519269585609436,0.07983623445034027,0.3021968901157379,1.5554167032241821
0.7745811343193054,1.6894481182098389,-1.4888744354248047,4.432104110717773,0.0011889446759596467,0.3248368501663208,2.2890539169311523
0.5972741842269897,0.34259065985679626,-0.951734185218811,2.5901975631713867,0.0075005218386650085,1.2009073495864868,1.8179311752319336
-1.1808602809906006,1.8226425647735596,0.3818214237689972,0.6826169490814209,0.05052929371595383,-0.18093068897724152,1.2150391340255737
-1.0922777652740479,3.566605567932129,-0.8549822568893433,2.351332664489746,0.009524215012788773,-0.6759001016616821,2.941131114959717
-0.21508090198040009,-1.8736143112182617,0.5629661083221436,0.5695173144340515,0.056579846888780594,-0.24125942587852478,-1.1913928985595703
1.7889076471328735,3.252523183822632,0.8327136635780334,0.43486759066581726,0.0647350400686264,-0.950366735458374,0.19340796768665314
-0.3022989332675934,1.047143578529358,-0.5466969609260559,1.7275375127792358,0.01777215115725994,0.6728004813194275,2.5226597785949707
-0.9647074937820435,0.66202712059021,-1.1478530168533325,3.1514196395874023,0.00427913386374712,1.1038897037506104,1.6710519790649414
-0.3849130868911743,-1.2232563495635986,-0.5304118990898132,1.6996322870254517,0.018275070935487747,0.5105491280555725,0.1717081069946289
0.6826693415641785,0.9795308113098145,1.076897382736206,0.3406507968902588,0.07113072276115417,0.5914772152900696,2.2310471534729004
1.4286171197891235,1.6955149173736572,-0.48366865515708923,1.6220141649246216,0.019750049337744713,0.03780590742826462,0.7399304509162903
0.40081101655960083,-0.5045174956321716,-0.23496027290821075,1.2648584842681885,0.028227925300598145,1.0018936395645142,1.2521291971206665
-0.27463120222091675,1.3066486120224,1.776876449584961,0.1691657155752182,0.08443690091371536,0.2780032157897949,2.403893232345581
0.6324949860572815,1.536444067955017,-0.5697935223579407,1.7679020166397095,0.017069071531295776,0.21113571524620056,2.3113112449645996
-0.6551123261451721,0.042755842208862305,0.374736487865448,0.6874704360961914,0.05028464272618294,1.0678331851959229,1.4810088872909546
-0.8948695659637451,0.2916010022163391,-0.5116356611251831,1.6680172681808472,0.01886206865310669,1.124586582183838,1.424861192703247
0.23848816752433777,1.0077725648880005,-0.3124364912509918,1.3667511940002441,0.025493383407592773,0.67042076587677,2.557014226913452
1.1938279867172241,1.151503562927246,0.9138472080230713,0.40097859501838684,0.06696643680334091,0.44721245765686035,1.1144284009933472
1.1054586172103882,0.7937062978744507,-1.1640777587890625,3.202967643737793,0.004064141772687435,1.0215044021606445,1.4701272249221802
0.24665102362632751,1.0084723234176636,-0.1577160656452179,1.170833706855774,0.031010830774903297,0.6502371430397034,2.5643086433410645
-0.9030948877334595,1.4463272094726562,0.7165167927742004,0.48845067620277405,0.06135762855410576,0.1729930341243744,1.8122104406356812
-0.31215906143188477,-0.9825692772865295,1.0768976211547852,0.3406507074832916,0.07113073766231537,0.5889520049095154,0.5074577331542969
0.1752806156873703,1.3430806398391724,0.9920619130134583,0.3708113133907318,0.06901741772890091,0.2628338932991028,2.9301936626434326
-0.7841351628303528,1.3692052364349365,-1.304711103439331,3.6866238117218018,0.0025056456215679646,0.5688908100128174,2.2863776683807373
-0.4536967873573303,1.2947810888290405,0.2369510531425476,0.7890298962593079,0.045428529381752014,0.3514268696308136,2.458247423171997
0.2601422369480133,-0.262726753950119,1.7947523593902588,0.16616860032081604,0.08469034731388092,0.9823022484779358,1.6642204523086548
0.44469496607780457,1.4346568584442139,-1.0273802280426025,2.7937371730804443,0.006119209807366133,0.4150930345058441,2.667440891265869
0.2621464431285858,0.2238195389509201,-1.2935211658477783,3.6456007957458496,0.002610572148114443,1.3396167755126953,2.130711317062378
-0.27950748801231384,1.3147214651107788,-0.6879640817642212,1.989660620689392,0.013674182817339897,0.4522514343261719,2.7746663093566895
-1.4996899366378784,2.7734920978546143,0.6044599413871765,0.5463694334030151,0.05790482833981514,-0.8783755898475647,0.7531821727752686
1.2673263549804688,0.775966465473175,-1.1809110641479492,3.257340431213379,0.003849063068628311,1.0394785404205322,1.154076337814331
0.3249652683734894,-1.3007067441940308,-1.4692513942718506,4.345980644226074,0.0012958793668076396,0.7014158368110657,0.41972512006759644
-1.1248003244400024,1.8441975116729736,-0.2001713067293167,1.2216119766235352,0.029475465416908264,-0.14784665405750275,1.4266443252563477
-0.13144032657146454,-0.05303167179226875,0.6419625878334045,0.5262585878372192,0.05908112972974777,1.0512200593948364,1.861210823059082
-1.1070313453674316,1.735319972038269,0.2826608419418335,0.753775417804718,0.047058653086423874,-0.08840489387512207,1.398120403289795
-0.28766441345214844,0.29841095209121704,0.13523897528648376,0.8735071420669556,0.04174847900867462,1.043155550956726,2.0597376823425293
0.4869856536388397,0.4729797840118408,-0.483272522687912,1.6213717460632324,0.019762743264436722,1.052351951599121,2.0863661766052246
0.21869438886642456,0.770438015460968,0.5270341038703918,0.5903533101081848,0.0554131455719471,0.7766410112380981,2.381503105163574
-1.1671862602233887,3.238006114959717,-1.2339333295822144,3.4347128868103027,0.0032234664540737867,-0.6518845558166504,2.386244535446167
-1.652934193611145,2.4285967350006104,-1.9386218786239624,6.949167728424072,9.594333096174523e-05,-0.06148886680603027,0.38993996381759644
-0.40377679467201233,0.857068657875061,-0.4314465820789337,1.5394829511642456,0.021449197083711624,0.8086044788360596,2.4433650970458984
0.7525205612182617,-0.06009918451309204,-1.112235426902771,3.041149139404297,0.004777994938194752,1.302309513092041,1.6330021619796753
-1.0821455717086792,0.6269118189811707,-0.05037645250558853,1.0516669750213623,0.03493548929691315,0.9150097370147705,1.2508151531219482
-0.29059186577796936,0.05364333465695381,-0.5565555691719055,1.7446527481079102,0.01747056469321251,1.1730268001556396,1.8730390071868896
-1.4145519733428955,1.9268592596054077,-0.11883256584405899,1.1261813640594482,0.03242691606283188,-0.2359686940908432,0.7003728747367859
-1.5303951501846313,2.6174228191375732,-0.06669293344020844,1.0689672231674194,0.03433629497885704,-0.7588430643081665,0.5859187841415405
0.0695081278681755,-0.5693258047103882,-0.29280659556388855,1.3401836156845093,0.026179760694503784,0.9762829542160034,1.241041660308838
-0.21185527741909027,1.155118465423584,0.1366763859987259,0.8722524642944336,0.04180089384317398,0.4910354018211365,2.602355718612671
-0.5354174375534058,-0.03560134768486023,0.5018976330757141,0.6053807735443115,0.054586656391620636,1.0599044561386108,1.5100314617156982
1.0598946809768677,-0.028018593788146973,-0.38860416412353516,1.474920630455017,0.022879688069224358,1.1470996141433716,0.7156155705451965
-0.8946968913078308,-1.0052697658538818,1.4537017345428467,0.2337035834789276,0.07915963977575302,0.5592308640480042,-0.16603171825408936
0.08055981993675232,-0.040745873004198074,-0.46465206146240234,1.5914603471755981,0.02036280371248722,1.1583160161972046,1.902138590812683
-2.0057201385498047,5.878761291503906,-1.3220586776733398,3.75113582611084,0.002349104965105653,1.2944427728652954,3.9783806800842285
0.6259973049163818,0.04687187075614929,0.26168203353881836,0.7697557210922241,0.046312619000673294,1.07587730884552,1.5185014009475708
0.9689750075340271,0.017209291458129883,1.4571197032928467,0.23290614783763885,0.07922279089689255,1.0231425762176514,0.9743852019309998
0.36035656929016113,2.2392449378967285,-0.579805850982666,1.785691738128662,0.01676810160279274,-0.44120004773139954,2.7793304920196533
-0.7766129374504089,-2.4074246883392334,-0.45278629660606384,1.572688102722168,0.020748669281601906,-0.5851196050643921,-2.579760789871216
-0.05482712760567665,0.8507922291755676,0.42083123326301575,0.6565008759498596,0.051866304129362106,0.7250378727912903,2.5141072273254395
0.4268598258495331,0.6345539093017578,0.2951478958129883,0.7444214820861816,0.04750090092420578,0.8797783851623535,2.2019259929656982
-0.35696256160736084,0.9333822131156921,-0.7661091685295105,2.151379346847534,0.011632359586656094,0.8102571964263916,2.514920473098755
-2.24804949760437,5.923398971557617,0.4259827136993408,0.6531276106834412,0.05204155296087265,1.0012848377227783,2.660886764526367
-1.7258700132369995,3.3909707069396973,-0.9102560877799988,2.4849588871002197,0.008332897908985615,-0.7205702066421509,0.7923548817634583
0.22479578852653503,1.4287784099578857,0.42070770263671875,0.6565819978713989,0.05186209827661514,0.20719920098781586,2.5534508228302
0.8908739686012268,3.6361513137817383,-0.012351595796644688,1.0124281644821167,0.03633356839418411,-0.778935432434082,3.139719009399414
1.1992357969284058,-0.017273426055908203,0.5725229978561401,0.564100444316864,0.05688716843724251,1.0562608242034912,0.3907438814640045
-0.5265122652053833,0.6848539113998413,-0.3331775665283203,1.395395040512085,0.02477351576089859,0.9140509366989136,2.1758739948272705
-0.5644786953926086,-1.283747911453247,-0.21288567781448364,1.2372431755065918,0.029018308967351913,0.4068469703197479,-0.2274233102798462
0.13704736530780792,-2.158867359161377,0.7893993258476257,0.45411747694015503,0.06350081413984299,-0.5093453526496887,-1.5886651277542114
-0.77686607837677,-0.39051753282546997,-1.1568502187728882,3.179901599884033,0.004158974625170231,1.2427023649215698,0.9517979621887207
1.9122878313064575,2.673741340637207,-0.2897579073905945,1.3361040353775024,0.026286780834197998,-0.7589288949966431,-0.6616172790527344
1.3078761100769043,0.9709547162055969,1.5540275573730469,0.21139484643936157,0.0809454396367073,0.5856512188911438,0.7515587210655212
-0.2943165600299835,0.0408954843878746,1.1778507232666016,0.30793988704681396,0.07349594682455063,1.029957890510559,1.792346477508545
0.4499085545539856,0.7453598976135254,-0.518339991569519,1.6792378425598145,0.018651608377695084,0.9027676582336426,2.335498571395874
-0.20888972282409668,-2.3594250679016113,-1.3606524467468262,3.8987362384796143,0.0020267509389668703,-0.31951379776000977,-1.813011646270752
0.367674857378006,-0.09756837785243988,0.4000372588634491,0.6702950596809387,0.05115576460957527,1.0622735023498535,1.6130762100219727
1.658405065536499,2.3383240699768066,1.3080109357833862,0.27035728096961975,0.07631067931652069,-0.6673225164413452,0.3560010492801666
-1.109215497970581,0.4580304026603699,-0.32717856764793396,1.3870490789413452,0.024981139227747917,1.0356301069259644,1.0775922536849976
-0.024431277066469193,-0.9062650203704834,0.46550416946411133,0.6278185248374939,0.0533754900097847,0.6794720888137817,0.622868537902832
-0.851949155330658,0.4541628956794739,0.6446391940116882,0.5248518586158752,0.059164296835660934,0.951113760471344,1.5472228527069092
-0.5264338850975037,1.1010966300964355,1.349872350692749,0.25927335023880005,0.07716120779514313,0.4785458445549011,2.188239812850952
0.3296786844730377,0.061511971056461334,1.4114181995391846,0.24379728734493256,0.07836464792490005,1.0224884748458862,1.8868249654769897
0.5687187910079956,1.3085311651229858,-0.44287821650505066,1.5571826696395874,0.02107289247214794,0.414987176656723,2.426710367202759
0.15976986289024353,-0.5105218887329102,-0.2894892692565918,1.335745096206665,0.026296216994524002,1.0060641765594482,1.3672252893447876
-0.03689849004149437,-0.41932806372642517,-0.24754533171653748,1.2808774709701538,0.027779344469308853,1.0414505004882812,1.3946242332458496
1.5027196407318115,2.296311616897583,-1.2452681064605713,3.4738659858703613,0.0030996964778751135,-0.3161344528198242,0.7405264377593994
-0.007442883215844631,0.14214910566806793,-0.09841576218605042,1.1034214496612549,0.03317341208457947,1.1002559661865234,2.0430853366851807
-0.2977757155895233,-0.4377049207687378,-1.738495945930481,5.688780784606934,0.00033837158116512,1.474604845046997,1.536922574043274
1.4230449199676514,-1.0453100204467773,-1.6473308801651,5.193100452423096,0.0005554758245125413,1.0209438800811768,-1.3740496635437012
0.55475252866745,2.531041383743286,1.142978310585022,0.31886792182922363,0.07269715517759323,-0.7874452471733093,2.6525487899780273
1.5442618131637573,1.423445701599121,-0.7106918692588806,2.0353989601135254,0.013062836602330208,0.35035789012908936,0.33073899149894714
-2.0327937602996826,4.537542819976807,0.4629891514778137,0.6293994784355164,0.05329117178916931,-0.11101669818162918,1.301754355430603
-0.2827664315700531,1.0949558019638062,0.5752483606338501,0.5625651478767395,0.05697457119822502,0.5143422484397888,2.354133129119873
-0.4877609312534332,0.1336757242679596,1.0639348030090332,0.3450952470302582,0.07081528753042221,1.0255881547927856,1.5949714183807373
-0.7371119856834412,-1.0006492137908936,-0.9310430884361267,2.537154197692871,0.00790911540389061,0.7934713363647461,0.06412221491336823
-0.8384078145027161,2.7295308113098145,0.14365659654140472,0.8661851286888123,0.04205528646707535,-0.8296785354614258,2.287959337234497
-0.26452404260635376,-0.1790902316570282,0.6461088061332703,0.5240811109542847,0.0592099204659462,1.0364142656326294,1.6330265998840332
-0.5377241969108582,0.8158410787582397,0.45461347699165344,0.6346932649612427,0.05300980806350708,0.748725414276123,2.231560707092285
-0.28103527426719666,1.2704159021377563,0.06203121319413185,0.9398535490036011,0.03906850516796112,0.38986897468566895,2.565181255340576
-0.10745541006326675,2.1498756408691406,0.5841078162193298,0.557603120803833,0.05725798010826111,-0.491493284702301,2.6517298221588135
-0.01121290773153305,-2.027719497680664,0.8481400012969971,0.42821067571640015,0.06516741216182709,-0.3983679413795471,-1.3281196355819702
-0.9350530505180359,-0.8749191761016846,-1.1848605871200562,3.270230770111084,0.0037997656036168337,0.9680820107460022,0.10424014925956726
1.4022715091705322,1.9736448526382446,0.14610548317432404,0.8640665411949158,0.04214447736740112,-0.3056337833404541,0.692858874797821
0.13067425787448883,1.7100412845611572,1.0856508016586304,0.33768194913864136,0.07134221494197845,-0.1050272285938263,2.53373646736145
-0.41793572902679443,0.11394113302230835,0.5030819177627563,0.6046642661094666,0.05462577939033508,1.053982138633728,1.7788902521133423
1.6247718334197998,3.289156675338745,0.22411677241325378,0.7992218136787415,0.04496787488460541,-0.9092099666595459,0.8597496151924133
-0.5491063594818115,-0.567546546459198,-0.03379897400736809,1.034376621246338,0.03554479032754898,0.946660041809082,0.9355003833770752
-0.49746257066726685,1.730489730834961,1.454214334487915,0.23358380794525146,0.0791691243648529,-0.1356571465730667,2.4662301540374756
1.5636804103851318,2.788053035736084,-1.775771975517273,5.904837608337402,0.0002726224483922124,-0.3476693034172058,1.0154908895492554
0.28938978910446167,0.5645619630813599,0.19017581641674042,0.8268137574195862,0.04374408721923828,0.9275044202804565,2.2558088302612305
-0.5161586999893188,-1.1653978824615479,1.9455736875534058,0.14290522038936615,0.08668362349271774,0.4086754620075226,0.0780220776796341
-0.6469451189041138,-0.24501830339431763,1.121732234954834,0.3257150948047638,0.07220108807086945,1.002704381942749,1.3096379041671753
0.24803060293197632,0.2686043977737427,1.547060489654541,0.21287280321121216,0.08082589507102966,0.9854294657707214,2.1720340251922607
-1.4180846214294434,2.738097906112671,-0.7237311005592346,2.062112808227539,0.012718496844172478,-0.7134831547737122,1.0861363410949707
1.3509048223495483,1.5425761938095093,-0.07329843193292618,1.0760515928268433,0.03409390524029732,0.13582155108451843,0.8395563364028931
-1.0469156503677368,3.3521358966827393,-0.18126694858074188,1.1987351179122925,0.0301575418561697,-0.8580440282821655,2.484131336212158
-2.2403790950775146,5.007880210876465,-0.8592135906219482,2.3613030910491943,0.009429726749658585,0.5273401141166687,1.5749319791793823
-0.7528722286224365,-0.645881175994873,-1.504784345626831,4.503182411193848,0.0011073698988184333,1.2488878965377808,0.7084324955940247
0.17767353355884552,-1.0881909132003784,-0.5919647812843323,1.8075363636016846,0.016405781731009483,0.6448422074317932,0.4080203175544739
0.0065049296244978905,1.1600147485733032,-0.08127862215042114,1.0846730470657349,0.03380122780799866,0.5077933073043823,2.6468286514282227
-0.007055256981402636,0.2376643866300583,-0.6856465935707092,1.9850549697875977,0.013737305998802185,1.1703959703445435,2.087747097015381
-0.19435158371925354,0.5616312623023987,1.4099018573760986,0.2441672384738922,0.07833565771579742,0.8708042502403259,2.433870792388916
-3.1796557903289795,9.13200855255127,0.9687223434448242,0.3795676827430725,0.06841571629047394,-0.9194915294647217,-0.6931269764900208
-1.5229125022888184,1.7705402374267578,-0.7769876718521118,2.1749107837677,0.01136182900518179,0.019072741270065308,0.474057137966156
-0.24667222797870636,0.1973329335451126,-1.7604353427886963,5.814968585968018,0.000298257393296808,1.5620898008346558,2.408829689025879
-1.1872293949127197,2.5949220657348633,-0.9044061899185181,2.4704644680023193,0.008454558439552784,-0.6072136163711548,1.3243964910507202
-0.44584742188453674,-1.8472965955734253,-0.09431865811347961,1.098909854888916,0.033323414623737335,-0.16309954226016998,-1.2013609409332275
-0.6281903982162476,-0.6778396368026733,-0.5334619283676147,1.7048240900039673,0.01818043552339077,0.9494117498397827,0.8316233158111572
-0.8899604678153992,1.792802095413208,-0.6446879506111145,1.9053924083709717,0.01487642526626587,-0.02964736521244049,2.1274569034576416
0.5493693351745605,-0.5512382984161377,1.5722635984420776,0.2075747847557068,0.081255242228508,0.8726341128349304,1.041720986366272
1.0564172267913818,-0.6953588724136353,-0.3816758096218109,1.4647371768951416,0.023113872855901718,0.9142975211143494,0.038392022252082825
0.7304012179374695,-0.20253503322601318,-1.2657275199890137,3.545671224594116,0.0028849251102656126,1.3341269493103027,1.138009786605835
0.6555211544036865,0.8567649126052856,-0.6717380285263062,1.957636833190918,0.014119168743491173,0.850649356842041,2.194352388381958
-0.34832102060317993,-0.14794258773326874,-0.6000462770462036,1.8222031593322754,0.016166917979717255,1.1712967157363892,1.6057946681976318
0.04442598670721054,-0.552306056022644,0.6282926797866821,0.5335018634796143,0.05865473672747612,0.9046671390533447,1.2159184217453003
-0.2967061698436737,0.24699220061302185,2.008376121520996,0.13420642912387848,0.08744095265865326,0.983072817325592,1.7639416456222534
-1.1027699708938599,2.4047436714172363,-0.366422563791275,1.4425647258758545,0.02363208867609501,-0.5963330864906311,1.6544523239135742
0.730739951133728,-1.1716934442520142,0.17819684743881226,0.8367776870727539,0.04331038519740105,0.4722696542739868,-0.2513211667537689
-0.5196983218193054,0.07429277896881104,0.4129101634025574,0.6617217063903809,0.051596224308013916,1.0634137392044067,1.6240272521972656
0.017458757385611534,1.6657190322875977,0.2761298418045044,0.7587144374847412,0.0468268021941185,-0.018908776342868805,2.66581392288208
-0.5441930294036865,1.489411473274231,-0.7399576902389526,2.0958468914031982,0.012296605855226517,0.2908797264099121,2.426365852355957
0.7117070555686951,-0.3602225184440613,-0.7244759202003479,2.0636494159698486,0.012698967941105366,1.1421834230422974,1.2122372388839722
-0.7967713475227356,1.7049479484558105,0.845007061958313,0.4295543134212494,0.06507991254329681,-0.09079417586326599,1.8901952505111694
0.8273121118545532,0.09513771533966064,-0.8480799198150635,2.3351588249206543,0.00967951025813818,1.2289936542510986,1.478216528892517
0.6387835144996643,-0.06365007162094116,0.26814004778862,0.7648006677627563,0.04654266685247421,1.0744550228118896,1.4045742750167847
0.9378798604011536,1.702354907989502,1.676218867301941,0.1870800107717514,0.08293773233890533,-0.11247140169143677,2.074571371078491
0.904127299785614,0.3842276334762573,-0.33745235204696655,1.4013727903366089,0.02462586760520935,1.067225456237793,1.4432951211929321
0.6918703317642212,0.32427114248275757,1.1086457967758179,0.33000555634498596,0.07189197838306427,0.9808837175369263,1.5817079544067383
0.27919524908065796,-0.31113481521606445,-0.04817451909184456,1.0493537187576294,0.03501639515161514,1.056922197341919,1.4734961986541748
0.356099009513855,-0.5528540015220642,1.4335259199142456,0.23846662044525146,0.07878349721431732,0.8748759627342224,1.2461341619491577
-0.41210466623306274,2.507746458053589,-1.1751883029937744,3.238752841949463,0.003921276889741421,-0.4818802773952484,3.0680596828460693
0.2514994442462921,-0.4658195972442627,-0.19707274436950684,1.2178326845169067,0.029587071388959885,1.0152369737625122,1.3547554016113281
0.6058079600334167,0.5322741270065308,0.2794690728187561,0.7561851143836975,0.046945393085479736,0.9372736811637878,1.9707319736480713
-0.48258641362190247,-1.2563257217407227,1.1968775987625122,0.3021361231803894,0.0739237442612648,0.3395267128944397,-0.13131465017795563
-0.7305185794830322,-1.0060069561004639,0.8296208381652832,0.4362146556377411,0.06464789807796478,0.5788593888282776,0.022385865449905396
1.2057926654815674,1.7962416410446167,-1.2725658416748047,3.5700008869171143,0.002815582789480686,0.1334596574306488,1.6384198665618896
0.6873286962509155,1.301643967628479,0.6877224445343018,0.5027197599411011,0.06048833206295967,0.31618639826774597,2.2113571166992188
1.050018548965454,1.334770917892456,0.11881408095359802,0.887972891330719,0.04114890471100807,0.3226373791694641,1.535648226737976
-0.3714980483055115,0.5308398008346558,0.30305394530296326,0.7385592460632324,0.04778017848730087,0.936238169670105,2.146456241607666
-1.427334189414978,2.258817672729492,0.711016058921814,0.49114492535591125,0.06119253486394882,-0.5858954191207886,0.7706611156463623
-0.610958993434906,-0.1638043224811554,-0.06946586072444916,1.0719354152679443,0.034234531223773956,1.093807578086853,1.3369407653808594
0.6664450168609619,-0.9364727139472961,-1.1977686882019043,3.3127169609069824,0.0036417096853256226,0.923904538154602,0.4455178678035736
-2.3435757160186768,5.995438098907471,-1.107674241065979,3.0273094177246094,0.00484458077698946,1.261616587638855,2.5273096561431885
-1.2949751615524292,1.9644737243652344,0.4735375940799713,0.6227951645851135,0.05364428833127022,-0.32130756974220276,1.0128636360168457
-1.2540160417556763,1.0693291425704956,-1.1398727893829346,3.126370668411255,0.004387675318866968,0.7933496236801147,1.1225677728652954
0.2400248944759369,-0.576431155204773,-0.4502408802509308,1.5686900615692139,0.020831789821386337,0.9952821135520935,1.213949203491211
1.261095643043518,2.6409831047058105,-0.10919548571109772,1.1153804063796997,0.03277905657887459,-0.7657521367073059,1.3622690439224243
-0.6744811534881592,1.8584892749786377,-1.8594152927398682,6.419981956481934,0.00016286855679936707,0.3582574129104614,2.583468437194824
0.572314441204071,0.6005113124847412,-0.38450056314468384,1.468880534172058,0.023018302395939827,0.9719347953796387,2.150160074234009
-0.6445080041885376,-0.47202834486961365,-0.23693902790546417,1.2673637866973877,0.028157293796539307,1.0173841714859009,0.9802318811416626
-0.28235945105552673,-0.2387014478445053,-0.08767876029014587,1.091637372970581,0.03356664255261421,1.0808095932006836,1.561061978340149
0.8505861163139343,1.9360435009002686,-0.6015714406967163,1.8249844312667847,0.016122015193104744,-0.17468173801898956,2.144577980041504
1.1047568321228027,1.7746062278747559,1.2418909072875977,0.2888375222682953,0.074913389980793,-0.1735180765390396,1.5135325193405151
-1.252538800239563,2.576542377471924,-0.07371382415294647,1.0764987468719482,0.03407866135239601,-0.7369118332862854,1.325178861618042
-0.918847918510437,0.523273766040802,0.8849738836288452,0.41272494196891785,0.06618443131446838,0.9074603915214539,1.5041671991348267
0.14540573954582214,1.2157411575317383,0.8733726143836975,0.417540967464447,0.06586645543575287,0.38939619064331055,2.500904083251953
-1.02097487449646,1.1843825578689575,0.8970510959625244,0.4077703654766083,0.06651315838098526,0.4176460802555084,1.5824251174926758
0.9360189437866211,0.7277364730834961,0.12851956486701965,0.879396378993988,0.041503336280584335,0.8346216082572937,1.588766098022461
0.09372824430465698,0.21168342232704163,0.39839693903923035,0.671395480632782,0.0510994978249073,1.0448181629180908,2.0515525341033936
-0.6523540616035461,-0.8402208089828491,-0.24978050589561462,1.2837436199188232,0.02769983746111393,0.7956727743148804,0.4475496709346771
0.23636624217033386,0.8828623294830322,-0.8158038258552551,2.2609922885894775,0.010424698702991009,0.8610416650772095,2.7027294635772705
-0.8334247469902039,1.2582921981811523,-2.3430466651916504,10.41291332244873,3.0042024263821077e-06,1.3487337827682495,2.844788074493408
-1.699467420578003,3.6917619705200195,-1.229341983795166,3.4189791679382324,0.0032745846547186375,-0.5105381011962891,1.1075267791748047
0.09353268146514893,0.24666272103786469,0.4342958331108093,0.6477206349372864,0.052323706448078156,1.034504771232605,2.083254337310791
1.308739185333252,0.2753697633743286,2.108983039855957,0.12136132270097733,0.08857138454914093,0.9744608998298645,0.3019203841686249
0.437686949968338,-0.2877206802368164,0.31993988156318665,0.7261927127838135,0.0483747236430645,1.0315124988555908,1.3834762573242188
-0.36022552847862244,-0.03863824903964996,-2.492602825164795,12.092710494995117,5.60018747819413e-07,2.208524703979492,1.698546051979065
0.8266831636428833,0.28567054867744446,-0.21230913698673248,1.236530065536499,0.029039010405540466,1.0831259489059448,1.4594485759735107
-0.8660058975219727,0.5747553110122681,0.6700197458267212,0.5116984844207764,0.059947650879621506,0.890495240688324,1.6186494827270508
-0.06216984614729881,-0.5838151574134827,-0.311753511428833,1.3658180236816406,0.025517186149954796,0.9709476232528687,1.1760491132736206
-0.16939377784729004,2.1424825191497803,-0.9561517834663391,2.601665496826172,0.007414998020976782,-0.28088435530662537,2.737403154373169
2.5162320137023926,8.732556343078613,1.09244966506958,0.33539387583732605,0.07150563597679138,-0.7362905740737915,2.6124048233032227
-0.00608449662104249,1.026112675666809,2.5762205123901367,0.0760609358549118,0.09267596900463104,0.5257536172866821,2.1676740646362305
0.8957507014274597,1.4231488704681396,1.1788699626922607,0.3076261579990387,0.07351900637149811,0.17787420749664307,1.7177892923355103
0.5289869904518127,0.8724325895309448,0.42258861660957336,0.6553481817245483,0.05192612484097481,0.7085001468658447,2.2523891925811768
1.8065751791000366,3.168663263320923,-1.1076072454452515,3.027106523513794,0.004845564253628254,-0.6969229578971863,0.20282572507858276
-0.7713925838470459,1.3542821407318115,0.20081621408462524,0.8180627822875977,0.04412857070565224,0.2966327965259552,2.058602809906006
0.08726819604635239,-0.9704383015632629,-0.745552659034729,2.1076059341430664,0.012152856215834618,0.7756985425949097,0.6921899318695068
0.1856679767370224,-0.6501990556716919,0.028107114136219025,0.972284197807312,0.03782181069254875,0.8931916952133179,1.090576410293579
0.4726843237876892,0.626469075679779,-0.043405935168266296,1.0443617105484009,0.03519163653254509,0.9145388603210449,2.1988470554351807
0.6876700520515442,1.7970209121704102,0.2586784362792969,0.7720712423324585,0.04620550572872162,-0.1470927894115448,2.1605167388916016
-1.7659223079681396,5.115825653076172,-0.5783612132072449,1.7831138372421265,0.01681138575077057,0.5708928108215332,3.5131049156188965
-0.8006737232208252,0.8108686208724976,-1.2078527212142944,3.3462915420532227,0.0035214703530073166,1.0234981775283813,2.106783151626587
0.41070619225502014,1.7533297538757324,-1.5088437795639038,4.521500110626221,0.001087270095013082,0.27062851190567017,3.1250956058502197
-1.252496361732483,0.2290184497833252,0.31019270420074463,0.7333056330680847,0.04803185909986496,1.047220230102539,0.5131909847259521
-2.0649819374084473,6.49709415435791,-0.6674836277961731,1.9493259191513062,0.014237001538276672,1.172141194343567,4.236297607421875
1.1229037046432495,2.3940820693969727,-0.6274886727333069,1.872901201248169,0.015367716550827026,-0.5460933446884155,1.60990309715271
-0.547066330909729,0.9565285444259644,-1.2350006103515625,3.438380718231201,0.0032116647344082594,0.9201983213424683,2.4811782836914062
1.6169171333312988,2.179698944091797,1.5741403102874756,0.20718559622764587,0.08128687739372253,-0.551249086856842,-0.0564504936337471
-0.874442994594574,1.5532495975494385,-0.7977235317230225,2.22048020362854,0.01085569616407156,0.23959384858608246,1.9330042600631714
-1.7864073514938354,2.8030710220336914,-0.8677239418029785,2.381484270095825,0.009241330437362194,-0.7050982713699341,-0.0598234161734581
-0.9139701724052429,0.7236576676368713,-0.9554367661476135,2.5998058319091797,0.007428800221532583,1.0093694925308228,1.5995984077453613
0.503465473651886,0.14372695982456207,0.7870055437088013,0.45520585775375366,0.0634317398071289,1.0352096557617188,1.6666754484176636
0.844901442527771,0.1635255217552185,-0.9461774826049805,2.5758445262908936,0.0076089538633823395,1.244243860244751,1.4745938777923584
-0.8157607913017273,1.3508021831512451,-0.6342483758926392,1.8856043815612793,0.015173731371760368,0.4067843556404114,2.0716981887817383
0.029333725571632385,-1.651587963104248,0.6115578413009644,0.5425050854682922,0.058129023760557175,-0.02645326405763626,-0.6504616141319275
-1.0483320951461792,2.5085299015045166,0.8313022255897522,0.43548181653022766,0.06469528377056122,-0.762671172618866,1.7219868898391724
-0.6275774240493774,-0.7787643671035767,0.2377055436372757,0.7884348034858704,0.04545557126402855,0.7906254529953003,0.49947935342788696
1.2676925659179688,0.8380786776542664,0.41142529249191284,0.6627050042152405,0.051545511931180954,0.7351628541946411,0.8764699101448059
-0.5483710169792175,1.2988226413726807,-1.1972919702529907,3.311138153076172,0.0036474638618528843,0.5997469425201416,2.402240753173828
-0.7910062074661255,0.892339825630188,1.492767333984375,0.2247498333454132,0.07987160235643387,0.6500670909881592,1.9359264373779297
0.47455689311027527,0.06490008533000946,0.08819431811571121,0.9155829548835754,0.040028322488069534,1.0894529819488525,1.717058777809143
1.3148387670516968,1.6800076961517334,-0.7993518114089966,2.2240989208221436,0.01081648375838995,0.11341548711061478,0.9483534693717957
-0.5876216292381287,0.8106566667556763,2.4479033946990967,0.0864747017621994,0.09171587228775024,0.6976701021194458,2.0410687923431396
1.6295266151428223,3.3573243618011475,-0.7040054202079773,2.0218348503112793,0.013241228647530079,-0.7746365666389465,1.090917944908142
0.01991238445043564,0.8463110327720642,0.6733879446983337,0.5099778771400452,0.06005088612437248,0.7137479186058044,2.6047699451446533
-0.30451759696006775,-0.8259913921356201,0.902948260307312,0.4053727388381958,0.06667282432317734,0.7183657288551331,0.6220818758010864
0.6682472825050354,-0.3849223852157593,-1.3211132287979126,3.747591018676758,0.0023574468214064837,1.301586627960205,1.1829297542572021
-0.7742241621017456,1.038989782333374,0.9103270173072815,0.4023926258087158,0.06687181442975998,0.5473304986953735,2.0177695751190186
1.9569849967956543,4.143408298492432,-1.2756409645080566,3.580996036529541,0.0027847946621477604,-0.1806739866733551,1.0946499109268188
-0.04412036016583443,-0.020070567727088928,1.5413885116577148,0.21408364176750183,0.08072808384895325,1.0212069749832153,2.2697548866271973
0.4319835305213928,0.9879566431045532,1.1385750770568848,0.32027506828308105,0.07259493321180344,0.582424521446228,2.3538365364074707
0.8759022951126099,1.482240080833435,0.6392187476158142,0.5277045369148254,0.05899576470255852,0.14121100306510925,1.7439743280410767
-0.3023424446582794,1.4541882276535034,2.5882928371429443,0.07514821738004684,0.0927606001496315,0.12385883927345276,2.8544037342071533
-0.8377266526222229,1.623280644416809,-3.29093337059021,26.867929458618164,2.144897351093536e-13,2.6343326568603516,2.57810640335083
0.40257513523101807,-0.8277232050895691,-1.2010084390640259,3.3234667778015137,0.0036027715541422367,1.0089008808135986,0.8918424248695374
0.6870725750923157,0.9706313610076904,-0.8622958660125732,2.3685925006866455,0.009361239150166512,0.8016378879547119,2.175471067428589
-1.1799103021621704,0.15209341049194336,-0.06632748246192932,1.0685765743255615,0.0343497097492218,1.0953137874603271,0.6481611728668213
-0.8128206729888916,-0.5947242975234985,0.3202053904533386,0.7259998917579651,0.04838405176997185,0.9009029865264893,0.46712586283683777
-1.6541651487350464,2.1345150470733643,0.25775229930877686,0.7727866172790527,0.04617246240377426,-0.4570545554161072,-0.054351937025785446
-0.5009577870368958,-0.22993892431259155,-0.9627988338470459,2.619016408920288,0.0072874510660767555,1.2355819940567017,1.4173451662063599
-0.7614701390266418,-1.051424264907837,-1.9759209156036377,7.213259220123291,7.367519719991833e-05,1.2176610231399536,0.5115912556648254
-1.0106126070022583,1.2589372396469116,0.9558930993080139,0.38446861505508423,0.06808122992515564,0.3452754616737366,1.576080083847046
-2.0263097286224365,5.069161415100098,0.361564964056015,0.6965853571891785,0.049828387796878815,0.41891026496887207,2.3770220279693604
-1.271753191947937,1.7682299613952637,0.4270309507846832,0.6524433493614197,0.05207718163728714,-0.13090914487838745,0.9829145073890686
-0.14488756656646729,0.6034151911735535,-0.10118372738361359,1.1064798831939697,0.033072106540203094,0.934050440788269,2.3929085731506348
1.2188552618026733,2.5821123123168945,0.29266926646232605,0.7462689280509949,0.04741322621703148,-0.7729041576385498,1.3508167266845703
-1.0587739944458008,0.7618947625160217,0.8171563744544983,0.44168585538864136,0.06429515779018402,0.7676979303359985,1.444356083869934
-0.42218998074531555,0.5314942598342896,-0.04376526549458504,1.0447371006011963,0.03517843037843704,0.9665244221687317,2.1796557903289795
-0.4977927803993225,0.46023374795913696,0.5097242593765259,0.6006611585617065,0.054844893515110016,0.9560148119926453,2.0972838401794434
0.6390520930290222,-0.1703210175037384,-0.05069820210337639,1.052005410194397,0.03492366895079613,1.090730905532837,1.3029998540878296
0.17641876637935638,-0.05482038855552673,0.6963595151901245,0.4983963966369629,0.06075040623545647,1.0483373403549194,1.840477466583252
1.3351362943649292,1.889827013015747,-0.5451768636703491,1.724913477897644,0.01781884767115116,-0.14115497469902039,0.9108443260192871
-0.5101521611213684,-0.5207735300064087,-0.11109250783920288,1.1174982786178589,0.03270971029996872,0.9791843891143799,1.0428467988967896
2.2830357551574707,5.073624134063721,0.8225317597389221,0.4393180012702942,0.06444758176803589,0.39736175537109375,1.156590223312378
-0.4229275584220886,0.6665781736373901,0.9252753257751465,0.39642226696014404,0.06727226078510284,0.8255841732025146,2.179516077041626
-0.5625040531158447,-1.6100404262542725,0.21752119064331055,0.8045105338096619,0.04473068192601204,0.041217029094696045,-0.8875102400779724
0.9699296355247498,0.667344868183136,0.10632447898387909,0.8991328477859497,0.04069223627448082,0.8753809928894043,1.5029126405715942
-0.6327295899391174,-1.6176424026489258,1.7022756338119507,0.18226827681064606,0.08333776891231537,-0.02860211580991745,-1.209600806236267
0.5329478979110718,0.20243656635284424,-1.1262873411178589,3.0841846466064453,0.00457673380151391,1.287998080253601,1.8664861917495728
0.6593242883682251,0.2523714303970337,-0.09322220087051392,1.097705602645874,0.033363569527864456,1.0780935287475586,1.7161483764648438
0.9099633097648621,-0.6064906120300293,-0.09436188638210297,1.0989574193954468,0.03332183137536049,0.9315491318702698,0.3642696738243103
-1.693267822265625,2.6429576873779297,-0.09373828023672104,1.0982723236083984,0.03334466740489006,-0.7684089541435242,0.08382900059223175
-0.20941682159900665,-0.31860366463661194,-0.21470201015472412,1.2394925355911255,0.028953110799193382,1.0736229419708252,1.4885653257369995
-0.13856908679008484,2.3873953819274902,0.12633951008319855,0.8813155889511108,0.04142376035451889,-0.6406898498535156,2.7495553493499756
-0.15953315794467926,0.490924209356308,-0.15525995194911957,1.1679614782333374,0.03110002912580967,0.9986936450004578,2.3193111419677734
0.10493030399084091,-1.0931140184402466,-0.3421650230884552,1.4079926013946533,0.024463387206196785,0.600521445274353,0.42190128564834595
-0.09128082543611526,1.238404631614685,2.4216253757476807,0.08877720683813095,0.09150494635105133,0.33518245816230774,3.108964204788208
-0.27098849415779114,2.0076489448547363,-0.09115780144929886,1.0954418182373047,0.03343918174505234,-0.3135455846786499,2.6233105659484863
1.8270478248596191,4.22999906539917,0.2380765974521637,0.7881423234939575,0.04546886682510376,-0.38508346676826477,1.51712965965271
0.18073058128356934,-1.1863301992416382,0.36938759684562683,0.6911574602127075,0.05009958893060684,0.4441800117492676,0.23350806534290314
0.7127952575683594,-0.16012930870056152,-0.9946666359901428,2.7038228511810303,0.006694908253848553,1.2575889825820923,1.3036396503448486
0.4235321879386902,0.7614442110061646,1.7610747814178467,0.17186005413532257,0.08420969545841217,0.7410262823104858,2.3298232555389404
-1.5614039897918701,0.9029046297073364,-0.720238447189331,2.0549230575561523,0.012810269370675087,0.8248243927955627,0.14612895250320435
-1.3650280237197876,1.5538032054901123,0.43234357237815857,0.6489863395690918,0.05225751921534538,0.08189093321561813,0.8388529419898987
-0.8485408425331116,0.015053927898406982,0.06736709177494049,0.9348519444465637,0.03926439955830574,1.093371868133545,1.187609314918518
1.7189526557922363,0.6726365089416504,-0.23878780007362366,1.2697091102600098,0.02809133194386959,0.909152626991272,-0.5035853385925293
-1.5114490985870361,2.554823160171509,-0.022671431303024292,1.022930383682251,0.035953979939222336,-0.7304406762123108,0.6016998291015625
0.1566443294286728,0.12369275838136673,1.0794576406478882,0.3397797644138336,0.07119271159172058,1.026337742805481,1.7738516330718994
-0.08783670514822006,0.7628859877586365,-1.3704513311386108,3.9371273517608643,0.0019504163647070527,1.1165574789047241,2.509657859802246
-1.3503857851028442,0.6734795570373535,0.3198727071285248,0.7262414693832397,0.04837236553430557,0.8542802929878235,0.5600932836532593
1.6619925498962402,3.5551724433898926,0.3446957468986511,0.7084358930587769,0.04924137890338898,-0.8448444604873657,1.0272918939590454
0.25586020946502686,0.9629480242729187,-0.7265558838844299,2.067946195602417,0.012644520029425621,0.7778971195220947,2.619347333908081
2.0731799602508545,3.352945327758789,-1.3645530939102173,3.913973569869995,0.0019961027428507805,-0.586350679397583,-0.687805712223053
0.6263800263404846,0.8318910598754883,-1.6295212507247925,5.101431846618652,0.0006088023073971272,1.1836222410202026,2.181165933609009
2.4125587940216064,5.308697700500488,-0.13294073939323425,1.1421823501586914,0.0319121852517128,0.6758103370666504,1.1419388055801392
0.5201555490493774,-1.6634917259216309,0.8635079860687256,0.4216802418231964,0.0655943751335144,-0.0503946878015995,-0.9775146245956421
0.4239906370639801,-1.329707384109497,0.3430365025997162,0.7096123099327087,0.04918348416686058,0.309721440076828,-0.20690776407718658
-0.22935320436954498,-0.36379900574684143,2.178896188735962,0.11316637694835663,0.08930020779371262,0.9458684325218201,1.1807523965835571
0.11135557293891907,0.1144057959318161,-1.3483219146728516,3.8509578704833984,0.0021259363275021315,1.37855863571167,2.190732002258301
-0.8447443842887878,0.5511054992675781,1.5712143182754517,0.20779269933700562,0.0812375396490097,0.8727254271507263,1.8034899234771729
0.6361367702484131,1.4175853729248047,-1.5368043184280396,4.649707317352295,0.0009564400534145534,0.6175829768180847,2.55727481842041
1.0363247394561768,1.4017035961151123,-0.06220299005508423,1.0641783475875854,0.03450112044811249,0.2747059166431427,1.602406620979309
1.817151427268982,3.949909210205078,0.24579723179340363,0.7820807695388794,0.04574531689286232,-0.6125086545944214,1.0541352033615112
0.221951425075531,-0.6330914497375488,0.28366488218307495,0.7530189752578735,0.04709426313638687,0.881504237651825,1.1137723922729492
-0.5615242719650269,0.893834114074707,-0.7449066042900085,2.1062448024749756,0.012169409543275833,0.8370524644851685,2.2894668579101562
0.18604497611522675,-0.6835158467292786,-0.1465226113796234,1.1578011512756348,0.03141762688755989,0.8911373019218445,1.0493977069854736
-1.342616081237793,0.6696534156799316,1.2944867610931396,0.2740384638309479,0.07603028416633606,0.811440646648407,0.6336349844932556
-0.35363951325416565,-0.5482549667358398,1.3176382780075073,0.26776695251464844,0.07650860399007797,0.8802120089530945,1.1916311979293823
-1.3439009189605713,2.427842617034912,-1.7441602945327759,5.721095561981201,0.0003276119823567569,-0.1838025450706482,1.505236029624939
-0.26281169056892395,-0.10289812088012695,1.2681959867477417,0.2813386917114258,0.07547726482152939,1.0228445529937744,1.5941334962844849
-0.26325005292892456,0.8584049344062805,1.0447361469268799,0.3517846167087555,0.07034315913915634,0.688823938369751,2.5297083854675293
-0.6463623046875,0.4261527955532074,0.3010307848453522,0.7400549650192261,0.047708772122859955,0.9845682978630066,1.8796883821487427
0.5911135673522949,1.889510154724121,-0.5534332394599915,1.7392139434814453,0.01756584271788597,-0.13942404091358185,2.447641611099243
0.35740917921066284,0.730248212814331,-0.8364637494087219,2.308190107345581,0.009944106452167034,0.9758278131484985,2.5204429626464844
0.5502752661705017,-1.059281826019287,0.10443384200334549,0.9008343815803528,0.04062305763363838,0.5795819163322449,0.1695834845304489
1.7543017864227295,3.0794923305511475,2.218543529510498,0.10876741260290146,0.08969390392303467,-0.9871956706047058,0.26934343576431274
1.363987684249878,1.566690444946289,-1.1084208488464355,3.0295705795288086,0.00483363913372159,0.30706292390823364,1.034735083580017
1.34344482421875,0.17010819911956787,-0.116497702896595,1.1235549449920654,0.03251219540834427,1.0979219675064087,0.26102134585380554
1.5118169784545898,3.4264559745788574,0.10922202467918396,0.896531343460083,0.040798235684633255,-0.8700469136238098,1.3813815116882324
1.1430227756500244,2.4365100860595703,-1.9568049907684326,7.076680660247803,8.445719140581787e-05,-0.05388998985290527,1.9958574771881104
-0.10165490955114365,-0.3172900378704071,1.3993728160858154,0.24675168097019196,0.0781334713101387,0.974759578704834,1.6376973390579224
0.6505786776542664,0.9254567623138428,-0.6146786212921143,1.849062204360962,0.01573846861720085,0.7863759994506836,2.2269608974456787
-0.6574902534484863,0.0706670880317688,1.5462292432785034,0.21304981410503387,0.08081158995628357,1.0188090801239014,1.4047608375549316
1.1460957527160645,0.6183502078056335,0.37176844477653503,0.6895138621330261,0.05018199607729912,0.8837873339653015,1.040777325630188
-0.40068548917770386,1.1360485553741455,-0.7645541429519653,2.148036479949951,0.011671310290694237,0.6359853148460388,2.5477771759033203
-0.5957228541374207,1.5612530708312988,-1.2840523719787598,3.6112442016601562,0.0027018210384994745,0.37066754698753357,2.5701894760131836
0.6007763147354126,0.3631872534751892,0.5185914635658264,0.5953585505485535,0.055136483162641525,0.9943051338195801,1.858030915260315
0.06027839705348015,0.20001904666423798,-0.3968454599380493,1.487126111984253,0.022602129727602005,1.1287753582000732,2.1220648288726807
1.3879550695419312,0.6617558002471924,-2.8855316638946533,17.913087844848633,1.6612874409460687e-09,2.580223321914673,0.3654370903968811
-1.082808256149292,-0.42039334774017334,0.2049749791622162,0.8146677017211914,0.044278644025325775,0.9943952560424805,0.2600638270378113
1.893770694732666,5.667378902435303,-1.0519237518310547,2.8631539344787598,0.005708842538297176,1.1026232242584229,4.035866737365723
2.3940935134887695,5.953314304351807,0.39540860056877136,0.6734048128128052,0.05099692940711975,1.0134246349334717,2.069981098175049
-0.6111577153205872,0.716857373714447,-0.44739726185798645,1.5642355680465698,0.02092478983104229,0.9102978110313416,2.1869473457336426
-0.24044299125671387,-1.3539854288101196,-1.7821214199066162,5.942449569702148,0.0002625590132083744,0.8093612194061279,0.6814121007919312
-0.2929884195327759,0.9163779020309448,-0.8395355939865112,2.315291404724121,0.009873740375041962,0.8402271270751953,2.621457815170288
-1.9370630979537964,2.678877353668213,-1.7499557733535767,5.754348278045654,0.00031689711613580585,-0.31940895318984985,-0.2558385133743286
0.1871163696050644,0.5341953635215759,1.6444382667541504,0.1931210160255432,0.08243821561336517,0.8799906969070435,2.282949924468994
0.032971903681755066,0.4775117337703705,0.5885241627693176,0.5551459789276123,0.05739884451031685,0.943655788898468,2.212818145751953
1.3572713136672974,1.590322732925415,-0.3266865909099579,1.3863669633865356,0.02499818429350853,0.11911153048276901,0.8409309983253479
-0.9113107919692993,2.817517042160034,0.054529618471860886,0.946930468082428,0.03879299759864807,-0.8532524108886719,2.231999397277832
-1.0070831775665283,1.8189256191253662,0.11085562407970428,0.8950679898262024,0.04085798189043999,-0.15608417987823486,1.6433676481246948
0.5606581568717957,1.2928870916366577,-0.41964951157569885,1.5214282274246216,0.021839972585439682,0.4264885187149048,2.3638603687286377
-2.7816689014434814,7.4066267013549805,0.3847433030605316,0.680625319480896,0.05063002556562424,0.5006448030471802,1.1701915264129639
0.49141836166381836,1.3119714260101318,-0.024369578808546066,1.0246689319610596,0.03589152544736862,0.35841166973114014,2.416804313659668
0.4238167703151703,0.03729330003261566,1.0208646059036255,0.3602833151817322,0.06974787265062332,1.0353330373764038,1.8008748292922974
0.47133538126945496,-1.0290625095367432,0.793096661567688,0.45244157314300537,0.06360732018947601,0.5608664751052856,0.24282339215278625
1.4402034282684326,2.5603294372558594,0.6857115626335144,0.5037316679954529,0.06042715162038803,-0.7853965759277344,0.8438743352890015
-0.5333948731422424,-0.09183111786842346,0.8516340851783752,0.426717072725296,0.06526481360197067,1.038458228111267,1.479111671447754
0.40272256731987,-0.13566520810127258,-0.08168669044971466,1.0851157903671265,0.033786267042160034,1.0993231534957886,1.609863519668579
-0.14095176756381989,0.13466480374336243,-1.0189917087554932,2.770400047302246,0.0062636942602694035,1.2679864168167114,2.054631471633911
-0.25377950072288513,-0.01832379400730133,-0.6370416879653931,1.8908787965774536,0.0150939105078578,1.188920021057129,1.8642735481262207
-1.2323987483978271,0.8040828704833984,0.44317761063575745,0.6419931650161743,0.05262424796819687,0.7579713463783264,1.0111757516860962
-0.04072355479001999,-0.23599694669246674,0.48771601915359497,0.614027202129364,0.05411670729517937,1.033684492111206,1.5645668506622314
0.22286973893642426,-0.3991055488586426,-0.00934544950723648,1.0093892812728882,0.036444149911403656,1.0223479270935059,1.405037760734558
-0.25141361355781555,-1.2008658647537231,-0.4547125995159149,1.5757204294204712,0.020685847848653793,0.5191226601600647,0.2737310826778412
-0.3745233714580536,1.3881170749664307,-0.6998146772384644,2.0133795738220215,0.013353660702705383,0.3830028772354126,2.692518949508667
-1.1242595911026,0.30715030431747437,-0.41145503520965576,1.5090118646621704,0.022112837061285973,1.104100227355957,0.9148483276367188
0.5590667724609375,1.9501858949661255,1.478731393814087,0.22792665660381317,0.07961826026439667,-0.347560852766037,2.3889408111572266
-0.19310057163238525,0.8560975790023804,-1.5154225826263428,4.55134391784668,0.0010553012834861875,1.110524296760559,2.6435678005218506
1.7571669816970825,3.8535819053649902,0.8429164290428162,0.4304533004760742,0.06502143293619156,-0.7140183448791504,1.1296695470809937
0.5487228631973267,-0.7617897987365723,-0.7395575642585754,2.095008373260498,0.012306921184062958,0.9331026673316956,0.8054166436195374
0.684455931186676,1.051795482635498,1.0964207649230957,0.33406463265419006,0.07160075008869171,0.5294192433357239,2.2831497192382812
1.9945666790008545,5.020618915557861,-0.11598334461450577,1.1229771375656128,0.03253098577260971,0.4156701862812042,2.4401257038116455
-0.06127579137682915,1.299940586090088,0.78082275390625,0.45802900195121765,0.06325291097164154,0.31335896253585815,2.5356807708740234
-1.5947035551071167,4.575079917907715,0.13557392358779907,0.873214602470398,0.04176069423556328,-0.049556538462638855,2.974736452102661
-0.29126453399658203,-0.12300301343202591,1.0047094821929932,0.36615100502967834,0.0693398043513298,1.0290597677230835,1.571806788444519
-1.228300929069519,1.2605422735214233,1.1227693557739258,0.3253774642944336,0.07222546637058258,0.3378383219242096,1.2283929586410522
0.6496922373771667,0.9393903613090515,-0.549873411655426,1.7330336570739746,0.01767474040389061,0.7635836005210876,2.2327969074249268
-1.429055094718933,1.8807926177978516,0.24482527375221252,0.7828413248062134,0.04571053758263588,-0.22677098214626312,0.5840541124343872
3.1386427879333496,9.232242584228516,1.9451560974121094,0.1429648995399475,0.08667845278978348,-0.9672257900238037,-0.34380385279655457
-0.5237905383110046,0.3498002290725708,1.5402957201004028,0.2143177092075348,0.08070919662714005,0.9608729481697083,2.0697784423828125
0.5785729289054871,-0.06536227464675903,-2.22577166557312,9.260625839233398,9.509579285804648e-06,1.9239273071289062,1.5332603454589844
1.099335789680481,-0.7459055185317993,-0.49298474192619324,1.6371955871582031,0.019452480599284172,0.8981932401657104,-0.19556590914726257
-0.24761292338371277,0.12016137689352036,0.5664448142051697,0.5675395727157593,0.056691862642765045,1.0495432615280151,1.9528053998947144
0.13617923855781555,-2.0593836307525635,-0.5519636273384094,1.7366597652435303,0.017610765993595123,-0.29571297764778137,-1.3115960359573364
0.03160148859024048,0.3463493585586548,-2.3149006366729736,10.123916625976562,4.010872544313315e-06,1.9530099630355835,2.1365926265716553
0.29864346981048584,0.9710738062858582,1.9382271766662598,0.1439589411020279,0.08659233152866364,0.5788093209266663,2.258737802505493
-0.7606874704360962,0.6265723705291748,-0.38274213671684265,1.4662998914718628,0.02307778224349022,0.9566721320152283,1.8587480783462524
0.7937960028648376,1.4355800151824951,0.20371310412883759,0.8156963586807251,0.04423312097787857,0.21637427806854248,2.0192720890045166
1.024065375328064,0.1257132887840271,0.8504399657249451,0.4272269308567047,0.06523154675960541,1.034831166267395,0.8779916167259216
-0.05284350737929344,-2.122727394104004,0.8481544852256775,0.4282044470310211,0.06516781449317932,-0.48151206970214844,-1.7486014366149902
-2.1694142818450928,4.547906398773193,-1.2360998392105103,3.442162275314331,0.0031995426397770643,0.18047431111335754,1.1678715944290161
1.436850666999817,0.13535118103027344,1.8396052122116089,0.15888014435768127,0.08530985563993454,1.006742000579834,-0.05156385153532028
-0.4890877902507782,-0.7412264347076416,-0.853029727935791,2.3467462062835693,0.00956799741834402,0.9723156690597534,0.8487823605537415
-1.1112180948257446,2.4458651542663574,1.6005958318710327,0.20177625119686127,0.0817277804017067,-0.747409999370575,1.5752601623535156
1.411433458328247,1.4604473114013672,-0.7693787813186646,2.1584250926971436,0.011550689116120338,0.3259677290916443,0.9322847127914429
-0.9962745904922485,0.3755694627761841,1.1821951866149902,0.30660495162010193,0.07359413057565689,0.9609593749046326,1.1777716875076294
-1.5135565996170044,0.4245551824569702,-1.8458107709884644,6.333232402801514,0.000177628273377195,1.544545292854309,0.25153592228889465
1.061258316040039,1.7026232481002808,-1.1225254535675049,3.072604179382324,0.004630042240023613,0.17581498622894287,1.7533854246139526
-0.2570836842060089,0.4237014949321747,-0.9762647151947021,2.65452241897583,0.007033242378383875,1.177025556564331,2.231869697570801
0.7068460583686829,1.3080315589904785,0.8832414746284485,0.4134405851364136,0.06613708287477493,0.30109545588493347,2.1831259727478027
-2.0226807594299316,4.508175849914551,0.1350465565919876,0.8736752271652222,0.04174146428704262,-0.11542917788028717,1.3000386953353882
-0.301716685295105,-0.5931233167648315,1.3282568454742432,0.26493868231773376,0.0767252966761589,0.8556928038597107,1.1402313709259033
0.034563638269901276,0.1807679384946823,-0.2588323652744293,1.2954165935516357,0.027378376573324203,1.1132476329803467,2.1112654209136963
-0.9845761060714722,2.3114564418792725,-0.9357619285583496,2.5491549968719482,0.007814766839146614,-0.41985973715782166,1.9111701250076294
0.4419982433319092,0.7100168466567993,0.3467496633529663,0.7069823145866394,0.049313005059957504,0.8290491104125977,2.196854829788208
-0.9531351923942566,0.2041042447090149,-2.146629810333252,8.555974960327148,1.923921263369266e-05,1.8348404169082642,1.1004869937896729
-0.18650181591510773,-0.5243432521820068,1.5302268266677856,0.21648655831813812,0.08053433895111084,0.8873015642166138,1.4895799160003662
1.0252548456192017,0.1462135910987854,-0.23273184895515442,1.2620429992675781,0.028307512402534485,1.1155340671539307,1.0430232286453247
-0.49211207032203674,-2.407935380935669,0.8729681372642517,0.4177098870277405,0.06585532426834106,-0.7009595036506653,-2.3736319541931152
0.5451439619064331,0.3744314908981323,0.6834056377410889,0.5048945546150208,0.06035692244768143,0.9812051057815552,1.9518681764602661
1.6362348794937134,2.4646499156951904,-0.3243292570114136,1.3831026554107666,0.025079920887947083,-0.641181230545044,0.20573432743549347
-1.5202529430389404,2.327739953994751,-0.4367346167564392,1.5476453304290771,0.021274833008646965,-0.5319383144378662,0.5802505612373352
2.0303311347961426,4.131067752838135,1.6696338653564453,0.1883160024881363,0.08283529430627823,-0.5302969813346863,0.2808796167373657
-0.14932452142238617,-1.1649943590164185,1.009851336479187,0.3642731308937073,0.06947014480829239,0.4311830401420593,0.2410534918308258
-2.1061606407165527,3.249563217163086,-0.49527186155319214,1.640944242477417,0.019379695877432823,-0.8300824165344238,-0.9360742568969727
-0.27197423577308655,-1.294087529182434,-1.2378076314926147,3.4480457305908203,0.003180773463100195,0.6179957389831543,0.2545943856239319
0.12868651747703552,0.36691275238990784,-1.0455973148345947,2.845097541809082,0.005812859628349543,1.2179490327835083,2.288483142852783
-0.8173799514770508,3.2104735374450684,0.6792861223220825,0.5069788098335266,0.060231249779462814,-0.9469307661056519,2.7166404724121094
1.0205668210983276,2.0131163597106934,-0.5176962018013,1.678157091140747,0.018671777099370956,-0.2602216601371765,1.6788474321365356
-0.8580929040908813,-0.23200678825378418,1.364759087562561,0.25544220209121704,0.07745739072561264,0.998751163482666,0.7586057186126709
0.47793692350387573,0.42306697368621826,0.9898333549499512,0.37163862586021423,0.06896033883094788,0.9489979147911072,2.029824733734131
-1.2585334777832031,2.0253419876098633,0.42817381024360657,0.651698112487793,0.05211599916219711,-0.3738843500614166,1.1021794080734253
-0.7664881348609924,0.5564318895339966,0.3764723837375641,0.6862780451774597,0.05034463852643967,0.9177728891372681,1.767048954963684
-1.1012271642684937,1.767110824584961,-1.264955997467041,3.5429368019104004,0.002892824588343501,0.15923772752285004,1.792709231376648
-0.018711507320404053,-0.8625999689102173,-0.29746389389038086,1.3464397192001343,0.026016488671302795,0.7851088643074036,0.7978108525276184
-0.2523760497570038,0.2578479051589966,-0.36275559663772583,1.4372845888137817,0.023757198825478554,1.110669493675232,2.132341146469116
0.7632249593734741,-0.07689934968948364,-0.1515318602323532,1.163615345954895,0.031235486268997192,1.1134061813354492,1.2348872423171997
0.35876691341400146,-0.21212023496627808,-0.3402386009693146,1.4052828550338745,0.02452976629137993,1.1181150674819946,1.5596659183502197
1.6868959665298462,2.6352946758270264,0.27624988555908203,0.7586233615875244,0.04683106765151024,-0.7986834049224854,0.06985156238079071
0.12680138647556305,1.3909306526184082,0.0741906464099884,0.9284946918487549,0.03951480612158775,0.2717468738555908,2.6415371894836426
-0.6387391686439514,1.334651231765747,-0.3175205886363983,1.3737175464630127,0.025316406041383743,0.371328204870224,2.2917985916137695
-0.1554860770702362,1.7983828783035278,-0.16054314374923706,1.174148440361023,0.03090820647776127,-0.10821212828159332,2.683004379272461
-1.2463617324829102,1.3698997497558594,0.014486937783658504,0.9856175184249878,0.03732087090611458,0.2981097102165222,1.1066476106643677
0.1671367883682251,-0.855448842048645,-0.41839200258255005,1.5195162296295166,0.021881772205233574,0.807831346988678,0.7411256432533264
-0.46335968375205994,0.28036367893218994,3.191699504852295,0.041101958602666855,0.09597312659025192,0.965065062046051,1.4435274600982666
-0.9387643933296204,0.9540027379989624,0.7170071005821228,0.4882112443447113,0.06137232109904289,0.62724369764328,1.6815069913864136
1.0550590753555298,1.3847980499267578,0.720211923122406,0.48664912581443787,0.06146826595067978,0.23359259963035583,1.4869955778121948
-0.9835977554321289,1.1618726253509521,0.11978370696306229,0.8871123194694519,0.041184328496456146,0.4863332211971283,1.6715728044509888
0.33199822902679443,-0.18425536155700684,-0.1062103733420372,1.112055778503418,0.03288821503520012,1.0942785739898682,1.5766748189926147
0.8717448711395264,0.8284681439399719,2.065809488296509,0.12671567499637604,0.08809841424226761,0.6886769533157349,1.6229192018508911
0.6362144351005554,-0.5197552442550659,-1.7526485919952393,5.769864559173584,0.0003120180044788867,1.4449272155761719,1.0601593255996704
-0.33851730823516846,-1.8900120258331299,-0.10610921680927277,1.1119433641433716,0.03289191424846649,-0.20262762904167175,-1.2024667263031006
-0.3264487087726593,1.5349068641662598,-0.30597174167633057,1.3579438924789429,0.02571890316903591,0.1716761440038681,2.6131904125213623
0.9333319067955017,1.595491647720337,0.45700982213020325,0.6331741213798523,0.053090400993824005,0.0386245995759964,1.792072057723999
0.22883236408233643,-0.6582105755805969,1.262122392654419,0.2830526530742645,0.07534801214933395,0.8193933963775635,1.0253942012786865
1.5944805145263672,1.763399600982666,-0.13233809173107147,1.1414941549301147,0.03193414956331253,-0.07726527005434036,0.1672973930835724
-1.064632773399353,2.0416266918182373,0.5849268436431885,0.5571466088294983,0.05728412792086601,-0.39791178703308105,1.6188122034072876
-0.13667088747024536,-1.2087537050247192,-1.0218417644500732,2.7783069610595703,0.006214363034814596,0.6320158839225769,0.3601144254207611
1.9410151243209839,4.1238274574279785,-0.23141875863075256,1.2603869438171387,0.028354430571198463,-0.42912647128105164,0.9351477026939392
-0.8222974538803101,2.0867552757263184,-1.1670548915863037,3.212517499923706,0.0040255142375826836,-0.1721174418926239,2.2879669666290283
1.9139784574508667,4.375227928161621,-1.3653786182403564,3.917205810546875,0.0019896612502634525,0.06091126799583435,1.5325562953948975
-1.6450679302215576,2.386716365814209,-1.2090622186660767,3.350341320037842,0.00350723834708333,-0.3933221697807312,0.4411619305610657
-0.06397143006324768,0.37813541293144226,-0.5156406164169312,1.674710988998413,0.018736232072114944,1.0968257188796997,2.3827264308929443
-0.29164615273475647,0.009087733924388885,-0.26107537746429443,1.298325538635254,0.027298852801322937,1.129791259765625,1.829166054725647
0.9766531586647034,-0.8101679682731628,-0.5477778315544128,1.7294057607650757,0.017738979309797287,0.8623173236846924,0.039476677775382996
-0.3490857183933258,1.3683207035064697,-1.266562819480896,3.5486342906951904,0.0028763895388692617,0.5559584498405457,2.794543981552124
-0.18014715611934662,0.06401371955871582,0.5561281442642212,0.5734249949455261,0.0563591830432415,1.0552942752838135,1.8706637620925903
0.1652308851480484,-0.041077204048633575,-1.8076521158218384,6.0961174964904785,0.0002251592668471858,1.6087682247161865,2.2131099700927734
-1.7404659986495972,2.7960293292999268,1.8466858863830566,0.15775913000106812,0.08540554344654083,-0.9251088500022888,0.0850902646780014
1.9823943376541138,3.026428461074829,-0.937189519405365,2.5527968406677246,0.007786358706653118,-0.7380962371826172,-0.6239134669303894
0.716953456401825,1.5215648412704468,0.555926501750946,0.5735406279563904,0.05635266751050949,0.10656566172838211,2.096153497695923
1.1149816513061523,0.9091622829437256,-0.1864365041255951,1.2049480676651,0.02997075580060482,0.7349017262458801,1.3217393159866333
0.1285976767539978,0.09067393094301224,0.49688512086868286,0.6084228754043579,0.054420847445726395,1.0567342042922974,2.0081253051757812
-0.6633418202400208,1.8135658502578735,0.42057132720947266,0.6566715240478516,0.05185745283961296,-0.17472469806671143,2.125314950942993
1.0006510019302368,0.4545513391494751,1.0101271867752075,0.36417266726493835,0.0694771260023117,0.9348753690719604,1.227441430091858
0.5489834547042847,-0.6253965497016907,0.42051324248313904,0.6567096710205078,0.05185547471046448,0.8764020204544067,0.9330216646194458
-0.4047785699367523,-0.4259628355503082,-0.22384239733219147,1.2508738040924072,0.028625454753637314,1.0357286930084229,1.263967752456665
0.72657710313797,1.0201735496520996,-1.4116982221603394,4.102917194366455,0.0016524400562047958,0.9335097670555115,2.1009366512298584
-0.31187111139297485,-1.4664891958236694,1.5547161102294922,0.21124935150146484,0.08095721900463104,0.12524302303791046,-0.6059420704841614
-0.024391861632466316,0.43894439935684204,0.8140543103218079,0.4430581331253052,0.06420698761940002,0.9495065808296204,2.2555694580078125
1.0084171295166016,1.658902883529663,-0.49377909302711487,1.6384965181350708,0.019427191466093063,0.07585704326629639,1.7890106439590454
1.2042231559753418,-0.8345563411712646,0.13726985454559326,0.8717349767684937,0.04182253032922745,0.7586800456047058,-0.5985441207885742
2.4830029010772705,8.373973846435547,0.9171518087387085,0.3996557295322418,0.06705509126186371,-0.45690780878067017,2.8045740127563477
0.35107970237731934,-1.204226016998291,0.18527108430862427,0.8308790326118469,0.043566614389419556,0.441503643989563,0.08760304003953934
-0.17107674479484558,-1.0787923336029053,-0.615125298500061,1.8498883247375488,0.015725472941994667,0.6573819518089294,0.6004082560539246
-0.40176719427108765,2.1648075580596924,-1.2617708444595337,3.531670093536377,0.0029256013222038746,-0.2065226435661316,2.890174150466919
1.120212435722351,0.938030481338501,0.33166685700416565,0.7177264094352722,0.04878602176904678,0.6631500124931335,1.255005121231079
-0.1295587569475174,-0.695450484752655,-0.8860063552856445,2.425424098968506,0.008844060823321342,1.0103075504302979,1.1191012859344482
-1.5282073020935059,2.8289973735809326,-0.9029262661933899,2.466811180114746,0.008485501632094383,-0.7048574686050415,0.8773033618927002
1.5901907682418823,3.5349302291870117,-1.4429821968078613,4.233301639556885,0.0014504423597827554,-0.5003048181533813,1.6245406866073608
0.3222172260284424,0.4611760675907135,-0.49681639671325684,1.6434807777404785,0.019330602139234543,1.059877872467041,2.2434580326080322
0.14965373277664185,-0.8746841549873352,0.9037429094314575,0.40505075454711914,0.06669429689645767,0.6817442774772644,0.8828134536743164
-1.0333484411239624,2.3368735313415527,-0.7955362796783447,2.2156288623809814,0.010908490046858788,-0.47175076603889465,1.7558274269104004
-0.8181267976760864,0.6657467484474182,0.5227933526039124,0.5928621888160706,0.055274296551942825,0.8457419872283936,1.71676504611969
-0.17073039710521698,-1.7644975185394287,0.8517528772354126,0.42666637897491455,0.0652681291103363,-0.1498255431652069,-0.8259866237640381
1.9946088790893555,3.3081235885620117,0.03322761133313179,0.9673183560371399,0.03801009804010391,-0.8894339203834534,-0.4431079626083374
0.10175631940364838,-0.9741514921188354,1.2505154609680176,0.28635716438293457,0.07509943097829819,0.5905058979988098,0.3522699177265167
0.028072111308574677,0.775776743888855,0.500862181186676,0.6060079336166382,0.05455242842435837,0.7744781374931335,2.4259984493255615
-1.164855718612671,0.434076726436615,1.6502900123596191,0.19199422001838684,0.0825311690568924,0.9264581799507141,0.6811042428016663
-1.3733690977096558,2.7414958477020264,0.5939328670501709,0.5521514415740967,0.057570986449718475,-0.8658081889152527,1.127323865890503
-2.3462302684783936,3.8005051612854004,-1.7242623567581177,5.608382701873779,0.0003666995035018772,-0.22982025146484375,-1.150084376335144
0.1428796350955963,2.0389161109924316,0.16290299594402313,0.8496736288070679,0.04275544732809067,-0.36624181270599365,2.6809723377227783
-1.363715648651123,3.3997178077697754,-0.12790820002555847,1.136448621749878,0.03209568187594414,-0.8532254099845886,1.80045485496521
-1.6752082109451294,3.112241744995117,-0.5319135189056396,1.7021863460540771,0.018228454515337944,-0.8293506503105164,0.5616671442985535
-0.2615757882595062,-1.0569148063659668,0.138920396566391,0.8702973127365112,0.041882701218128204,0.5785908699035645,0.40527093410491943
1.449474811553955,2.6300292015075684,-1.943006992340088,6.97970724105835,9.305756248068064e-05,-0.17400944232940674,1.38397216796875
0.7237874269485474,1.3090234994888306,-0.37307795882225037,1.452197551727295,0.023405537009239197,0.40401315689086914,2.2170889377593994
-0.9587557315826416,0.4540296196937561,0.7025675177574158,0.4953119456768036,0.06093807891011238,0.9482182860374451,1.333932876586914
0.7301503419876099,-0.009398102760314941,1.1787093877792358,0.3076755702495575,0.0735153779387474,1.0307233333587646,1.5080689191818237
-0.5353976488113403,0.3151518404483795,1.1571907997131348,0.3143680691719055,0.07302501797676086,0.9821861386299133,2.049288272857666
0.7475274205207825,-0.3348146080970764,0.500115156173706,0.6064608097076416,0.054527729749679565,1.0051172971725464,0.8867673277854919
-0.5069822669029236,0.7970520257949829,1.715585708618164,0.17985834181308746,0.08353885263204575,0.7168042659759521,2.0580618381500244
0.9932540655136108,-1.166893720626831,1.2083593606948853,0.2986869215965271,0.07417915761470795,0.42287859320640564,-0.7922865748405457
-0.8916221261024475,2.769045114517212,-1.781874418258667,5.940981864929199,0.00026294466806575656,-0.33730489015579224,2.564293622970581
-0.6021424531936646,-0.46727246046066284,0.4315318167209625,0.6495134234428406,0.05222998186945915,0.9577515721321106,1.0556156635284424
0.3851841986179352,0.6674688458442688,-0.7482737898826599,2.1133487224578857,0.012083264999091625,0.996725857257843,2.466289520263672
1.7087061405181885,2.271095037460327,0.043165575712919235,0.9577528238296509,0.038375429809093475,-0.5486708283424377,-0.17137616872787476
0.27623894810676575,0.9783032536506653,0.7437067627906799,0.47534865140914917,0.06216682866215706,0.605965793132782,2.435166358947754
-1.3935346603393555,1.3869417905807495,-1.9159270524978638,6.793233394622803,0.00011213371908525005,0.8621438145637512,1.3451929092407227
2.7892191410064697,7.5005784034729,-1.6562846899032593,5.23980712890625,0.00053012790158391,0.8700734376907349,1.4515995979309082
-1.283521294593811,-0.1901484727859497,-1.042768120765686,2.837059497833252,0.0058597722090780735,1.2656822204589844,0.11718516796827316
-0.8121852874755859,2.4072062969207764,2.080225706100464,0.12490201741456985,0.08825834095478058,-0.7297518849372864,2.1342835426330566
0.016122791916131973,1.1529250144958496,-0.15630094707012177,1.1691780090332031,0.031062215566635132,0.5227336287498474,2.6330671310424805
0.41853249073028564,1.2822539806365967,1.2504546642303467,0.286374568939209,0.07509812712669373,0.31319260597229004,2.344511032104492
-0.005390796344727278,1.1249289512634277,-0.5166834592819214,1.6764583587646484,0.0187035221606493,0.5988864898681641,2.7253031730651855
0.9251980781555176,2.261019229888916,0.5331441164016724,0.586757242679596,0.055612772703170776,-0.5780333876609802,1.8314135074615479
0.07246537506580353,-0.07500242441892624,0.03649681806564331,0.9641611576080322,0.03813029080629349,1.0936048030853271,1.8111259937286377
-0.07764957845211029,-0.772314190864563,-0.5824943780899048,1.7904990911483765,0.01668768748641014,0.8953476548194885,0.9526107907295227
0.2532561123371124,-2.2111589908599854,2.8037421703338623,0.060582924634218216,0.09412156790494919,-0.5914280414581299,-1.170158863067627
0.3986198604106903,2.2733025550842285,0.6119844913482666,0.5422736406326294,0.05814247578382492,-0.5919051766395569,2.5867364406585693
-1.4756712913513184,0.8686020374298096,0.21900483965873718,0.8033178448677063,0.0447840616106987,0.7262262105941772,0.3684682250022888
-0.5403033494949341,0.9439296722412109,0.759913980960846,0.4677066504955292,0.06264372169971466,0.6333807110786438,2.1507813930511475
-2.524646043777466,8.151734352111816,1.7268526554107666,0.17784325778484344,0.08370736241340637,-0.2755882143974304,2.7143123149871826
-0.5538547039031982,0.7082061767578125,0.02327648550271988,0.9769923090934753,0.037644162774086,0.8572291731834412,2.1537396907806396
-0.19269710779190063,-0.29550570249557495,0.1999291032552719,0.8187888264656067,0.04409654065966606,1.0385338068008423,1.547349214553833
-0.44297730922698975,0.030108779668807983,0.8816863298416138,0.4140840470790863,0.0660945400595665,1.0409551858901978,1.5316945314407349
-0.14729009568691254,-0.051461294293403625,-1.8864668607711792,6.596022605895996,0.0001365789503324777,1.658278465270996,1.7014071941375732
0.7583881616592407,0.9971523284912109,0.18590204417705536,0.8303549289703369,0.043589454144239426,0.6257318258285522,2.0228118896484375
-1.1535831689834595,1.3457931280136108,0.11664348840713501,0.8899024128913879,0.04106958210468292,0.31209972500801086,1.318620204925537
-0.569284975528717,-0.17795982956886292,1.3397153615951538,0.2619202136993408,0.07695724070072174,1.0103989839553833,1.4190750122070312
0.7703988552093506,0.9611440300941467,0.5363033413887024,0.5849064588546753,0.05571579933166504,0.6310730576515198,1.9670484066009521
1.0683165788650513,2.0782108306884766,1.5540934801101685,0.21138091385364532,0.08094656467437744,-0.4647810459136963,1.4123526811599731
1.1003975868225098,0.5513997673988342,0.8419485688209534,0.4308701157569885,0.06499433517456055,0.8948790431022644,1.0710853338241577
0.9154688119888306,-0.18036890029907227,1.3187404870986938,0.26747196912765503,0.07653117924928665,1.0105247497558594,0.9049540162086487
-0.42673295736312866,-1.3484482765197754,-1.1348750591278076,3.1107847690582275,0.004456596914678812,0.5315989851951599,0.01264357939362526
-0.9435861706733704,0.9288954734802246,-1.284299612045288,3.6121370792388916,0.0026994096115231514,0.9599326848983765,1.885594367980957
-1.11217200756073,1.5162904262542725,-1.1584868431091309,3.185110092163086,0.004137369338423014,0.3729899227619171,1.7118016481399536
-2.0390565395355225,6.292479515075684,-0.8396469950675964,2.315549373626709,0.009871194139122963,1.2315117120742798,4.084351062774658
-0.8947844505310059,1.8274645805358887,-2.17860746383667,8.833995819091797,1.4569491213478614e-05,0.629540205001831,2.8080966472625732
-0.3024179935455322,-1.9294745922088623,-0.4280564486980438,1.5342726707458496,0.02156124636530876,-0.19760963320732117,-1.2012810707092285
0.9656928181648254,1.73264741897583,-2.167008876800537,8.732126235961914,1.6131907614180818e-05,0.7120672464370728,2.392350912094116
0.28396281599998474,-1.106975793838501,1.459918737411499,0.23225514590740204,0.07927438616752625,0.47059378027915955,0.08747132122516632
0.1051233559846878,1.266451358795166,-0.6867290139198303,1.9872047901153564,0.01370780449360609,0.49838879704475403,2.737945795059204
0.2004430890083313,-0.6165671348571777,0.9868825674057007,0.3727368712425232,0.06888464838266373,0.8531419634819031,1.1226849555969238
-0.3324042558670044,-0.2069690227508545,0.798078179359436,0.4501933157444,0.0637504905462265,1.0236775875091553,1.5019363164901733
-0.34549880027770996,0.6974337100982666,2.490164279937744,0.08289634436368942,0.0920446589589119,0.7747825384140015,2.4558002948760986
-0.48027536273002625,-0.15037186443805695,1.0377342700958252,0.35425642132759094,0.07016950100660324,1.0241410732269287,1.5353847742080688
-2.0732924938201904,2.852564573287964,-0.23615241050720215,1.2663673162460327,0.028185363858938217,-0.8318846225738525,-1.1721277236938477
0.10087553411722183,-0.3232562243938446,0.4030569791793823,0.6682740449905396,0.05125925689935684,1.015033483505249,1.5090930461883545
2.1575236320495605,3.9035494327545166,-1.8698620796203613,6.487401485443115,0.00015225000970531255,-0.07474637031555176,0.1693224161863327
-0.27622121572494507,0.7061395645141602,-0.20758986473083496,1.230708360671997,0.029208559542894363,0.8839434385299683,2.3656105995178223
0.7159495949745178,1.9436001777648926,-0.9301616549491882,2.534919023513794,0.007926813326776028,-0.11073622107505798,2.273198366165161
0.6957306265830994,1.85820472240448,-0.47441670298576355,1.6070765256881714,0.020047282800078392,-0.12276023626327515,2.287689208984375
0.9057016372680664,0.08274984359741211,-1.0297741889953613,2.800433397293091,0.006078371312469244,1.2766214609146118,1.2416423559188843
-0.09014702588319778,-0.023274265229701996,0.8019905686378479,0.4484354257583618,0.06386265903711319,1.0445727109909058,1.9400317668914795
0.7765829563140869,1.0471440553665161,0.3405991494655609,0.7113440036773682,0.049098387360572815,0.5711807012557983,2.0076403617858887
-1.0323071479797363,0.19500404596328735,0.8648831844329834,0.4211007356643677,0.0656323954463005,1.023157000541687,0.8709014654159546
0.13217487931251526,-0.05287251994013786,0.9256951808929443,0.39625585079193115,0.06728345155715942,1.038228154182434,1.9068164825439453
0.518487811088562,1.3460767269134521,-0.790496826171875,2.204491376876831,0.011030660942196846,0.4432821571826935,2.5753865242004395
-0.04362039268016815,-0.07738518714904785,1.0379072427749634,0.35419514775276184,0.07017379999160767,1.0324267148971558,1.8945456743240356
0.10805120319128036,-2.3107142448425293,0.04626961424946785,0.9547845125198364,0.038489509373903275,-0.5787488222122192,-1.8663387298583984
-1.7022212743759155,1.645646095275879,-0.7146800756454468,2.0435328483581543,0.012957016006112099,0.12957338988780975,-0.056321412324905396
-0.5428625345230103,0.13700465857982635,-2.0999536514282227,8.165791511535645,2.8421160095604137e-05,1.807208776473999,1.8418974876403809
-2.97558856010437,8.343379020690918,1.3195745944976807,0.2672489583492279,0.0765482485294342,-0.44336917996406555,-0.20403578877449036
-1.6332429647445679,3.5262272357940674,-0.1595211774110794,1.1729490756988525,0.030945297330617905,-0.8096407055854797,1.1446559429168701
-0.911064624786377,-0.05229145288467407,-0.6061356663703918,1.833333134651184,0.015987977385520935,1.1819664239883423,0.9806508421897888
-0.09453897178173065,-0.4895361363887787,0.2716117203235626,0.7621501088142395,0.04666619747877121,0.9587661027908325,1.34183931350708
0.7581592202186584,0.36982262134552,-0.780476450920105,2.182511806488037,0.01127579528838396,1.1506426334381104,1.6832129955291748
0.837995707988739,-0.3237794041633606,0.9326778054237366,0.39349859952926636,0.06746922433376312,0.9873896241188049,0.6786434650421143
0.8165168762207031,-0.6306570172309875,-0.276213675737381,1.318129539489746,0.026763543486595154,0.9394532442092896,0.493829607963562
0.6019847393035889,0.7228745222091675,-0.6574327349662781,1.929831624031067,0.014517264440655708,0.9428903460502625,2.0826103687286377
1.0261175632476807,1.3029820919036865,-0.02207871899008751,1.0223242044448853,0.035975780338048935,0.3668566644191742,1.604489803314209
0.6422851085662842,0.7060678005218506,0.4915103316307068,0.6117018461227417,0.05424269288778305,0.8220893144607544,1.9279271364212036
-0.4902278780937195,-0.931462824344635,-0.48949524760246277,1.6314924955368042,0.019563738256692886,0.7598099708557129,0.4880501627922058
0.7228732705116272,-0.3176931142807007,0.742236316204071,0.47604814171791077,0.06212335824966431,0.997563362121582,0.8733472228050232
-0.5496681928634644,-0.141431987285614,-2.052086114883423,7.784122943878174,4.162922778050415e-05,1.7684273719787598,1.522593379020691
-0.2489665448665619,0.4304196834564209,0.18674950301647186,0.8296515345573425,0.04362012818455696,0.9917558431625366,2.197237730026245
0.17706845700740814,-0.8528053760528564,-0.7023060917854309,2.018401861190796,0.013286763802170753,0.859713077545166,0.926257312297821
-1.3882309198379517,2.349080801010132,0.4018186330795288,0.6691020727157593,0.05121682956814766,-0.6351485848426819,0.8447102308273315
0.5001989603042603,-1.720880150794983,-0.4022422134876251,1.495173454284668,0.02242097072303295,-3.6656856536865234e-06,-0.9955107569694519
1.1810362339019775,-0.8653627634048462,-0.8138272166252136,2.2565276622772217,0.010471345856785774,0.8740167617797852,-0.5927679538726807
-0.6813609004020691,0.9703854322433472,-1.1916539669036865,3.292522430419922,0.0037159998901188374,0.8942338228225708,2.427028179168701
0.22947007417678833,-0.4931667447090149,-1.2139185667037964,3.3666512966156006,0.0034504991490393877,1.2175031900405884,1.5712133646011353
-1.2511959075927734,-0.7307889461517334,-2.1341350078582764,8.449734687805176,2.1395717340055853e-05,1.5896215438842773,-0.5086596012115479
-1.5124194622039795,1.9647959470748901,-0.641899049282074,1.9000858068466187,0.014955578371882439,-0.19387605786323547,0.40296661853790283
-0.7575672268867493,-0.167100727558136,1.0157667398452759,0.3621246814727783,0.0696195513010025,1.0222835540771484,1.0820367336273193
-0.7656213641166687,0.9452319741249084,0.3660842776298523,0.6934443712234497,0.049985144287347794,0.6548992991447449,1.9470828771591187
0.4822097420692444,-0.8814132809638977,0.19835983216762543,0.820074737071991,0.04403987526893616,0.7180687189102173,0.5359742045402527
-0.026174215599894524,0.3266604244709015,-0.976220428943634,2.654404640197754,0.007034070789813995,1.212559700012207,2.239176034927368
-0.5303440690040588,-1.1137592792510986,0.6879919767379761,0.5025842785835266,0.06049652025103569,0.49154964089393616,0.06221172213554382
-0.27489912509918213,0.4672945737838745,-2.2468204498291016,9.457616806030273,7.809248018020298e-06,1.8385519981384277,2.674490451812744
-0.14961008727550507,-0.22159172594547272,-0.3064274489879608,1.35856294631958,0.025702988728880882,1.1114051342010498,1.647070050239563
1.415262222290039,1.8936976194381714,0.5744240880012512,0.5630290508270264,0.05694814398884773,-0.2610163390636444,0.5834023952484131
0.3949846625328064,-0.8934197425842285,1.2221119403839111,0.2946073114871979,0.07448239624500275,0.6562116742134094,0.4614942669868469
0.7786924839019775,2.664207935333252,-1.2539706230163574,3.5042293071746826,0.0030069940257817507,-0.5377766489982605,2.54327130317688
1.303411841392517,0.2983745336532593,0.06558465212583542,0.9365197420120239,0.039198968559503555,1.0494675636291504,0.4713149666786194
-0.8015681505203247,0.16062986850738525,0.23590414226055145,0.7898563742637634,0.04539100080728531,1.0661123991012573,1.4124395847320557
-1.0411655902862549,-0.031702637672424316,1.6330194473266602,0.19533886015415192,0.08225558698177338,1.0190314054489136,0.7012455463409424
1.5606884956359863,0.8674490451812744,-1.398428201675415,4.048830986022949,0.0017442753305658698,1.0516573190689087,0.010138243436813354
-0.3264962136745453,0.20498119294643402,1.098591923713684,0.3333401083946228,0.07165264338254929,1.0123988389968872,2.010352849960327
-0.8507728576660156,1.8476519584655762,1.3202226161956787,0.2670758366584778,0.07656149566173553,-0.24662479758262634,1.9776405096054077
-0.209211528301239,0.04524457827210426,0.1902744024991989,0.8267322182655334,0.04374765604734421,1.081649899482727,1.8940317630767822
-0.18601737916469574,0.7405593991279602,2.014421224594116,0.13339759409427643,0.08751170337200165,0.7514309883117676,2.398097515106201
1.452325463294983,2.546826124191284,1.3647154569625854,0.25545334815979004,0.0774565264582634,-0.8027339577674866,0.7414413690567017
0.2399260699748993,-0.16291189193725586,-2.5457763671875,12.753125190734863,2.8932643658663437e-07,2.2620716094970703,0.9845049977302551
1.912857174873352,3.4258828163146973,-1.6418583393096924,5.164758682250977,0.0005714441649615765,-0.44338512420654297,0.0743483304977417
0.1725570410490036,-0.8730542063713074,1.0270004272460938,0.3580794334411621,0.06990174949169159,0.6782971024513245,0.7907933592796326
-0.6952329277992249,0.4127994775772095,1.236230731010437,0.29047703742980957,0.07479067146778107,0.9450490474700928,1.63759183883667
0.6173378825187683,1.8585437536239624,-1.06159508228302,2.8909785747528076,0.005552185233682394,0.005304843187332153,2.32096266746521
-0.01826070062816143,-0.35519349575042725,-0.045079637318849564,1.0461112260818481,0.03513012081384659,1.0421903133392334,1.5068618059158325
-0.15102241933345795,-0.6434588432312012,1.1513216495513916,0.3162185549736023,0.0728900134563446,0.8316472172737122,1.1841161251068115
-0.39195263385772705,-0.797850489616394,-1.1335668563842773,3.106718063354492,0.0044747572392225266,1.0089188814163208,0.9035544395446777
1.0813835859298706,-0.14316332340240479,-0.4457426369190216,1.5616495609283447,0.02097897231578827,1.1459345817565918,0.5821734070777893
0.5179420113563538,0.12878364324569702,-1.3898403644561768,4.014209270477295,0.001805722713470459,1.3931397199630737,1.8539317846298218
-0.8545964956283569,0.7534461617469788,1.3207800388336182,0.26692700386047363,0.07657289505004883,0.7560281753540039,1.5795701742172241
1.1434446573257446,1.3232238292694092,1.4845744371414185,0.22659875452518463,0.07972405850887299,0.2677110731601715,1.3672237396240234
-0.6023948192596436,-0.2206059694290161,0.9045374393463135,0.40472906827926636,0.06671575456857681,1.0162379741668701,1.224331021308899
0.6138226389884949,1.737034559249878,2.0410218238830566,0.1298959106206894,0.0878186821937561,-0.15248402953147888,2.283951759338379
0.9498966336250305,1.9934911727905273,-2.192779779434204,8.96008586883545,1.2843522199545987e-05,0.4857890009880066,1.9662522077560425
0.7142778635025024,0.6905709505081177,0.7340933084487915,0.47994041442871094,0.06188202649354935,0.8188765048980713,1.902145266532898
-1.6992621421813965,3.427429437637329,-0.9413962364196777,2.563558340072632,0.007703015115112066,-0.7030702233314514,0.8634454011917114
0.16385340690612793,0.966895341873169,1.0144685506820679,0.3625950813293457,0.06958681344985962,0.6041173338890076,2.6035842895507812
1.8411604166030884,3.5678443908691406,0.82583087682724,0.4378710389137268,0.06454090029001236,-0.8667348027229309,0.5440436601638794
-1.539808750152588,2.4754154682159424,0.2931443452835083,0.7459144592285156,0.04743003845214844,-0.7115983963012695,0.471979558467865
1.4181321859359741,2.4325382709503174,0.34136658906936646,0.7107982635498047,0.04912518709897995,-0.6878980994224548,0.7830532193183899
0.9438552856445312,-0.5892637968063354,1.961447834968567,0.14065462350845337,0.0868789330124855,0.845415472984314,0.16946370899677277
0.8263909816741943,-0.8987188935279846,-0.01627393066883087,1.0164070129394531,0.03618928790092468,0.7242537140846252,0.08146356046199799
0.09657026827335358,-0.4378200173377991,-0.587441623210907,1.7993789911270142,0.016540158540010452,1.085615873336792,1.4615010023117065
0.24902653694152832,1.0246162414550781,2.7709014415740967,0.06260554492473602,0.09393139183521271,0.5256873965263367,2.1418850421905518
-1.426895260810852,1.5757110118865967,-0.038958076387643814,1.0397268533706665,0.03535512462258339,0.09905802458524704,0.6353435516357422
0.31323063373565674,-0.18886159360408783,-1.2547117471694946,3.5068273544311523,0.002999191638082266,1.3329013586044312,1.7924282550811768
-1.1786905527114868,-0.5122189521789551,1.1522411108016968,0.3159279525279999,0.07291119545698166,0.9032518863677979,-0.2501181960105896
0.10540088266134262,0.9873185753822327,1.892110824584961,0.15075325965881348,0.08600598573684692,0.5660049319267273,2.4172027111053467
0.9873998761177063,2.4411754608154297,-1.0797563791275024,2.943962335586548,0.005265667103230953,-0.4701771140098572,2.002678394317627
0.12737572193145752,0.1860830932855606,0.6287570595741272,0.5332542061805725,0.05866926163434982,1.0360618829727173,1.9189682006835938
-0.628525972366333,-0.42973652482032776,0.1602427363395691,0.8519369959831238,0.04265878349542618,0.9942692518234253,1.0141969919204712
-0.9168058037757874,2.314887523651123,0.8473907709121704,0.42853161692619324,0.06514649838209152,-0.6344503164291382,1.9257827997207642
-0.9712487459182739,0.2602492570877075,0.3644282817840576,0.6945936679840088,0.0499277263879776,1.03578519821167,1.174665093421936
0.8558812141418457,0.3461190164089203,-1.6039576530456543,4.972673416137695,0.0006924610934220254,1.4379637241363525,1.498140811920166
-1.4541065692901611,2.898315191268921,0.7350054383277893,0.4795028567314148,0.061909109354019165,-0.9226034283638,0.8557210564613342
0.38584133982658386,-0.8996232748031616,0.25946173071861267,0.7714667320251465,0.04623344540596008,0.6990516781806946,0.5734301209449768
1.1234991550445557,2.022083282470703,-1.6787703037261963,5.358962059020996,0.00047057881602086127,0.09977218508720398,1.7439842224121094
0.3655056655406952,-1.1833438873291016,-0.6600693464279175,1.9349265098571777,0.014443488791584969,0.571323573589325,0.31644946336746216
-0.3753327429294586,0.5037405490875244,-0.2604142725467682,1.2974674701690674,0.02732228673994541,1.0055298805236816,2.263672351837158
0.810404360294342,-0.5654243230819702,1.0396982431411743,0.3535613417625427,0.0702182874083519,0.8797174692153931,0.4024011492729187
-1.439291000366211,2.58331036567688,0.584360659122467,0.5574621558189392,0.057266056537628174,-0.7924200892448425,0.829688310623169
0.37844318151474,0.1711706519126892,0.03749176487326622,0.9632023572921753,0.038166869431734085,1.0817062854766846,1.9067522287368774
-1.3307890892028809,1.9454716444015503,-0.5758392214775085,1.7786225080490112,0.016887059435248375,-0.1881081461906433,0.9958368539810181
0.7111819982528687,-0.2066853642463684,-0.7095097303390503,2.032994270324707,0.013094285503029823,1.1820158958435059,1.2886191606521606
-0.1020725890994072,-1.4768562316894531,0.13588617742061615,0.8729419708251953,0.041772082448005676,0.18109619617462158,-0.2852999269962311
-0.6625504493713379,1.4986648559570312,-0.9720805287361145,2.6434385776519775,0.007111631333827972,0.33641278743743896,2.338928461074829
-0.7149922847747803,-0.2291867733001709,-0.5654399991035461,1.76022207736969,0.017200667411088943,1.1498736143112183,1.1942552328109741
1.4943326711654663,2.9153332710266113,0.4841446578502655,0.6162240505218506,0.053997952491045,-0.9128899574279785,0.8864277601242065
1.7315338850021362,4.778624534606934,0.9148968458175659,0.4005579352378845,0.06699461489915848,0.10624292492866516,2.748849391937256
-1.440833330154419,2.0165493488311768,0.12188993394374847,0.8852458000183105,0.04126127436757088,-0.3426128625869751,0.6123304963111877
1.515216588973999,3.5106964111328125,0.5187277793884277,0.5952773690223694,0.055140960961580276,-0.873123288154602,1.4749362468719482
-1.5921828746795654,4.139127254486084,-0.7893451452255249,2.201953887939453,0.01105868723243475,-0.3221798241138458,2.211456060409546
-0.3294129967689514,-0.3385927081108093,0.13053806126117706,0.8776230812072754,0.04157700017094612,1.0309853553771973,1.3966736793518066
-0.09700318425893784,1.2960001230239868,-1.2198318243026733,3.386618137359619,0.0033822867553681135,0.6100126504898071,2.839674949645996
0.3031805753707886,0.49231207370758057,0.4349944591522217,0.6472682356834412,0.05234738439321518,0.9459692239761353,2.238840341567993
-1.2029978036880493,1.3406273126602173,-0.35717272758483887,1.4292826652526855,0.02394806407392025,0.37107035517692566,1.2693626880645752
-0.6006576418876648,-0.36178719997406006,0.006927015259861946,0.9930969476699829,0.0370427742600441,1.0345754623413086,1.1368467807769775
-0.1469317078590393,0.6386979818344116,-0.29069310426712036,1.337354063987732,0.026253942400217056,0.936608076095581,2.4111979007720947
1.0056582689285278,1.9256757497787476,-1.6274216175079346,5.090732097625732,0.0006153513095341623,0.16159588098526,2.1398332118988037
0.5478653311729431,0.7738127708435059,1.5141308307647705,0.2199993133544922,0.08025193214416504,0.7372512221336365,2.3016648292541504
-1.3210636377334595,1.5431790351867676,0.7498866319656372,0.4724200963973999,0.06234915181994438,0.07485578954219818,0.8975402116775513
-1.3358198404312134,0.1653045415878296,0.715549647808075,0.4889233112335205,0.06132863834500313,1.0352606773376465,0.1861092448234558
0.6652166247367859,-1.90254807472229,-1.5829071998596191,4.869090557098389,0.0007680346607230604,0.1612093150615692,-1.2617286443710327
-0.7952232956886292,1.2637956142425537,-0.43215638399124146,1.5405759811401367,0.0214257650077343,0.45625853538513184,2.0860705375671387
0.5813719630241394,-1.3422772884368896,1.013809084892273,0.36283427476882935,0.06957016885280609,0.26281872391700745,-0.30015796422958374
-1.348222255706787,2.194359064102173,0.6823269128799438,0.5054395198822021,0.060324035584926605,-0.5333871245384216,0.9181721806526184
0.9590665102005005,1.698456048965454,0.25981536507606506,0.7711939811706543,0.046246059238910675,-0.05019386112689972,1.7087796926498413
0.7940378785133362,2.598823070526123,-1.0516715049743652,2.862431764602661,0.005712966434657574,-0.5700383186340332,2.499027967453003
0.3837227523326874,0.7248053550720215,-0.6908056735992432,1.9953224658966064,0.013596979901194572,0.9481607675552368,2.22097110748291
1.0108928680419922,2.5357885360717773,0.7702569365501404,0.46289411187171936,0.06294592469930649,-0.7757551074028015,1.6419975757598877
0.7287452220916748,0.4750235080718994,0.7746853828430176,0.46084874868392944,0.06307481229305267,0.9353668689727783,1.6997990608215332
-1.5126760005950928,2.7558534145355225,0.026354441419243813,0.9739897847175598,0.03775735944509506,-0.8291215300559998,0.7289398908615112
1.2807854413986206,1.9757097959518433,1.3084766864776611,0.2702313959598541,0.07632028311491013,-0.36691609025001526,0.900350034236908
-2.1257574558258057,3.4707164764404297,-0.2587195038795471,1.2952704429626465,0.0273823793977499,-0.8167988657951355,-0.7626116871833801
1.242286205291748,1.9366248846054077,0.41822072863578796,0.6582169532775879,0.051777373999357224,-0.29190146923065186,1.1343860626220703
-1.0223835706710815,2.115572929382324,0.19931113719940186,0.8192949295043945,0.04407422989606857,-0.43629753589630127,1.6878694295883179
0.377139151096344,2.2972402572631836,-1.8780014514923096,6.5404205322265625,0.00014438811922445893,-0.010173439979553223,2.9563305377960205
-0.1457248032093048,1.139448881149292,-0.5215960144996643,1.6847143173217773,0.018549742177128792,0.5865666270256042,2.6246087551116943
-0.5923323035240173,-0.470209538936615,1.7847307920455933,0.16784223914146423,0.08454872667789459,0.9082576036453247,0.9569711089134216
3.056978940963745,9.093511581420898,1.5050761699676514,0.222000390291214,0.08009150624275208,-0.9234311580657959,0.034422725439071655
-1.9714809656143188,4.120614051818848,-0.2839423716068268,1.328356385231018,0.026491230353713036,-0.4249993562698364,0.8582292795181274
-0.49796798825263977,2.255826234817505,-1.3194754123687744,3.7414581775665283,0.0023719491437077522,-0.25855034589767456,2.7940309047698975
1.1168490648269653,-0.03202617168426514,-0.9153422713279724,2.4976298809051514,0.008227977901697159,1.2492501735687256,0.4593006670475006
1.2039732933044434,2.6484322547912598,0.1734485775232315,0.8407604098320007,0.04313823580741882,-0.7967650294303894,1.4983597993850708
0.12697350978851318,0.5715177655220032,-0.5554673075675964,1.7427551746368408,0.01750374771654606,1.0153565406799316,2.4532361030578613
-0.6513224840164185,0.9159802198410034,1.0834640264511108,0.33842119574546814,0.07128949463367462,0.6428555250167847,2.2092747688293457
1.1849162578582764,2.2672672271728516,0.6798633337020874,0.5066862106323242,0.060248881578445435,-0.5908458828926086,1.3232741355895996
-0.1855417937040329,0.9147729873657227,0.8242447376251221,0.43856608867645264,0.06449605524539948,0.6538271307945251,2.5856356620788574
-0.6672285199165344,0.1865467131137848,-0.16216103732585907,1.1760495901107788,0.030849501490592957,1.1002554893493652,1.6335583925247192
0.6138614416122437,0.18316660821437836,0.3213253915309906,0.7251872420310974,0.04842338711023331,1.0557905435562134,1.6925065517425537
0.46915432810783386,0.7782638669013977,0.2570645213127136,0.7733182907104492,0.046147920191287994,0.7894653081893921,2.284153699874878
0.41665878891944885,1.3394169807434082,0.18130527436733246,0.8341806530952454,0.043423011898994446,0.3127383887767792,2.4310576915740967
-0.5529745221138,0.2911423146724701,-0.10201787948608398,1.10740327835083,0.033041585236787796,1.0686569213867188,1.8571590185165405
-1.1319087743759155,0.8697932362556458,-0.14029206335544586,1.1506098508834839,0.03164437413215637,0.7600455284118652,1.2793211936950684
0.6392448544502258,0.3969477713108063,0.8734673857688904,0.41750138998031616,0.0658690556883812,0.9639954566955566,1.8783292770385742
-1.1048280000686646,-0.5035501718521118,-1.1097357273101807,3.0335566997528076,0.004814409650862217,1.1792306900024414,0.22357873618602753
-0.5810676217079163,2.2503392696380615,1.4026092290878296,0.24595437943935394,0.07819579541683197,-0.6038421392440796,2.2677013874053955
-0.6474992632865906,1.1314886808395386,1.2461189031600952,0.2876189053058624,0.07500474154949188,0.4540748596191406,2.0611488819122314
-0.14649778604507446,-2.604628801345825,-1.2861053943634033,3.6186656951904297,0.002681843703612685,-0.4973991811275482,-2.1092634201049805
0.09409277886152267,0.7103174924850464,-2.3329827785491943,10.30864429473877,3.33436150867783e-06,1.7890193462371826,2.8458571434020996
0.7102380990982056,0.396259069442749,0.549648642539978,0.5771525502204895,0.05614949390292168,0.9802265763282776,1.6102969646453857
-0.22788329422473907,-0.29053351283073425,-0.7382863759994507,2.0923469066619873,0.012339719571173191,1.1673258543014526,1.4800002574920654
2.3149547576904297,4.969083309173584,-1.2969096899032593,3.6579749584198,0.002578467596322298,0.6196820735931396,1.2554103136062622
0.579765796661377,-1.136493444442749,-1.9901936054229736,7.31695032119751,6.641846994170919e-05,1.1524732112884521,0.5571127533912659
0.6171198487281799,-0.7857394814491272,0.6279545426368713,0.5336822867393494,0.05864415317773819,0.7602335810661316,0.5434664487838745
1.882876992225647,4.911149501800537,-0.7380564212799072,2.0918657779693604,0.01234565768390894,0.40664100646972656,2.79464054107666
-0.5166996121406555,1.1346203088760376,-0.6536595225334167,1.9225636720657349,0.014623159542679787,0.6147329807281494,2.484429121017456
-0.00968286581337452,-0.21629907190799713,-0.39910760521888733,1.4904940128326416,0.022526133805513382,1.125747799873352,1.6771459579467773
-0.7904627919197083,-0.24154579639434814,0.8277398347854614,0.4370359480381012,0.0645948201417923,1.0146729946136475,0.9447277188301086
-0.14665311574935913,-1.1925311088562012,2.3727917671203613,0.09322011470794678,0.09109929949045181,0.3786309063434601,-0.011244997382164001
0.7113590836524963,1.090099573135376,-0.2651589810848236,1.303638219833374,0.027154207229614258,0.5927609205245972,2.1903576850891113
-0.6596119403839111,-1.0636948347091675,0.028496870771050453,0.9719053506851196,0.037836141884326935,0.5828360915184021,0.05253574252128601
1.289133906364441,1.7914011478424072,-0.08552233129739761,1.0892858505249023,0.033645667135715485,-0.10989124327898026,1.023620843887329
-0.3800381124019623,1.4139819145202637,0.5579633712768555,0.5723735690116882,0.05641847103834152,0.21340985596179962,2.5306994915008545
-0.10401391237974167,0.06216464191675186,0.5037080645561218,0.6042857766151428,0.05464645475149155,1.0584969520568848,2.0085372924804688
-1.7427287101745605,2.6244289875030518,0.2985985577106476,0.7418571710586548,0.04762286692857742,-0.7950392961502075,-0.09321151673793793
-1.8019996881484985,4.6459150314331055,1.707247257232666,0.18136435747146606,0.08341313898563385,-0.04828856885433197,2.11588454246521
1.1154898405075073,1.8678791522979736,0.9452913999557495,0.3885663151741028,0.06780283153057098,-0.2538754343986511,1.410679578781128
-0.09320170432329178,0.7854458093643188,0.15092141926288605,0.8599152565002441,0.04231979697942734,0.7930645942687988,2.507002830505371
-1.6177558898925781,4.162896633148193,-0.46475768089294434,1.5916284322738647,0.020359380170702934,-0.36309149861335754,2.144440174102783
-0.8074883222579956,0.08018410205841064,-0.7385492920875549,2.0928971767425537,0.012332931160926819,1.2060766220092773,1.2754337787628174
-1.0803170204162598,0.9512283205986023,-0.6545677185058594,1.9243104457855225,0.014597637578845024,0.7731145620346069,1.48337984085083
-1.0335938930511475,0.9500099420547485,-0.1904076337814331,1.2097426652908325,0.029827404767274857,0.7026492357254028,1.582185983657837
-0.3455513119697571,-0.9099429249763489,1.6137181520462036,0.19914577901363373,0.08194304257631302,0.6337053775787354,0.48734596371650696
0.8434990644454956,2.1017978191375732,-0.7227030992507935,2.0599939823150635,0.012745474465191364,-0.3003977835178375,2.163001775741577
0.020704414695501328,1.3198143243789673,-0.25331833958625793,1.2882933616638184,0.027574097737669945,0.3771846294403076,2.6998660564422607
-0.11921936273574829,-0.22384238243103027,0.3433428108692169,0.7093949913978577,0.049194175750017166,1.0459911823272705,1.6021689176559448
1.1696228981018066,0.557205080986023,1.139985203742981,0.3198237419128418,0.0726277083158493,0.8807187676429749,1.0611764192581177
-0.7534960508346558,1.4413577318191528,-0.369668573141098,1.4472548961639404,0.023521509021520615,0.2738029360771179,2.120236873626709
0.8857852816581726,0.17525511980056763,0.8530424237251282,0.4261165261268616,0.06530402600765228,1.0272936820983887,1.2242341041564941
-0.3225248456001282,0.6353970766067505,-0.8467200994491577,2.3319857120513916,0.009710273705422878,1.0380346775054932,2.502500534057617
1.3520866632461548,0.9388387203216553,0.2522897720336914,0.7770195603370667,0.045977432280778885,0.6684273481369019,0.7752029895782471
1.7687251567840576,3.6472368240356445,-0.9107257723808289,2.486126184463501,0.008323176763951778,-0.6262500286102295,0.86175537109375
-0.436074435710907,-0.015793174505233765,-0.6283320784568787,1.874481439590454,0.015343451872467995,1.1873234510421753,1.6729556322097778
-0.9627602696418762,2.098217487335205,-0.2700101137161255,1.309977650642395,0.026982609182596207,-0.3723088502883911,1.797746181488037
-0.479667067527771,1.0017094612121582,-0.3617182672023773,1.4357943534851074,0.023792628198862076,0.6824424862861633,2.313833713531494
-0.49827811121940613,0.7306998372077942,-0.6443377137184143,1.904725193977356,0.014886354096233845,0.9351800680160522,2.2854511737823486
1.3770145177841187,1.642870306968689,-1.9143757820129395,6.782703399658203,0.00011332072608638555,0.606258749961853,1.273585557937622
1.7223681211471558,2.8364758491516113,-1.8285932540893555,6.225123405456543,0.0001979079534066841,-0.3312995433807373,0.5658124089241028
0.6306536197662354,0.27209705114364624,-0.8622432351112366,2.3684678077697754,0.009362406097352505,1.2000561952590942,1.7347241640090942
0.4041185975074768,-0.39603662490844727,-0.22703127562999725,1.2548691034317017,0.02851131558418274,1.048084020614624,1.3097842931747437
-1.4985846281051636,1.3203649520874023,0.18782499432563782,0.8287597298622131,0.043659042567014694,0.3306978642940521,0.38209983706474304
0.28122150897979736,-0.44278454780578613,1.8379502296447754,0.15914329886436462,0.0852874144911766,0.9194764494895935,1.3717827796936035
0.11379320174455643,1.0136659145355225,-2.551541566848755,12.826862335205078,2.68759890786896e-07,1.811439037322998,2.87376070022583
0.9598602652549744,1.0288230180740356,0.83318030834198,0.4346647262573242,0.06474817544221878,0.5592939853668213,1.8561396598815918
-0.6662992238998413,0.044475287199020386,0.5043442845344543,0.6039014458656311,0.05466746538877487,1.059401273727417,1.5130054950714111
-0.7942506074905396,-0.1428716778755188,-0.1451735645532608,1.1562402248382568,0.03146670386195183,1.1054352521896362,1.0998660326004028
2.210421562194824,4.134438514709473,-0.7384796738624573,2.0927515029907227,0.012334727682173252,-0.3370332419872284,0.009248360991477966
0.8365525007247925,0.4930993914604187,1.210429072380066,0.2980693578720093,0.07422498613595963,0.910676896572113,1.7570804357528687
-0.2175368219614029,0.061641253530979156,-1.1066464185714722,3.0241994857788086,0.004859670531004667,1.300520658493042,1.8262836933135986
-0.6082549691200256,0.5651081800460815,0.15031470358371735,0.8604371547698975,0.042297713458538055,0.9305744171142578,2.0049502849578857
-0.250372976064682,0.4018593728542328,-1.3743791580200195,3.9526219367980957,0.0019204283598810434,1.3155975341796875,2.2861316204071045
0.7567193508148193,1.5503629446029663,-2.1260123252868652,8.381378173828125,2.290940028615296e-05,0.8585697412490845,2.889810800552368
-0.16719083487987518,-0.22125571966171265,-0.6358103156089783,1.8885518312454224,0.015129074454307556,1.164477825164795,1.6912370920181274
-0.12518839538097382,-0.5907033681869507,0.8993234634399414,0.406844824552536,0.06657474488019943,0.8712335824966431,1.2435609102249146
-1.4535123109817505,1.420436143875122,0.8682253956794739,0.4196956753730774,0.0657246857881546,0.19176383316516876,0.46167880296707153
-0.39774778485298157,0.3800256848335266,-0.44559502601623535,1.5614190101623535,0.020983809605240822,1.0847970247268677,2.1363306045532227
-0.6115826964378357,0.4185863733291626,2.080723524093628,0.12483985722064972,0.08826382458209991,0.9261484742164612,1.5196884870529175
0.6160196661949158,-0.20907551050186157,-1.0609960556030273,2.889247417449951,0.005561805330216885,1.2671480178833008,1.373561143875122
-0.12838514149188995,0.5605568289756775,-1.1755588054656982,3.23995304107666,0.003916573710739613,1.1709544658660889,2.4481208324432373
-0.19836856424808502,1.9784044027328491,-0.7241843342781067,2.0630476474761963,0.01270661223679781,-0.1901097595691681,2.834057569503784
-0.3196810483932495,1.109592318534851,1.6663023233413696,0.18894442915916443,0.08278325200080872,0.46392107009887695,2.305280923843384
0.3567430078983307,0.8723507523536682,0.7550094723701477,0.47000616788864136,0.062499839812517166,0.6900286674499512,2.4084997177124023
-0.5751026272773743,-0.9010258913040161,-0.5793952345848083,1.7849586009979248,0.016780400648713112,0.7993018627166748,0.4563623368740082
-0.8395786881446838,0.29107987880706787,0.8522352576255798,0.4264606237411499,0.06528155505657196,1.0005805492401123,1.2741570472717285
0.07185433804988861,-0.27949315309524536,-1.7863526344299316,5.967646598815918,0.00025602595997042954,1.557960033416748,1.9208256006240845
2.5689291954040527,6.8077921867370605,0.8089140057563782,0.44534143805503845,0.06406055390834808,0.9100550413131714,1.9695621728897095
0.3545607030391693,0.22898995876312256,-0.6284742951393127,1.8747481107711792,0.015339359641075134,1.1613709926605225,2.0028419494628906
-0.6149130463600159,-0.6218854188919067,0.24067442119121552,0.786097526550293,0.045561935752630234,0.8913912773132324,0.7998290657997131
0.5929622054100037,1.13232421875,0.437424898147583,0.6456969976425171,0.052429698407649994,0.4891263246536255,2.2266416549682617
0.5765906572341919,0.2989625334739685,-0.15769736468791962,1.1708117723464966,0.031011510640382767,1.0727237462997437,1.8330596685409546
0.7609289884567261,0.21170920133590698,-1.3537791967391968,3.8720309734344482,0.002081605140119791,1.3648762702941895,1.3584802150726318
-0.3887888491153717,0.85640549659729,-0.22818568348884583,1.2563185691833496,0.02847002074122429,0.7807891964912415,2.409075975418091
-2.944293260574341,9.10469913482666,2.025745153427124,0.1318955272436142,0.08764325082302094,-0.936021089553833,0.9481297731399536
-0.04143989831209183,-0.05382301285862923,-0.2413342148065567,1.2729463577270508,0.028000539168715477,1.1258465051651,1.8433772325515747
-0.5425719022750854,1.029969573020935,-0.8545875549316406,2.350404739379883,0.009533056989312172,0.7498854398727417,2.4630630016326904
0.6085545420646667,0.48359647393226624,0.1881200522184372,0.8285152316093445,0.043669719249010086,0.9681799411773682,1.9155277013778687
-0.5924966335296631,0.29893580079078674,-0.13183937966823578,1.1409250497817993,0.031952328979969025,1.0697429180145264,1.8146915435791016
1.0003857612609863,0.8692303895950317,-1.8070746660232544,6.0925984382629395,0.0002259530156152323,1.2546744346618652,2.0948922634124756
-0.8675506114959717,0.9575753211975098,-0.4153062403202057,1.5148345232009888,0.021984456107020378,0.7269880771636963,1.8108453750610352
